# terrain confirmation TIN (LOCAL coords, meters)
v 30.7245 85.3837 21.0000
v 31.0456 85.9800 21.0000
v 31.7956 87.6200 21.0000
v 32.9456 90.7500 21.0000
v 33.8356 93.6200 21.0000
v 36.0056 101.1600 21.0000
v 36.9456 103.5000 21.0000
v 38.2056 106.3900 21.0000
v 41.2656 113.2500 21.0000
v 43.2356 118.3900 21.0000
v 44.3790 122.1648 21.0000
v 83.3334 209.5017 21.0000
v 81.1837 211.6895 21.0000
v 80.2245 213.5612 21.0000
v 79.3415 215.9394 21.0000
v 79.9552 219.4680 21.0000
v 81.2063 221.1281 21.0000
v 81.3614 221.2767 21.0000
v 81.8543 221.7421 21.0000
v 82.4118 222.2636 21.0000
v 83.0310 222.8393 21.0000
v 83.7092 223.4678 21.0000
v 84.4434 224.1471 21.0000
v 85.2309 224.8757 21.0000
v 86.0681 225.6509 21.0000
v 86.9473 226.4657 21.0000
v 87.8604 227.3122 21.0000
v 88.7989 228.1825 21.0000
v 89.7545 229.0688 21.0000
v 90.7189 229.9631 21.0000
v 91.6838 230.8574 21.0000
v 92.6407 231.7439 21.0000
v 93.5815 232.6146 21.0000
v 94.4980 233.4614 21.0000
v 95.3825 234.2761 21.0000
v 96.2268 235.0504 21.0000
v 97.0232 235.7762 21.0000
v 97.7635 236.4453 21.0000
v 98.4400 237.0495 21.0000
v 99.0446 237.5806 21.0000
v 99.5724 238.0332 21.0000
v 100.0302 238.4129 21.0000
v 100.4280 238.7283 21.0000
v 100.7757 238.9877 21.0000
v 101.0830 239.1997 21.0000
v 101.3599 239.3727 21.0000
v 101.6163 239.5151 21.0000
v 101.8620 239.6355 21.0000
v 102.1051 239.7408 21.0000
v 102.3471 239.8324 21.0000
v 102.5873 239.9102 21.0000
v 102.8253 239.9741 21.0000
v 103.0608 240.0239 21.0000
v 103.2932 240.0597 21.0000
v 103.5221 240.0812 21.0000
v 103.7470 240.0884 21.0000
v 103.9686 240.0809 21.0000
v 104.1914 240.0574 21.0000
v 104.4212 240.0162 21.0000
v 104.6636 239.9558 21.0000
v 104.9243 239.8746 21.0000
v 105.2091 239.7709 21.0000
v 105.5236 239.6431 21.0000
v 105.8734 239.4896 21.0000
v 106.2625 239.3094 21.0000
v 106.6878 239.1040 21.0000
v 107.1443 238.8755 21.0000
v 107.6272 238.6260 21.0000
v 108.1314 238.3575 21.0000
v 108.6522 238.0721 21.0000
v 109.1846 237.7719 21.0000
v 109.7237 237.4591 21.0000
v 110.2659 237.1356 21.0000
v 110.8131 236.8039 21.0000
v 111.3684 236.4661 21.0000
v 111.9351 236.1247 21.0000
v 112.5163 235.7818 21.0000
v 113.1152 235.4398 21.0000
v 113.7349 235.1009 21.0000
v 114.3787 234.7676 21.0000
v 115.0482 234.4417 21.0000
v 115.7384 234.1239 21.0000
v 116.4428 233.8144 21.0000
v 117.1550 233.5136 21.0000
v 117.8685 233.2217 21.0000
v 118.5768 232.9391 21.0000
v 118.7517 232.8705 21.0000
v 299.0429 277.4569 21.0000
v 299.1299 277.7084 21.0000
v 299.2376 278.0213 21.0000
v 299.3433 278.3329 21.0000
v 299.4457 278.6416 21.0000
v 299.5441 278.9473 21.0000
v 299.6427 279.2550 21.0000
v 299.7465 279.5713 21.0000
v 299.8607 279.9027 21.0000
v 299.9904 280.2557 21.0000
v 300.1407 280.6368 21.0000
v 300.3167 281.0525 21.0000
v 300.5237 281.5094 21.0000
v 300.7643 282.0108 21.0000
v 301.0323 282.5472 21.0000
v 301.3191 283.1061 21.0000
v 301.6159 283.6750 21.0000
v 301.9141 284.2413 21.0000
v 302.2051 284.7924 21.0000
v 302.4803 285.3157 21.0000
v 302.7310 285.7987 21.0000
v 302.9514 286.2323 21.0000
v 303.1477 286.6214 21.0000
v 303.3288 286.9745 21.0000
v 303.5037 287.3001 21.0000
v 303.6814 287.6065 21.0000
v 303.8708 287.9023 21.0000
v 303.8909 287.9304 21.0000
v 341.0646 308.9344 21.0000
v 341.6250 309.1011 21.0000
v 342.1823 309.2630 21.0000
v 342.7035 309.4096 21.0000
v 343.1987 309.5432 21.0000
v 343.6780 309.6660 21.0000
v 344.1518 309.7805 21.0000
v 344.6302 309.8890 21.0000
v 345.1234 309.9938 21.0000
v 345.6417 310.0972 21.0000
v 346.1923 310.2008 21.0000
v 346.7712 310.3038 21.0000
v 347.3714 310.4043 21.0000
v 347.9860 310.5009 21.0000
v 348.6078 310.5917 21.0000
v 349.2300 310.6751 21.0000
v 349.8456 310.7495 21.0000
v 350.4475 310.8131 21.0000
v 351.0294 310.8650 21.0000
v 351.5869 310.9064 21.0000
v 352.1163 310.9394 21.0000
v 352.6138 310.9658 21.0000
v 353.0756 310.9875 21.0000
v 353.4980 311.0066 21.0000
v 353.8771 311.0250 21.0000
v 354.2093 311.0446 21.0000
v 354.4945 311.0667 21.0000
v 354.7478 311.0908 21.0000
v 354.9879 311.1156 21.0000
v 355.2336 311.1398 21.0000
v 355.5039 311.1623 21.0000
v 355.8174 311.1817 21.0000
v 356.1930 311.1969 21.0000
v 356.6494 311.2066 21.0000
v 357.1999 311.2103 21.0000
v 357.8347 311.2107 21.0000
v 358.5385 311.2110 21.0000
v 359.2960 311.2146 21.0000
v 360.0918 311.2248 21.0000
v 360.9106 311.2450 21.0000
v 361.7372 311.2784 21.0000
v 362.5560 311.3285 21.0000
v 363.3542 311.3976 21.0000
v 364.1277 311.4835 21.0000
v 364.8751 311.5835 21.0000
v 365.5946 311.6945 21.0000
v 366.2848 311.8135 21.0000
v 366.9439 311.9374 21.0000
v 367.5705 312.0634 21.0000
v 368.1628 312.1884 21.0000
v 368.7199 312.3099 21.0000
v 369.2435 312.4272 21.0000
v 369.7356 312.5399 21.0000
v 370.1986 312.6478 21.0000
v 370.6347 312.7507 21.0000
v 371.0460 312.8481 21.0000
v 371.4348 312.9400 21.0000
v 371.8033 313.0259 21.0000
v 372.1533 313.1058 21.0000
v 372.4849 313.1802 21.0000
v 372.7978 313.2497 21.0000
v 373.0917 313.3151 21.0000
v 373.3663 313.3769 21.0000
v 373.6213 313.4358 21.0000
v 373.8563 313.4926 21.0000
v 374.0710 313.5478 21.0000
v 374.2743 313.6067 21.0000
v 374.5115 313.6925 21.0000
v 374.8370 313.8330 21.0000
v 375.3052 314.0560 21.0000
v 375.4623 314.1347 21.0000
v 11.0573 94.6653 16.0000
v 11.5256 95.1800 16.0000
v 13.5156 97.4300 16.0000
v 13.7056 98.1800 16.0000
v 13.6256 103.7600 16.0000
v 14.0856 106.8900 16.0000
v 14.6956 108.4900 16.0000
v 16.0756 110.0900 16.0000
v 20.8856 113.6100 16.0000
v 23.1756 115.7400 16.0000
v 24.0156 117.2700 16.0000
v 25.9256 122.1600 16.0000
v 26.3856 124.5000 16.0000
v 26.1556 126.5600 16.0000
v 25.1656 129.3900 16.0000
v 24.0156 131.9900 16.0000
v 23.9456 133.1300 16.0000
v 24.0156 134.6600 16.0000
v 26.5456 140.9200 16.0000
v 32.4256 153.7500 16.0000
v 39.2356 164.5800 16.0000
v 43.9756 172.0600 16.0000
v 44.8956 174.9600 16.0000
v 45.3456 178.3200 16.0000
v 45.8056 180.3100 16.0000
v 46.5756 181.9100 16.0000
v 47.8756 183.2100 16.0000
v 50.0856 185.3500 16.0000
v 52.3756 187.3300 16.0000
v 54.0656 189.1600 16.0000
v 56.1956 192.0600 16.0000
v 57.0056 193.7500 16.0000
v 58.0256 195.9400 16.0000
v 59.5656 198.6500 16.0000
v 61.9056 202.3000 16.0000
v 64.7656 206.1800 16.0000
v 66.8056 209.0300 16.0000
v 67.6039 210.0678 16.0000
v 69.0820 212.2626 16.0000
v 70.3104 214.9860 16.0000
v 71.9228 218.0930 16.0000
v 73.5567 220.8427 16.0000
v 73.8103 221.1416 16.0000
v 74.4202 221.8217 16.0000
v 75.0728 222.5154 16.0000
v 75.7732 223.2310 16.0000
v 76.5266 223.9767 16.0000
v 77.3382 224.7611 16.0000
v 78.2130 225.5923 16.0000
v 79.1563 226.4787 16.0000
v 80.1732 227.4287 16.0000
v 81.2651 228.4462 16.0000
v 82.4184 229.5179 16.0000
v 83.6158 230.6260 16.0000
v 84.8398 231.7530 16.0000
v 86.0732 232.8810 16.0000
v 87.2985 233.9925 16.0000
v 88.4985 235.0696 16.0000
v 89.6557 236.0948 16.0000
v 90.7558 237.0535 16.0000
v 91.7967 237.9448 16.0000
v 92.7793 238.7706 16.0000
v 93.7043 239.5332 16.0000
v 94.5727 240.2347 16.0000
v 95.3854 240.8772 16.0000
v 96.1431 241.4628 16.0000
v 96.8468 241.9938 16.0000
v 97.4975 242.4724 16.0000
v 98.0971 242.9017 16.0000
v 98.6474 243.2847 16.0000
v 99.1505 243.6249 16.0000
v 99.6083 243.9252 16.0000
v 100.0228 244.1889 16.0000
v 100.3960 244.4192 16.0000
v 100.7298 244.6194 16.0000
v 101.0268 244.7924 16.0000
v 101.2917 244.9409 16.0000
v 101.5296 245.0676 16.0000
v 101.7457 245.1748 16.0000
v 101.9453 245.2653 16.0000
v 102.1336 245.3415 16.0000
v 102.3158 245.4060 16.0000
v 102.4970 245.4614 16.0000
v 102.6819 245.5098 16.0000
v 102.8723 245.5524 16.0000
v 103.0694 245.5897 16.0000
v 103.2744 245.6224 16.0000
v 103.4884 245.6513 16.0000
v 103.7127 245.6770 16.0000
v 103.9485 245.7002 16.0000
v 104.1969 245.7216 16.0000
v 104.4590 245.7418 16.0000
v 104.7350 245.7609 16.0000
v 105.0253 245.7792 16.0000
v 105.3299 245.7968 16.0000
v 105.6490 245.8138 16.0000
v 105.9827 245.8304 16.0000
v 106.3312 245.8467 16.0000
v 106.6948 245.8628 16.0000
v 107.0726 245.8789 16.0000
v 107.4607 245.8946 16.0000
v 107.8541 245.9098 16.0000
v 108.2478 245.9242 16.0000
v 108.6369 245.9374 16.0000
v 109.0166 245.9493 16.0000
v 109.3819 245.9594 16.0000
v 109.7278 245.9677 16.0000
v 110.0507 245.9734 16.0000
v 110.3518 245.9751 16.0000
v 110.6334 245.9710 16.0000
v 110.8982 245.9593 16.0000
v 111.1484 245.9382 16.0000
v 111.3867 245.9058 16.0000
v 111.6153 245.8605 16.0000
v 111.8367 245.8004 16.0000
v 112.0535 245.7241 16.0000
v 112.2680 245.6322 16.0000
v 112.4826 245.5254 16.0000
v 112.6998 245.4046 16.0000
v 112.9220 245.2707 16.0000
v 113.1516 245.1245 16.0000
v 113.3911 244.9670 16.0000
v 113.6428 244.7990 16.0000
v 113.9083 244.6216 16.0000
v 114.1856 244.4375 16.0000
v 114.4718 244.2495 16.0000
v 114.7640 244.0604 16.0000
v 115.0591 243.8731 16.0000
v 115.3544 243.6904 16.0000
v 115.6468 243.5152 16.0000
v 115.9335 243.3505 16.0000
v 116.2123 243.1983 16.0000
v 116.4833 243.0586 16.0000
v 116.7475 242.9306 16.0000
v 117.0060 242.8135 16.0000
v 117.2597 242.7066 16.0000
v 117.5095 242.6090 16.0000
v 117.7563 242.5202 16.0000
v 118.0012 242.4392 16.0000
v 118.2450 242.3654 16.0000
v 118.4884 242.2985 16.0000
v 118.7321 242.2382 16.0000
v 118.9767 242.1843 16.0000
v 119.2228 242.1364 16.0000
v 119.4711 242.0944 16.0000
v 119.7221 242.0580 16.0000
v 119.9766 242.0270 16.0000
v 120.2347 242.0011 16.0000
v 120.4949 241.9809 16.0000
v 120.7550 241.9667 16.0000
v 121.0132 241.9592 16.0000
v 121.2672 241.9587 16.0000
v 121.5152 241.9659 16.0000
v 121.7550 241.9813 16.0000
v 121.9846 242.0053 16.0000
v 122.2025 242.0383 16.0000
v 122.4090 242.0804 16.0000
v 122.6049 242.1313 16.0000
v 122.7912 242.1910 16.0000
v 122.9685 242.2594 16.0000
v 123.1377 242.3363 16.0000
v 123.2997 242.4216 16.0000
v 123.4553 242.5151 16.0000
v 123.6051 242.6167 16.0000
v 123.7492 242.7256 16.0000
v 123.8874 242.8409 16.0000
v 124.0197 242.9620 16.0000
v 124.1458 243.0878 16.0000
v 124.2658 243.2177 16.0000
v 124.3793 243.3507 16.0000
v 124.4864 243.4861 16.0000
v 124.5874 243.6234 16.0000
v 124.6844 243.7642 16.0000
v 124.7804 243.9102 16.0000
v 124.8780 244.0633 16.0000
v 124.9799 244.2255 16.0000
v 125.0890 244.3985 16.0000
v 125.2079 244.5843 16.0000
v 125.3395 244.7847 16.0000
v 125.4853 245.0005 16.0000
v 125.6424 245.2276 16.0000
v 125.8068 245.4610 16.0000
v 125.9745 245.6957 16.0000
v 126.1415 245.9265 16.0000
v 126.3037 246.1483 16.0000
v 126.4572 246.3560 16.0000
v 126.5978 246.5446 16.0000
v 126.7226 246.7104 16.0000
v 126.8331 246.8548 16.0000
v 126.9317 246.9808 16.0000
v 127.0208 247.0914 16.0000
v 127.1030 247.1894 16.0000
v 127.1807 247.2778 16.0000
v 127.2563 247.3596 16.0000
v 127.3324 247.4376 16.0000
v 127.4114 247.5142 16.0000
v 127.4953 247.5896 16.0000
v 127.5865 247.6635 16.0000
v 127.6870 247.7355 16.0000
v 127.7989 247.8053 16.0000
v 127.9245 247.8725 16.0000
v 128.0658 247.9368 16.0000
v 128.2249 247.9977 16.0000
v 128.4038 248.0551 16.0000
v 128.6035 248.1091 16.0000
v 128.8247 248.1598 16.0000
v 129.0682 248.2075 16.0000
v 129.3347 248.2524 16.0000
v 129.6251 248.2947 16.0000
v 129.9400 248.3346 16.0000
v 130.2803 248.3723 16.0000
v 130.6463 248.4080 16.0000
v 131.0368 248.4421 16.0000
v 131.4504 248.4748 16.0000
v 131.8855 248.5066 16.0000
v 132.3405 248.5376 16.0000
v 132.8140 248.5683 16.0000
v 133.3044 248.5990 16.0000
v 133.8102 248.6299 16.0000
v 134.3302 248.6616 16.0000
v 134.8640 248.6952 16.0000
v 135.4117 248.7317 16.0000
v 135.9733 248.7724 16.0000
v 136.5488 248.8185 16.0000
v 137.1383 248.8712 16.0000
v 137.7418 248.9316 16.0000
v 138.3593 249.0010 16.0000
v 138.9905 249.0801 16.0000
v 139.6343 249.1676 16.0000
v 140.2893 249.2620 16.0000
v 140.9541 249.3615 16.0000
v 141.6273 249.4646 16.0000
v 142.3074 249.5694 16.0000
v 142.9931 249.6744 16.0000
v 143.6829 249.7779 16.0000
v 144.3753 249.8789 16.0000
v 145.0682 249.9788 16.0000
v 145.7591 250.0797 16.0000
v 146.4459 250.1836 16.0000
v 147.1263 250.2927 16.0000
v 147.7979 250.4091 16.0000
v 148.4584 250.5348 16.0000
v 149.1056 250.6719 16.0000
v 149.7382 250.8221 16.0000
v 150.3595 250.9857 16.0000
v 150.9737 251.1628 16.0000
v 151.5853 251.3533 16.0000
v 152.1984 251.5571 16.0000
v 152.8175 251.7742 16.0000
v 153.4468 252.0045 16.0000
v 154.0907 252.2481 16.0000
v 154.7519 252.5040 16.0000
v 155.4269 252.7679 16.0000
v 156.1108 253.0346 16.0000
v 156.7986 253.2991 16.0000
v 157.4852 253.5560 16.0000
v 158.1657 253.8002 16.0000
v 158.8351 254.0266 16.0000
v 159.4883 254.2300 16.0000
v 160.1210 254.4065 16.0000
v 160.7307 254.5568 16.0000
v 161.3158 254.6832 16.0000
v 161.8745 254.7876 16.0000
v 162.4050 254.8723 16.0000
v 162.9056 254.9393 16.0000
v 163.3745 254.9906 16.0000
v 163.8100 255.0285 16.0000
v 164.2110 255.0548 16.0000
v 164.5795 255.0706 16.0000
v 164.9183 255.0770 16.0000
v 165.2302 255.0750 16.0000
v 165.5178 255.0656 16.0000
v 165.7840 255.0497 16.0000
v 166.0315 255.0284 16.0000
v 166.2630 255.0027 16.0000
v 166.4809 254.9732 16.0000
v 166.6857 254.9398 16.0000
v 166.8777 254.9020 16.0000
v 167.0570 254.8593 16.0000
v 167.2238 254.8112 16.0000
v 167.3783 254.7574 16.0000
v 167.5207 254.6972 16.0000
v 167.6511 254.6302 16.0000
v 167.7702 254.5558 16.0000
v 167.8804 254.4724 16.0000
v 167.9844 254.3784 16.0000
v 168.0851 254.2721 16.0000
v 168.1854 254.1517 16.0000
v 168.2879 254.0157 16.0000
v 168.3956 253.8624 16.0000
v 168.5113 253.6900 16.0000
v 168.6368 253.4979 16.0000
v 168.7702 253.2900 16.0000
v 168.9089 253.0710 16.0000
v 169.0501 252.8458 16.0000
v 169.1908 252.6192 16.0000
v 169.2836 252.4688 16.0000
v 172.7233 252.8628 16.0000
v 172.7864 252.9421 16.0000
v 172.9006 253.0943 16.0000
v 173.0189 253.2589 16.0000
v 173.1409 253.4333 16.0000
v 173.2660 253.6151 16.0000
v 173.3939 253.8017 16.0000
v 173.5242 253.9907 16.0000
v 173.6563 254.1795 16.0000
v 173.7899 254.3656 16.0000
v 173.9248 254.5470 16.0000
v 174.0611 254.7236 16.0000
v 174.1995 254.8959 16.0000
v 174.3405 255.0643 16.0000
v 174.4846 255.2291 16.0000
v 174.6323 255.3909 16.0000
v 174.7841 255.5500 16.0000
v 174.9404 255.7069 16.0000
v 175.1025 255.8622 16.0000
v 175.2735 256.0177 16.0000
v 175.4573 256.1754 16.0000
v 175.6577 256.3373 16.0000
v 175.8785 256.5053 16.0000
v 176.1236 256.6815 16.0000
v 176.3967 256.8679 16.0000
v 176.7018 257.0665 16.0000
v 177.0407 257.2784 16.0000
v 177.4081 257.5005 16.0000
v 177.7968 257.7291 16.0000
v 178.1997 257.9604 16.0000
v 178.6095 258.1904 16.0000
v 179.0190 258.4153 16.0000
v 179.4211 258.6313 16.0000
v 179.8085 258.8345 16.0000
v 180.1779 259.0220 16.0000
v 180.5417 259.1943 16.0000
v 180.9160 259.3531 16.0000
v 181.3171 259.4999 16.0000
v 181.7612 259.6362 16.0000
v 182.2644 259.7635 16.0000
v 182.8430 259.8835 16.0000
v 183.5132 259.9977 16.0000
v 184.2837 260.1071 16.0000
v 185.1336 260.2113 16.0000
v 186.0343 260.3094 16.0000
v 186.9573 260.4003 16.0000
v 187.8743 260.4831 16.0000
v 188.7566 260.5570 16.0000
v 189.5759 260.6209 16.0000
v 190.3036 260.6739 16.0000
v 190.9187 260.7155 16.0000
v 191.4295 260.7463 16.0000
v 191.8515 260.7675 16.0000
v 192.2005 260.7801 16.0000
v 192.4921 260.7852 16.0000
v 192.7419 260.7839 16.0000
v 192.9657 260.7774 16.0000
v 193.1790 260.7666 16.0000
v 193.3947 260.7526 16.0000
v 193.6143 260.7359 16.0000
v 193.8361 260.7172 16.0000
v 194.0589 260.6969 16.0000
v 194.2812 260.6755 16.0000
v 194.5015 260.6537 16.0000
v 194.7184 260.6318 16.0000
v 194.9304 260.6105 16.0000
v 195.1371 260.5901 16.0000
v 195.3413 260.5706 16.0000
v 195.5468 260.5519 16.0000
v 195.7574 260.5338 16.0000
v 195.9768 260.5163 16.0000
v 196.2090 260.4992 16.0000
v 196.4576 260.4823 16.0000
v 196.7265 260.4655 16.0000
v 197.0183 260.4489 16.0000
v 197.3310 260.4324 16.0000
v 197.6615 260.4165 16.0000
v 198.0066 260.4014 16.0000
v 198.3632 260.3874 16.0000
v 198.7282 260.3746 16.0000
v 199.0985 260.3634 16.0000
v 199.4708 260.3540 16.0000
v 199.8432 260.3468 16.0000
v 200.2184 260.3420 16.0000
v 200.6001 260.3401 16.0000
v 200.9921 260.3415 16.0000
v 201.3983 260.3465 16.0000
v 201.8223 260.3556 16.0000
v 202.2681 260.3691 16.0000
v 202.7394 260.3875 16.0000
v 203.2382 260.4109 16.0000
v 203.7596 260.4392 16.0000
v 204.2969 260.4720 16.0000
v 204.8436 260.5087 16.0000
v 205.3928 260.5492 16.0000
v 205.9380 260.5929 16.0000
v 206.4725 260.6395 16.0000
v 206.9896 260.6885 16.0000
v 207.4844 260.7399 16.0000
v 207.9588 260.7946 16.0000
v 208.4164 260.8538 16.0000
v 208.8610 260.9185 16.0000
v 209.2961 260.9900 16.0000
v 209.7255 261.0695 16.0000
v 210.1528 261.1582 16.0000
v 210.5817 261.2572 16.0000
v 211.0152 261.3675 16.0000
v 211.4538 261.4892 16.0000
v 211.8973 261.6225 16.0000
v 212.3457 261.7673 16.0000
v 212.7988 261.9236 16.0000
v 213.2565 262.0913 16.0000
v 213.7186 262.2706 16.0000
v 214.1850 262.4614 16.0000
v 214.6554 262.6635 16.0000
v 215.1285 262.8762 16.0000
v 215.6029 263.0985 16.0000
v 216.0772 263.3297 16.0000
v 216.5500 263.5686 16.0000
v 217.0197 263.8145 16.0000
v 217.4850 264.0664 16.0000
v 217.9444 264.3234 16.0000
v 218.3969 264.5849 16.0000
v 218.8430 264.8516 16.0000
v 219.2838 265.1245 16.0000
v 219.7202 265.4047 16.0000
v 220.1531 265.6932 16.0000
v 220.5837 265.9910 16.0000
v 221.0127 266.2992 16.0000
v 221.4413 266.6187 16.0000
v 221.8702 266.9499 16.0000
v 222.2992 267.2903 16.0000
v 222.7281 267.6369 16.0000
v 223.1565 267.9865 16.0000
v 223.5841 268.3358 16.0000
v 224.0107 268.6819 16.0000
v 224.4358 269.0215 16.0000
v 224.8592 269.3514 16.0000
v 225.2814 269.6693 16.0000
v 225.7067 269.9745 16.0000
v 226.1401 270.2674 16.0000
v 226.5866 270.5482 16.0000
v 227.0514 270.8170 16.0000
v 227.5394 271.0741 16.0000
v 228.0559 271.3196 16.0000
v 228.6058 271.5537 16.0000
v 229.1924 271.7767 16.0000
v 229.8121 271.9885 16.0000
v 230.4595 272.1891 16.0000
v 231.1292 272.3785 16.0000
v 231.8156 272.5567 16.0000
v 232.5135 272.7237 16.0000
v 233.2173 272.8794 16.0000
v 233.9216 273.0240 16.0000
v 234.6222 273.1575 16.0000
v 235.3191 273.2810 16.0000
v 236.0136 273.3958 16.0000
v 236.7069 273.5032 16.0000
v 237.4001 273.6044 16.0000
v 238.0946 273.7008 16.0000
v 238.7915 273.7935 16.0000
v 239.4922 273.8840 16.0000
v 240.1969 273.9731 16.0000
v 240.9031 274.0611 16.0000
v 241.6076 274.1480 16.0000
v 242.3068 274.2336 16.0000
v 242.9976 274.3178 16.0000
v 243.6764 274.4006 16.0000
v 244.3399 274.4820 16.0000
v 244.9849 274.5618 16.0000
v 245.6080 274.6400 16.0000
v 246.2064 274.7168 16.0000
v 246.7776 274.7922 16.0000
v 247.3188 274.8664 16.0000
v 247.8274 274.9395 16.0000
v 248.3008 275.0117 16.0000
v 248.7362 275.0831 16.0000
v 249.1310 275.1538 16.0000
v 249.4865 275.2250 16.0000
v 249.8188 275.3015 16.0000
v 250.1483 275.3892 16.0000
v 250.4952 275.4942 16.0000
v 250.8796 275.6221 16.0000
v 251.3217 275.7791 16.0000
v 251.8418 275.9708 16.0000
v 252.4600 276.2034 16.0000
v 253.1900 276.4808 16.0000
v 254.0200 276.8007 16.0000
v 254.9316 277.1586 16.0000
v 255.9064 277.5505 16.0000
v 256.9260 277.9719 16.0000
v 257.9721 278.4187 16.0000
v 259.0263 278.8866 16.0000
v 260.0702 279.3714 16.0000
v 261.0888 279.8687 16.0000
v 262.0807 280.3748 16.0000
v 263.0474 280.8856 16.0000
v 263.9908 281.3973 16.0000
v 264.9127 281.9059 16.0000
v 265.8149 282.4076 16.0000
v 266.6991 282.8985 16.0000
v 267.5671 283.3745 16.0000
v 268.4205 283.8327 16.0000
v 269.2600 284.2732 16.0000
v 270.0863 284.6969 16.0000
v 270.8998 285.1047 16.0000
v 271.7011 285.4977 16.0000
v 272.4909 285.8767 16.0000
v 273.2696 286.2427 16.0000
v 274.0378 286.5967 16.0000
v 274.7952 286.9390 16.0000
v 275.5380 287.2676 16.0000
v 276.2613 287.5799 16.0000
v 276.9606 287.8735 16.0000
v 277.6311 288.1458 16.0000
v 278.2680 288.3941 16.0000
v 278.8666 288.6160 16.0000
v 279.4223 288.8089 16.0000
v 279.9316 288.9711 16.0000
v 280.3972 289.1048 16.0000
v 280.8230 289.2129 16.0000
v 281.2129 289.2985 16.0000
v 281.5710 289.3646 16.0000
v 281.9012 289.4141 16.0000
v 282.2074 289.4502 16.0000
v 282.4936 289.4758 16.0000
v 282.7636 289.4934 16.0000
v 283.0202 289.5036 16.0000
v 283.2660 289.5065 16.0000
v 283.5036 289.5021 16.0000
v 283.7356 289.4905 16.0000
v 283.9646 289.4718 16.0000
v 284.1931 289.4460 16.0000
v 284.4239 289.4132 16.0000
v 284.6590 289.3735 16.0000
v 284.8989 289.3272 16.0000
v 285.1434 289.2746 16.0000
v 285.3926 289.2161 16.0000
v 285.6463 289.1520 16.0000
v 285.9044 289.0826 16.0000
v 286.1670 289.0083 16.0000
v 286.4339 288.9294 16.0000
v 286.7050 288.8463 16.0000
v 286.9798 288.7597 16.0000
v 287.2578 288.6702 16.0000
v 287.5385 288.5787 16.0000
v 287.8213 288.4859 16.0000
v 288.1058 288.3924 16.0000
v 288.3913 288.2991 16.0000
v 288.6773 288.2067 16.0000
v 288.9631 288.1157 16.0000
v 289.2472 288.0266 16.0000
v 289.5279 287.9395 16.0000
v 289.8033 287.8545 16.0000
v 290.0718 287.7720 16.0000
v 290.3316 287.6921 16.0000
v 290.5810 287.6149 16.0000
v 290.8183 287.5408 16.0000
v 291.0422 287.4708 16.0000
v 291.2537 287.4096 16.0000
v 291.4542 287.3630 16.0000
v 291.6453 287.3366 16.0000
v 291.8284 287.3361 16.0000
v 292.0049 287.3671 16.0000
v 292.1764 287.4354 16.0000
v 292.3442 287.5465 16.0000
v 292.5095 287.7040 16.0000
v 292.6715 287.9025 16.0000
v 292.8292 288.1344 16.0000
v 292.9813 288.3923 16.0000
v 293.1267 288.6687 16.0000
v 293.2643 288.9558 16.0000
v 293.3929 289.2464 16.0000
v 293.5115 289.5327 16.0000
v 293.6192 289.8085 16.0000
v 293.7164 290.0727 16.0000
v 293.8039 290.3253 16.0000
v 293.8823 290.5663 16.0000
v 293.9525 290.7959 16.0000
v 294.0152 291.0140 16.0000
v 294.0710 291.2209 16.0000
v 294.1208 291.4164 16.0000
v 294.1652 291.6013 16.0000
v 294.2055 291.7779 16.0000
v 294.2425 291.9493 16.0000
v 294.2773 292.1186 16.0000
v 294.3112 292.2886 16.0000
v 294.3450 292.4624 16.0000
v 294.3798 292.6431 16.0000
v 294.4169 292.8335 16.0000
v 294.4569 293.0358 16.0000
v 294.5002 293.2480 16.0000
v 294.5469 293.4672 16.0000
v 294.5969 293.6907 16.0000
v 294.6505 293.9155 16.0000
v 294.7075 294.1388 16.0000
v 294.7682 294.3577 16.0000
v 294.8325 294.5693 16.0000
v 294.9005 294.7714 16.0000
v 294.9721 294.9647 16.0000
v 295.0470 295.1504 16.0000
v 295.1250 295.3297 16.0000
v 295.2060 295.5040 16.0000
v 295.2897 295.6745 16.0000
v 295.3760 295.8424 16.0000
v 295.4646 296.0091 16.0000
v 295.5552 296.1754 16.0000
v 295.6473 296.3403 16.0000
v 295.7402 296.5028 16.0000
v 295.8332 296.6614 16.0000
v 295.9257 296.8150 16.0000
v 296.0170 296.9623 16.0000
v 296.1065 297.1019 16.0000
v 296.1934 297.2327 16.0000
v 296.2778 297.3539 16.0000
v 296.3628 297.4673 16.0000
v 296.4521 297.5752 16.0000
v 296.5495 297.6798 16.0000
v 296.6587 297.7835 16.0000
v 296.7835 297.8886 16.0000
v 296.9276 297.9974 16.0000
v 297.0949 298.1122 16.0000
v 297.2876 298.2349 16.0000
v 297.5025 298.3660 16.0000
v 297.7350 298.5059 16.0000
v 297.9804 298.6546 16.0000
v 298.2341 298.8125 16.0000
v 298.4914 298.9795 16.0000
v 298.7477 299.1561 16.0000
v 298.9984 299.3423 16.0000
v 299.2407 299.5386 16.0000
v 299.4805 299.7466 16.0000
v 299.7253 299.9681 16.0000
v 299.9829 300.2050 16.0000
v 300.2610 300.4591 16.0000
v 300.5672 300.7322 16.0000
v 300.9093 301.0262 16.0000
v 301.2949 301.3429 16.0000
v 301.7300 301.6833 16.0000
v 302.2133 302.0457 16.0000
v 302.7419 302.4273 16.0000
v 303.3127 302.8254 16.0000
v 303.9228 303.2374 16.0000
v 304.5690 303.6605 16.0000
v 305.2485 304.0923 16.0000
v 305.9583 304.5299 16.0000
v 306.6948 304.9709 16.0000
v 307.4531 305.4137 16.0000
v 308.2276 305.8571 16.0000
v 309.0128 306.2997 16.0000
v 309.8032 306.7402 16.0000
v 310.5934 307.1771 16.0000
v 311.3777 307.6092 16.0000
v 312.1508 308.0352 16.0000
v 312.9082 308.4540 16.0000
v 313.6497 308.8663 16.0000
v 314.3763 309.2731 16.0000
v 315.0889 309.6752 16.0000
v 315.7884 310.0738 16.0000
v 316.4758 310.4697 16.0000
v 317.1521 310.8640 16.0000
v 317.8180 311.2576 16.0000
v 318.4756 311.6513 16.0000
v 319.1309 312.0452 16.0000
v 319.7908 312.4394 16.0000
v 320.4625 312.8338 16.0000
v 321.1529 313.2283 16.0000
v 321.8690 313.6230 16.0000
v 321.9300 313.6552 16.0000
v 34.9628 83.1489 23.0000
v 35.0556 83.2600 23.0000
v 35.9856 84.6300 23.0000
v 36.6256 85.1800 23.0000
v 39.5356 87.3700 23.0000
v 41.1556 88.9900 23.0000
v 43.4856 91.5300 23.0000
v 44.1956 92.7000 23.0000
v 44.5256 93.8900 23.0000
v 44.7156 94.8500 23.0000
v 46.5756 102.9000 23.0000
v 47.3556 104.9200 23.0000
v 49.5666 112.4705 23.0000
v 90.5189 211.9320 23.0000
v 89.3775 214.8133 23.0000
v 87.7833 218.0631 23.0000
v 87.3113 219.1268 23.0000
v 87.1751 219.4094 23.0000
v 87.0583 219.6822 23.0000
v 86.9562 219.9487 23.0000
v 86.8648 220.2116 23.0000
v 86.7839 220.4710 23.0000
v 86.7138 220.7259 23.0000
v 86.6550 220.9758 23.0000
v 86.6081 221.2197 23.0000
v 86.5734 221.4570 23.0000
v 86.5515 221.6868 23.0000
v 86.5429 221.9084 23.0000
v 86.5487 222.1224 23.0000
v 86.5734 222.3351 23.0000
v 86.6223 222.5538 23.0000
v 86.7005 222.7864 23.0000
v 86.8132 223.0402 23.0000
v 86.9656 223.3229 23.0000
v 87.1629 223.6420 23.0000
v 87.4104 224.0051 23.0000
v 87.7124 224.4182 23.0000
v 88.0699 224.8809 23.0000
v 88.4832 225.3915 23.0000
v 88.9525 225.9479 23.0000
v 89.4780 226.5483 23.0000
v 90.0598 227.1908 23.0000
v 90.6983 227.8735 23.0000
v 91.3936 228.5944 23.0000
v 92.1435 229.3501 23.0000
v 92.9364 230.1303 23.0000
v 93.7581 230.9230 23.0000
v 94.5945 231.7165 23.0000
v 95.4315 232.4988 23.0000
v 96.2552 233.2580 23.0000
v 97.0512 233.9822 23.0000
v 97.8056 234.6595 23.0000
v 98.5068 235.2802 23.0000
v 99.1533 235.8429 23.0000
v 99.7461 236.3486 23.0000
v 100.2864 236.7980 23.0000
v 100.7751 237.1919 23.0000
v 101.2134 237.5312 23.0000
v 101.6022 237.8168 23.0000
v 101.9426 238.0494 23.0000
v 102.2366 238.2308 23.0000
v 102.4892 238.3657 23.0000
v 102.7065 238.4597 23.0000
v 102.8943 238.5186 23.0000
v 103.0588 238.5480 23.0000
v 103.2057 238.5534 23.0000
v 103.3413 238.5406 23.0000
v 103.4713 238.5151 23.0000
v 103.6009 238.4817 23.0000
v 103.7312 238.4414 23.0000
v 103.8627 238.3941 23.0000
v 103.9955 238.3399 23.0000
v 104.1300 238.2789 23.0000
v 104.2665 238.2110 23.0000
v 104.4053 238.1363 23.0000
v 104.5467 238.0548 23.0000
v 104.6908 237.9667 23.0000
v 104.8372 237.8723 23.0000
v 104.9851 237.7721 23.0000
v 105.1339 237.6666 23.0000
v 105.2830 237.5562 23.0000
v 105.4316 237.4416 23.0000
v 105.5792 237.3230 23.0000
v 105.7250 237.2011 23.0000
v 105.8695 237.0754 23.0000
v 106.0173 236.9417 23.0000
v 106.1743 236.7951 23.0000
v 106.3462 236.6303 23.0000
v 106.5387 236.4424 23.0000
v 106.7578 236.2264 23.0000
v 107.0090 235.9770 23.0000
v 107.2983 235.6894 23.0000
v 107.6294 235.3603 23.0000
v 107.9979 234.9942 23.0000
v 108.3978 234.5975 23.0000
v 108.8227 234.1766 23.0000
v 109.2664 233.7377 23.0000
v 109.7227 233.2874 23.0000
v 110.1852 232.8319 23.0000
v 110.6477 232.3776 23.0000
v 111.1066 231.9296 23.0000
v 111.5683 231.4875 23.0000
v 112.0416 231.0496 23.0000
v 112.5357 230.6144 23.0000
v 113.0595 230.1800 23.0000
v 113.6218 229.7449 23.0000
v 114.2318 229.3073 23.0000
v 114.8984 228.8656 23.0000
v 115.6268 228.4194 23.0000
v 116.2735 228.0504 23.0000
v 367.9401 307.3042 23.0000
v 368.2705 307.3952 23.0000
v 369.0874 307.6277 23.0000
v 369.8503 307.8509 23.0000
v 370.5427 308.0584 23.0000
v 371.1525 308.2450 23.0000
v 371.6837 308.4109 23.0000
v 372.1449 308.5577 23.0000
v 372.5442 308.6869 23.0000
v 372.8900 308.8000 23.0000
v 373.1907 308.8986 23.0000
v 373.4545 308.9841 23.0000
v 373.6899 309.0582 23.0000
v 373.9044 309.1223 23.0000
v 374.1021 309.1780 23.0000
v 374.2867 309.2268 23.0000
v 374.4615 309.2701 23.0000
v 374.6299 309.3096 23.0000
v 374.7956 309.3466 23.0000
v 374.9618 309.3828 23.0000
v 375.1321 309.4196 23.0000
v 375.3096 309.4585 23.0000
v 375.4955 309.5004 23.0000
v 375.6909 309.5463 23.0000
v 375.8968 309.5971 23.0000
v 376.0255 309.6306 23.0000
v 36.8267 82.1280 24.0000
v 38.0856 84.5200 24.0000
v 38.7556 85.3600 24.0000
v 39.7356 86.1800 24.0000
v 43.2856 89.0800 24.0000
v 44.5056 90.4200 24.0000
v 45.5656 92.0000 24.0000
v 47.4456 95.0400 24.0000
v 49.8956 99.5500 24.0000
v 51.0256 102.0200 24.0000
v 52.0856 104.7400 24.0000
v 53.4353 108.6111 24.0000
v 96.4513 214.2583 24.0000
v 95.3429 214.6272 24.0000
v 94.9538 214.8006 24.0000
v 94.5523 214.9966 24.0000
v 94.1404 215.2169 24.0000
v 93.7202 215.4622 24.0000
v 93.2953 215.7292 24.0000
v 92.8694 216.0137 24.0000
v 92.4462 216.3116 24.0000
v 92.0295 216.6187 24.0000
v 91.6230 216.9309 24.0000
v 91.2304 217.2439 24.0000
v 90.8556 217.5535 24.0000
v 90.5019 217.8566 24.0000
v 90.1710 218.1528 24.0000
v 89.8646 218.4429 24.0000
v 89.5840 218.7277 24.0000
v 89.3306 219.0077 24.0000
v 89.1060 219.2837 24.0000
v 88.9116 219.5563 24.0000
v 88.7489 219.8263 24.0000
v 88.6187 220.0944 24.0000
v 88.5198 220.3615 24.0000
v 88.4505 220.6286 24.0000
v 88.4089 220.8966 24.0000
v 88.3933 221.1665 24.0000
v 88.4018 221.4392 24.0000
v 88.4327 221.7157 24.0000
v 88.4842 221.9969 24.0000
v 88.5550 222.2837 24.0000
v 88.6453 222.5758 24.0000
v 88.7560 222.8730 24.0000
v 88.8879 223.1750 24.0000
v 89.0418 223.4813 24.0000
v 89.2184 223.7917 24.0000
v 89.4185 224.1058 24.0000
v 89.6430 224.4234 24.0000
v 89.8938 224.7459 24.0000
v 90.1781 225.0824 24.0000
v 90.5042 225.4437 24.0000
v 90.8805 225.8406 24.0000
v 91.3154 226.2841 24.0000
v 91.8171 226.7849 24.0000
v 92.3940 227.3540 24.0000
v 93.0545 228.0021 24.0000
v 93.8016 228.7346 24.0000
v 94.6161 229.5342 24.0000
v 95.4739 230.3779 24.0000
v 96.3505 231.2428 24.0000
v 97.2215 232.1061 24.0000
v 98.0626 232.9448 24.0000
v 98.8493 233.7361 24.0000
v 99.5574 234.4570 24.0000
v 100.1682 235.0897 24.0000
v 100.6869 235.6362 24.0000
v 101.1242 236.1036 24.0000
v 101.4911 236.4990 24.0000
v 101.7984 236.8295 24.0000
v 102.0570 237.1021 24.0000
v 102.2777 237.3240 24.0000
v 102.4715 237.5023 24.0000
v 102.6477 237.6432 24.0000
v 102.8097 237.7503 24.0000
v 102.9594 237.8260 24.0000
v 103.0987 237.8730 24.0000
v 103.2296 237.8940 24.0000
v 103.3538 237.8915 24.0000
v 103.4733 237.8683 24.0000
v 103.5899 237.8270 24.0000
v 103.7055 237.7699 24.0000
v 103.8207 237.6991 24.0000
v 103.9361 237.6161 24.0000
v 104.0524 237.5226 24.0000
v 104.1700 237.4203 24.0000
v 104.2897 237.3109 24.0000
v 104.4119 237.1961 24.0000
v 104.5372 237.0775 24.0000
v 104.6669 236.9556 24.0000
v 104.8046 236.8253 24.0000
v 104.9544 236.6805 24.0000
v 105.1208 236.5148 24.0000
v 105.3079 236.3220 24.0000
v 105.5200 236.0958 24.0000
v 105.7614 235.8299 24.0000
v 106.0362 235.5182 24.0000
v 106.3482 235.1556 24.0000
v 106.6990 234.7434 24.0000
v 107.0896 234.2837 24.0000
v 107.5208 233.7792 24.0000
v 107.9938 233.2322 24.0000
v 108.5095 232.6451 24.0000
v 109.0689 232.0204 24.0000
v 109.6731 231.3604 24.0000
v 110.3211 230.6689 24.0000
v 111.0054 229.9543 24.0000
v 111.7164 229.2263 24.0000
v 112.4446 228.4945 24.0000
v 113.1806 227.7688 24.0000
v 113.9149 227.0587 24.0000
v 114.6380 226.3739 24.0000
v 115.2008 225.8533 24.0000
v 367.9401 305.1029 24.0000
v 368.1060 305.1454 24.0000
v 369.0800 305.3961 24.0000
v 370.0140 305.6391 24.0000
v 370.8815 305.8692 24.0000
v 371.6559 306.0813 24.0000
v 372.3173 306.2714 24.0000
v 372.8715 306.4399 24.0000
v 373.3307 306.5881 24.0000
v 373.7073 306.7175 24.0000
v 374.0136 306.8293 24.0000
v 374.2618 306.9252 24.0000
v 374.4642 307.0064 24.0000
v 374.6332 307.0744 24.0000
v 374.7800 307.1306 24.0000
v 374.9114 307.1766 24.0000
v 375.0332 307.2143 24.0000
v 375.1513 307.2453 24.0000
v 375.2716 307.2713 24.0000
v 375.3997 307.2940 24.0000
v 375.5415 307.3151 24.0000
v 375.7029 307.3364 24.0000
v 375.8880 307.3591 24.0000
v 376.0944 307.3831 24.0000
v 376.3181 307.4077 24.0000
v 376.5550 307.4323 24.0000
v 376.8011 307.4563 24.0000
v 377.0524 307.4792 24.0000
v 377.3049 307.5003 24.0000
v 377.5544 307.5191 24.0000
v 377.7976 307.5349 24.0000
v 378.0331 307.5473 24.0000
v 378.2602 307.5561 24.0000
v 378.4782 307.5609 24.0000
v 378.6864 307.5613 24.0000
v 378.8840 307.5570 24.0000
v 379.0704 307.5477 24.0000
v 379.2447 307.5329 24.0000
v 379.4066 307.5125 24.0000
v 379.5569 307.4861 24.0000
v 379.6287 307.4694 24.0000
v 380.9375 306.6844 24.0000
v 380.9461 306.6777 24.0000
v 381.3071 306.4029 24.0000
v 381.7998 306.0357 24.0000
v 382.4514 305.5590 24.0000
v 383.2890 304.9557 24.0000
v 208.5856 89.9200 67.0000
v 207.0956 88.8700 67.0000
v 205.9156 87.6600 67.0000
v 204.9856 86.4500 67.0000
v 204.4456 85.5400 67.0000
v 204.0556 84.7200 67.0000
v 203.8656 84.0000 67.0000
v 203.8556 82.6800 67.0000
v 204.1856 80.8300 67.0000
v 204.3756 80.3800 67.0000
v 205.1456 79.6000 67.0000
v 207.5456 77.9800 67.0000
v 208.7456 77.4400 67.0000
v 210.1856 77.0500 67.0000
v 211.3156 76.9500 67.0000
v 213.4356 77.0700 67.0000
v 215.2156 77.3900 67.0000
v 216.0256 77.6500 67.0000
v 217.0056 78.1800 67.0000
v 218.8156 79.7000 67.0000
v 219.6456 80.6100 67.0000
v 220.2256 81.4200 67.0000
v 220.7256 82.4600 67.0000
v 220.9656 83.5000 67.0000
v 220.9656 84.8100 67.0000
v 220.7056 86.3000 67.0000
v 220.4156 87.0500 67.0000
v 219.7056 88.0900 67.0000
v 218.5256 89.2600 67.0000
v 217.1856 90.2400 67.0000
v 215.8156 90.8800 67.0000
v 215.0056 91.1400 67.0000
v 214.0456 91.3000 67.0000
v 212.5856 91.2900 67.0000
v 210.5256 90.8500 67.0000
v 207.0956 93.1900 67.0000
v 204.5956 91.6100 67.0000
v 203.6456 90.9000 67.0000
v 202.3356 89.6100 67.0000
v 200.4256 87.1100 67.0000
v 199.2756 85.3000 67.0000
v 198.5556 83.6000 67.0000
v 198.1556 82.2600 67.0000
v 197.9756 81.2300 67.0000
v 198.0356 79.6300 67.0000
v 198.2256 78.5700 67.0000
v 198.6956 77.2400 67.0000
v 199.3856 76.0100 67.0000
v 199.9256 75.2700 67.0000
v 200.5156 74.6400 67.0000
v 201.1756 74.1500 67.0000
v 202.4956 73.6600 67.0000
v 204.3656 73.3500 67.0000
v 206.7256 73.2500 67.0000
v 209.9156 73.3600 67.0000
v 213.1556 73.6400 67.0000
v 214.6156 73.8400 67.0000
v 216.1556 74.2400 67.0000
v 217.7456 74.9400 67.0000
v 219.4156 75.9800 67.0000
v 221.3556 77.6100 67.0000
v 222.4556 78.6900 67.0000
v 223.2656 79.6500 67.0000
v 224.2156 81.1500 67.0000
v 225.6056 83.9500 67.0000
v 226.4456 86.0000 67.0000
v 226.8656 87.4700 67.0000
v 226.9956 88.7100 67.0000
v 226.8956 90.1700 67.0000
v 226.7256 91.0500 67.0000
v 226.3056 92.0400 67.0000
v 225.8956 92.6300 67.0000
v 225.0556 93.4300 67.0000
v 224.3256 93.8600 67.0000
v 222.6956 94.4300 67.0000
v 220.9856 94.8000 67.0000
v 218.1156 94.9900 67.0000
v 215.8756 95.0300 67.0000
v 213.9456 94.9800 67.0000
v 212.1356 94.7900 67.0000
v 207.4156 93.3800 67.0000
v 205.1156 96.0100 66.0000
v 202.8956 94.8500 66.0000
v 201.1356 93.4000 66.0000
v 198.1356 90.5300 66.0000
v 196.8656 89.1500 66.0000
v 195.9156 87.7700 66.0000
v 195.3056 86.3800 66.0000
v 194.6656 84.2100 66.0000
v 194.3556 82.8400 66.0000
v 194.2056 81.1200 66.0000
v 194.2556 78.9100 66.0000
v 194.4856 76.8600 66.0000
v 194.8956 75.1700 66.0000
v 195.4856 73.5500 66.0000
v 196.1556 72.4200 66.0000
v 196.8556 71.6500 66.0000
v 197.7056 71.1800 66.0000
v 199.2456 70.7100 66.0000
v 201.4556 70.3900 66.0000
v 203.1556 70.2900 66.0000
v 214.5456 71.3100 66.0000
v 216.0956 71.5400 66.0000
v 217.1156 71.8300 66.0000
v 218.7956 72.5800 66.0000
v 220.8556 73.8300 66.0000
v 222.1756 74.7800 66.0000
v 223.3656 75.8500 66.0000
v 225.3056 78.1500 66.0000
v 228.3156 82.0400 66.0000
v 229.4356 83.8400 66.0000
v 230.3456 85.9300 66.0000
v 230.9356 88.1300 66.0000
v 231.1256 89.4800 66.0000
v 231.1556 90.5600 66.0000
v 230.9956 91.9700 66.0000
v 230.7456 92.9200 66.0000
v 230.1556 94.3100 66.0000
v 229.6056 95.1700 66.0000
v 228.5656 96.3400 66.0000
v 227.3756 97.3000 66.0000
v 226.5456 97.8000 66.0000
v 225.6756 98.1700 66.0000
v 224.2556 98.5100 66.0000
v 222.3956 98.6300 66.0000
v 219.8256 98.5900 66.0000
v 217.3256 98.3200 66.0000
v 211.5856 97.5600 66.0000
v 208.0756 96.9400 66.0000
v 224.6256 102.3000 64.0000
v 218.9156 102.3200 64.0000
v 216.3756 102.2700 64.0000
v 212.9956 101.9400 64.0000
v 210.2556 101.5400 64.0000
v 208.0756 101.0800 64.0000
v 206.2256 100.5500 64.0000
v 203.4656 99.5200 64.0000
v 201.2156 98.3800 64.0000
v 198.8556 96.9600 64.0000
v 196.0356 94.7800 64.0000
v 194.6656 93.6400 64.0000
v 192.1456 90.8900 64.0000
v 190.8456 89.0700 64.0000
v 189.8356 86.8800 64.0000
v 189.1256 84.8000 64.0000
v 188.5756 82.4800 64.0000
v 188.2856 80.2600 64.0000
v 188.1356 77.8100 64.0000
v 188.1656 75.7400 64.0000
v 188.3256 73.7400 64.0000
v 189.2356 70.0900 64.0000
v 190.3456 66.8700 64.0000
v 191.3056 64.9400 64.0000
v 192.3456 63.6800 64.0000
v 193.3656 62.9700 64.0000
v 193.7856 62.7800 64.0000
v 196.2056 62.9400 64.0000
v 196.9356 63.0100 64.0000
v 203.7556 64.4000 64.0000
v 213.6056 65.6000 64.0000
v 216.2656 66.0800 64.0000
v 217.5956 66.3900 64.0000
v 220.7056 67.8600 64.0000
v 223.5456 69.4400 64.0000
v 225.9456 70.9100 64.0000
v 229.2556 73.7300 64.0000
v 231.0756 75.5600 64.0000
v 232.6556 77.5700 64.0000
v 233.7456 79.0900 64.0000
v 234.1256 79.7700 64.0000
v 236.8956 87.2100 64.0000
v 239.0256 90.9700 64.0000
v 241.8756 94.6200 64.0000
v 242.5856 97.1600 64.0000
v 242.6856 99.0800 64.0000
v 242.3756 100.8100 64.0000
v 241.6656 101.8200 64.0000
v 240.4456 102.4300 64.0000
v 237.7056 102.8400 64.0000
v 232.9356 102.7400 64.0000
v 224.2456 104.5300 63.0000
v 217.7256 104.2600 63.0000
v 212.6056 103.6500 63.0000
v 209.0056 103.0200 63.0000
v 206.8756 102.5200 63.0000
v 202.8356 101.2100 63.0000
v 200.4056 100.1500 63.0000
v 197.3556 98.5900 63.0000
v 194.0956 96.2700 63.0000
v 192.7956 95.3000 63.0000
v 189.8056 92.3800 63.0000
v 188.4656 90.7400 63.0000
v 187.2556 88.6100 63.0000
v 186.2156 86.2400 63.0000
v 185.4356 84.0700 63.0000
v 184.8956 81.7800 63.0000
v 184.4256 78.3500 63.0000
v 184.2056 75.6000 63.0000
v 184.2056 73.2800 63.0000
v 184.8256 68.8100 63.0000
v 185.8656 64.1400 63.0000
v 186.3656 62.5900 63.0000
v 187.2656 60.6000 63.0000
v 187.9856 59.4700 63.0000
v 188.8456 58.4700 63.0000
v 189.6856 57.8700 63.0000
v 190.4756 57.4600 63.0000
v 191.3256 57.3100 63.0000
v 192.5456 57.3200 63.0000
v 195.1356 57.9300 63.0000
v 196.1856 58.2700 63.0000
v 203.8856 61.9800 63.0000
v 205.8656 62.6000 63.0000
v 213.7656 64.2200 63.0000
v 217.2856 65.1300 63.0000
v 221.8756 66.9100 63.0000
v 224.5356 68.1700 63.0000
v 227.3856 69.6500 63.0000
v 230.8856 72.4300 63.0000
v 232.5856 74.0500 63.0000
v 234.6956 76.5300 63.0000
v 235.8956 78.0600 63.0000
v 236.6556 79.3000 63.0000
v 239.8456 85.3800 63.0000
v 241.7656 88.7300 63.0000
v 244.4156 91.8800 63.0000
v 248.2656 95.6300 63.0000
v 250.1956 98.1700 63.0000
v 250.8056 100.8100 63.0000
v 250.8056 103.4500 63.0000
v 250.5056 105.0700 63.0000
v 249.8956 106.1900 63.0000
v 248.8756 106.9000 63.0000
v 247.3556 107.2000 63.0000
v 244.0056 107.2000 63.0000
v 235.3756 105.7800 63.0000
v 228.0656 104.8700 63.0000
v 223.8556 106.7600 62.0000
v 216.7656 106.1200 62.0000
v 211.2956 105.2000 62.0000
v 207.2956 104.3700 62.0000
v 202.2056 102.8900 62.0000
v 199.2056 101.7900 62.0000
v 196.5356 100.5800 62.0000
v 193.1356 98.5200 62.0000
v 191.1756 97.1900 62.0000
v 187.9356 94.3300 62.0000
v 186.0856 92.4000 62.0000
v 184.8056 90.5100 62.0000
v 183.2156 87.4600 62.0000
v 182.1756 85.0300 62.0000
v 181.4256 82.5100 62.0000
v 180.7656 79.1900 62.0000
v 180.2856 75.9300 62.0000
v 180.1056 73.4100 62.0000
v 180.1056 71.6200 62.0000
v 180.6856 65.9800 62.0000
v 181.5456 60.9500 62.0000
v 181.9456 59.3700 62.0000
v 183.0656 56.6200 62.0000
v 183.7156 55.3100 62.0000
v 184.4956 54.2100 62.0000
v 185.2356 53.3600 62.0000
v 186.0956 52.6900 62.0000
v 186.9256 52.2500 62.0000
v 187.6756 51.9700 62.0000
v 189.0256 51.8400 62.0000
v 190.7556 51.9100 62.0000
v 192.9256 52.5500 62.0000
v 194.7156 53.2000 62.0000
v 196.1856 53.9400 62.0000
v 198.0856 55.1100 62.0000
v 202.7356 58.6500 62.0000
v 205.7856 60.4900 62.0000
v 218.9656 64.4600 62.0000
v 223.1456 65.9000 62.0000
v 225.6056 66.8800 62.0000
v 228.4756 68.1800 62.0000
v 230.6856 69.6900 62.0000
v 232.6556 71.2300 62.0000
v 234.5756 73.0200 62.0000
v 237.5256 76.3100 62.0000
v 239.2656 78.8200 62.0000
v 242.3756 84.7800 62.0000
v 244.5156 87.8200 62.0000
v 247.7656 91.1700 62.0000
v 252.1256 95.0200 62.0000
v 256.3956 99.6900 62.0000
v 259.7456 104.5600 62.0000
v 260.6556 107.1000 62.0000
v 260.9656 108.9300 62.0000
v 260.4556 110.4500 62.0000
v 259.6456 111.3600 62.0000
v 258.1156 112.0700 62.0000
v 255.0756 111.9700 62.0000
v 248.6756 110.4500 62.0000
v 239.3356 108.9300 62.0000
v 230.3956 107.5000 62.0000
v 223.4756 108.9900 61.0000
v 217.4456 108.1500 61.0000
v 210.0056 106.7000 61.0000
v 205.5956 105.6800 61.0000
v 201.1456 104.4600 61.0000
v 197.9656 103.4400 61.0000
v 194.8456 102.1600 61.0000
v 191.8356 100.5100 61.0000
v 189.5656 99.0800 61.0000
v 185.8956 96.1000 61.0000
v 183.9956 94.3500 61.0000
v 182.8256 93.0100 61.0000
v 181.4056 90.7900 61.0000
v 180.0056 88.2700 61.0000
v 179.0756 86.3700 61.0000
v 178.3056 84.3900 61.0000
v 176.9856 79.4200 61.0000
v 176.4256 76.4200 61.0000
v 176.0856 73.8800 61.0000
v 175.9356 71.6500 61.0000
v 176.1956 66.5100 61.0000
v 176.7156 61.3500 61.0000
v 177.2256 57.7600 61.0000
v 177.6856 55.7500 61.0000
v 179.0256 52.3000 61.0000
v 179.8756 50.5600 61.0000
v 181.0556 48.8900 61.0000
v 181.9156 47.9900 61.0000
v 182.7656 47.3600 61.0000
v 183.7956 46.8300 61.0000
v 184.6756 46.5500 61.0000
v 185.9456 46.4000 61.0000
v 187.9556 46.4000 61.0000
v 189.1856 46.5500 61.0000
v 190.9156 47.1000 61.0000
v 193.0056 47.9300 61.0000
v 195.6456 49.3600 61.0000
v 198.1256 50.9500 61.0000
v 205.2756 56.5500 61.0000
v 213.1156 61.0000 61.0000
v 216.2556 62.4200 61.0000
v 223.7756 64.6200 61.0000
v 226.3356 65.4400 61.0000
v 229.1656 66.5400 61.0000
v 231.0356 67.5600 61.0000
v 233.6356 69.3800 61.0000
v 236.1356 71.5300 61.0000
v 238.9256 74.4000 61.0000
v 240.2856 75.9800 61.0000
v 241.9556 78.3300 61.0000
v 244.8156 82.7500 61.0000
v 247.5556 86.6000 61.0000
v 250.8056 89.8500 61.0000
v 256.4956 95.1300 61.0000
v 262.7856 102.1300 61.0000
v 266.8556 107.8100 61.0000
v 268.3756 110.8500 61.0000
v 269.0856 112.7800 61.0000
v 269.2856 114.3000 61.0000
v 268.9856 115.6200 61.0000
v 268.3756 116.4300 61.0000
v 267.2556 117.0400 61.0000
v 264.7156 116.9400 61.0000
v 262.4856 116.5400 61.0000
v 254.2556 114.0000 61.0000
v 244.7156 112.0700 61.0000
v 274.8581 105.4657 59.0000
v 280.2056 111.7700 59.0000
v 291.4856 122.2300 59.0000
v 304.2656 132.2900 59.0000
v 307.5856 134.6200 59.0000
v 316.8856 139.8500 59.0000
v 318.3256 140.6500 59.0000
v 319.4556 141.4500 59.0000
v 319.9556 141.9100 59.0000
v 320.3056 142.4400 59.0000
v 320.3656 143.0500 59.0000
v 320.2356 143.6300 59.0000
v 319.9656 144.2900 59.0000
v 319.5356 144.9300 59.0000
v 318.9656 145.4600 59.0000
v 318.3856 145.8300 59.0000
v 317.2956 146.1400 59.0000
v 316.1456 146.2600 59.0000
v 314.0056 146.1400 59.0000
v 299.3456 144.0200 59.0000
v 297.5656 143.7500 59.0000
v 296.2356 143.3700 59.0000
v 294.2756 142.3500 59.0000
v 290.6456 140.0100 59.0000
v 283.4656 134.6900 59.0000
v 276.9356 128.5100 59.0000
v 271.9256 124.6600 59.0000
v 269.2356 123.2200 59.0000
v 261.2456 120.6100 59.0000
v 253.9856 118.6800 59.0000
v 251.2856 118.0200 59.0000
v 247.5156 117.4100 59.0000
v 234.6656 116.1700 59.0000
v 229.1256 115.5000 59.0000
v 222.6556 114.4900 59.0000
v 217.9756 113.5600 59.0000
v 213.2356 112.4300 59.0000
v 202.6856 109.4900 59.0000
v 197.6056 107.8900 59.0000
v 194.5456 106.8500 59.0000
v 191.3756 105.4200 59.0000
v 188.8056 104.1100 59.0000
v 186.4856 102.6000 59.0000
v 182.6156 99.6100 59.0000
v 180.3356 97.6600 59.0000
v 179.0856 96.4600 59.0000
v 177.8656 95.0000 59.0000
v 175.6256 91.4400 59.0000
v 174.2256 88.7800 59.0000
v 173.2156 86.5600 59.0000
v 172.1056 83.4900 59.0000
v 171.1656 80.4200 59.0000
v 170.2956 76.9300 59.0000
v 169.6856 73.0300 59.0000
v 169.5256 69.7700 59.0000
v 169.5256 66.4700 59.0000
v 169.7156 62.5900 59.0000
v 170.3356 56.0000 59.0000
v 170.8156 52.9200 59.0000
v 171.1456 51.3500 59.0000
v 172.0156 48.7400 59.0000
v 173.0956 46.0000 59.0000
v 174.0856 43.9600 59.0000
v 175.1356 42.3400 59.0000
v 176.3956 40.8000 59.0000
v 177.6856 39.7000 59.0000
v 179.1656 38.8200 59.0000
v 180.4856 38.2800 59.0000
v 182.0656 38.0400 59.0000
v 184.7956 38.3600 59.0000
v 186.9756 38.8100 59.0000
v 189.6556 39.6700 59.0000
v 191.2156 40.2800 59.0000
v 195.0156 42.4400 59.0000
v 197.5956 44.0500 59.0000
v 200.1556 45.8100 59.0000
v 203.8656 48.9000 59.0000
v 211.9556 56.3300 59.0000
v 214.0456 58.2100 59.0000
v 215.0056 58.9700 59.0000
v 216.2556 59.6900 59.0000
v 217.8656 60.3600 59.0000
v 225.5856 62.1000 59.0000
v 227.5659 62.5751 59.0000
v 304.8056 126.1300 58.0000
v 318.2056 134.6100 58.0000
v 320.9256 136.3700 58.0000
v 324.0556 138.8500 58.0000
v 328.0656 142.3000 58.0000
v 329.8256 143.8800 58.0000
v 332.7456 147.3200 58.0000
v 333.4456 148.1100 58.0000
v 333.9356 148.8100 58.0000
v 334.1556 149.3700 58.0000
v 334.2156 149.8300 58.0000
v 334.0856 150.3800 58.0000
v 333.6156 150.8500 58.0000
v 332.6856 151.3400 58.0000
v 324.6656 152.3100 58.0000
v 323.3856 152.4500 58.0000
v 321.7156 152.4500 58.0000
v 318.8956 152.1500 58.0000
v 311.0956 149.6900 58.0000
v 308.3556 148.8900 58.0000
v 305.9456 148.2900 58.0000
v 302.6056 147.7500 58.0000
v 297.7656 147.4200 58.0000
v 295.0356 147.1500 58.0000
v 293.6656 146.9100 58.0000
v 291.9056 146.4100 58.0000
v 290.4256 145.7800 58.0000
v 287.3056 143.9000 58.0000
v 285.1356 142.4900 58.0000
v 282.7456 139.8700 58.0000
v 280.7556 137.9600 58.0000
v 276.2856 132.8800 58.0000
v 273.6956 130.1900 58.0000
v 270.4656 127.3200 58.0000
v 267.1756 125.6400 58.0000
v 263.4356 124.2800 58.0000
v 259.5356 123.2200 58.0000
v 253.2956 121.6300 58.0000
v 250.7556 121.0400 58.0000
v 247.1456 120.4900 58.0000
v 234.4256 119.3100 58.0000
v 228.2256 118.6300 58.0000
v 222.1556 117.7500 58.0000
v 218.3556 117.0000 58.0000
v 214.8056 116.1400 58.0000
v 201.8956 112.0800 58.0000
v 195.0756 109.5600 58.0000
v 190.9256 107.7300 58.0000
v 187.7256 106.0400 58.0000
v 185.2056 104.3500 58.0000
v 181.2756 101.2600 58.0000
v 178.8956 99.1700 58.0000
v 177.3156 97.6400 58.0000
v 176.1156 96.2300 58.0000
v 174.0656 93.0300 58.0000
v 172.2956 89.6000 58.0000
v 171.2856 87.3500 58.0000
v 169.9156 83.5700 58.0000
v 168.9356 80.4800 58.0000
v 168.2956 78.1400 58.0000
v 167.5656 73.8100 58.0000
v 167.3256 70.9100 58.0000
v 167.2256 66.4300 58.0000
v 167.3756 62.4100 58.0000
v 167.9556 56.3700 58.0000
v 168.3456 53.3800 58.0000
v 168.8056 51.0100 58.0000
v 169.7156 47.9200 58.0000
v 170.8556 44.8300 58.0000
v 171.8156 42.6900 58.0000
v 172.8356 40.9700 58.0000
v 174.3756 38.8800 58.0000
v 175.9056 37.4200 58.0000
v 177.6656 36.2700 58.0000
v 178.8856 35.6700 58.0000
v 179.9956 35.3000 58.0000
v 181.8256 35.0700 58.0000
v 185.0356 35.7100 58.0000
v 187.5856 36.5500 58.0000
v 191.2656 38.0400 58.0000
v 195.0556 40.1700 58.0000
v 198.6756 42.4500 58.0000
v 200.8456 43.9500 58.0000
v 202.4756 45.2200 58.0000
v 213.6456 56.0900 58.0000
v 215.3156 57.5600 58.0000
v 216.5556 58.3700 58.0000
v 218.0356 59.0200 58.0000
v 220.2756 59.6500 58.0000
v 225.5343 60.6071 58.0000
v 285.0197 110.0847 58.0000
v 290.0656 115.2300 58.0000
v 297.4756 120.9100 58.0000
v 335.5456 145.3600 57.0000
v 345.3556 153.3100 57.0000
v 347.3256 154.9700 57.0000
v 348.6656 156.2100 57.0000
v 352.7856 161.2300 57.0000
v 354.0256 162.9400 57.0000
v 354.5156 163.8900 57.0000
v 354.5856 164.3000 57.0000
v 354.4356 164.9700 57.0000
v 354.0556 165.5600 57.0000
v 353.4356 165.9700 57.0000
v 352.5156 166.2100 57.0000
v 351.0956 166.2000 57.0000
v 338.1356 162.0200 57.0000
v 308.8856 152.5300 57.0000
v 305.8556 151.5200 57.0000
v 303.5956 150.9800 57.0000
v 293.7556 149.6300 57.0000
v 291.8656 149.3300 57.0000
v 290.5556 148.9600 57.0000
v 288.2956 147.9900 57.0000
v 285.9356 146.7100 57.0000
v 283.4556 144.8600 57.0000
v 279.4456 140.6100 57.0000
v 275.0556 136.2200 57.0000
v 271.3756 132.6100 57.0000
v 268.3356 130.1600 57.0000
v 265.9456 128.6700 57.0000
v 262.7256 127.3800 57.0000
v 257.8056 125.8600 57.0000
v 253.7756 124.8500 57.0000
v 250.2156 124.0600 57.0000
v 245.8956 123.4600 57.0000
v 232.8056 122.3200 57.0000
v 226.5756 121.6800 57.0000
v 222.4456 121.1300 57.0000
v 218.7656 120.4600 57.0000
v 215.4756 119.6600 57.0000
v 212.5056 118.8200 57.0000
v 201.8056 114.9200 57.0000
v 197.5056 113.2400 57.0000
v 192.7556 111.2000 57.0000
v 189.5256 109.5600 57.0000
v 186.6556 107.9700 57.0000
v 183.9256 106.1000 57.0000
v 179.9356 102.9100 57.0000
v 177.0556 100.3100 57.0000
v 175.7256 99.0200 57.0000
v 174.5856 97.7300 57.0000
v 172.5556 94.7200 57.0000
v 171.4556 92.7600 57.0000
v 169.6756 88.8800 57.0000
v 167.6956 83.6200 57.0000
v 166.6956 80.5900 57.0000
v 165.9756 78.0100 57.0000
v 165.3756 74.1100 57.0000
v 165.0656 70.4600 57.0000
v 164.9356 66.8700 57.0000
v 164.9956 63.0100 57.0000
v 165.5456 56.9900 57.0000
v 165.8956 53.9700 57.0000
v 166.5156 50.4400 57.0000
v 167.4156 47.0900 57.0000
v 168.5056 43.9000 57.0000
v 169.5356 41.4300 57.0000
v 170.7356 39.2800 57.0000
v 172.0256 37.4200 57.0000
v 172.8756 36.3400 57.0000
v 174.1256 35.1400 57.0000
v 175.7056 34.0200 57.0000
v 177.0056 33.2600 57.0000
v 178.2956 32.6700 57.0000
v 179.3856 32.3400 57.0000
v 181.2456 32.1100 57.0000
v 182.1356 32.1200 57.0000
v 185.1856 32.9600 57.0000
v 188.1356 34.2000 57.0000
v 192.2256 36.1800 57.0000
v 197.1856 39.2000 57.0000
v 200.0356 41.0500 57.0000
v 202.2956 42.6200 57.0000
v 203.6656 43.7500 57.0000
v 214.5456 55.1300 57.0000
v 216.1556 56.5500 57.0000
v 217.1756 57.2000 57.0000
v 218.4756 57.7700 57.0000
v 221.0656 58.4300 57.0000
v 223.6440 58.7761 57.0000
v 299.2554 116.7201 57.0000
v 304.9956 120.7100 57.0000
v 319.1056 130.1400 57.0000
v 326.5256 136.4400 57.0000
v 351.9456 152.4600 56.0000
v 354.9656 154.6600 56.0000
v 361.4556 158.9000 56.0000
v 376.9256 167.9300 56.0000
v 380.4056 169.9700 56.0000
v 382.6556 171.4100 56.0000
v 384.3456 172.9200 56.0000
v 385.6156 174.6700 56.0000
v 388.6456 179.1600 56.0000
v 389.8256 181.0400 56.0000
v 390.6656 183.0100 56.0000
v 391.1856 184.6800 56.0000
v 391.3456 185.8000 56.0000
v 391.2756 187.0600 56.0000
v 391.0256 188.1000 56.0000
v 390.7756 188.5500 56.0000
v 390.2156 189.0800 56.0000
v 389.3056 189.5200 56.0000
v 388.4756 189.7900 56.0000
v 387.1556 189.9900 56.0000
v 386.2356 189.9500 56.0000
v 385.3156 189.7500 56.0000
v 384.1356 189.2700 56.0000
v 381.6156 187.9300 56.0000
v 380.3056 187.0900 56.0000
v 369.8056 177.8900 56.0000
v 367.0456 175.6100 56.0000
v 365.0456 174.0800 56.0000
v 363.4956 173.0200 56.0000
v 361.7356 171.9600 56.0000
v 360.0956 171.1200 56.0000
v 351.4356 168.3100 56.0000
v 347.2956 167.1600 56.0000
v 338.6156 164.7100 56.0000
v 325.8256 161.2300 56.0000
v 317.7356 158.8900 56.0000
v 309.8456 155.8800 56.0000
v 306.8756 154.7300 56.0000
v 304.4556 153.8900 56.0000
v 291.6856 151.0500 56.0000
v 289.7656 150.6000 56.0000
v 287.7556 149.9200 56.0000
v 285.0956 148.8100 56.0000
v 283.9756 148.2600 56.0000
v 281.0656 146.1600 56.0000
v 279.1856 144.0900 56.0000
v 274.9256 139.6400 56.0000
v 271.2456 135.9600 56.0000
v 268.3356 133.1900 56.0000
v 266.1456 131.8300 56.0000
v 261.4256 129.9000 56.0000
v 256.0656 128.5100 56.0000
v 254.2756 128.0500 56.0000
v 250.2056 127.1800 56.0000
v 246.3956 126.6400 56.0000
v 231.0856 125.3500 56.0000
v 225.1756 124.7900 56.0000
v 221.9356 124.3800 56.0000
v 219.0756 123.8900 56.0000
v 215.8556 123.1300 56.0000
v 213.0856 122.3400 56.0000
v 209.3556 121.0000 56.0000
v 200.3056 117.2600 56.0000
v 192.5056 113.6800 56.0000
v 188.4556 111.5500 56.0000
v 185.5856 109.9000 56.0000
v 182.6456 107.8500 56.0000
v 178.5956 104.5600 56.0000
v 175.2756 101.5000 56.0000
v 173.8556 100.1000 56.0000
v 172.7456 98.8600 56.0000
v 171.5156 97.1300 56.0000
v 170.0756 94.7800 56.0000
v 167.9356 90.1000 56.0000
v 165.9256 84.9500 56.0000
v 164.4256 80.6400 56.0000
v 163.8256 78.5500 56.0000
v 163.1856 74.4100 56.0000
v 162.7956 69.9300 56.0000
v 162.6156 66.3600 56.0000
v 162.6556 62.8500 56.0000
v 163.3156 55.8500 56.0000
v 163.9156 51.5600 56.0000
v 164.4056 49.0300 56.0000
v 165.1156 46.2700 56.0000
v 166.0256 43.3500 56.0000
v 167.0756 40.6000 56.0000
v 168.2056 38.3400 56.0000
v 169.6256 36.0600 56.0000
v 170.6156 34.6600 56.0000
v 171.9756 33.1900 56.0000
v 173.2856 32.1100 56.0000
v 174.9556 31.0200 56.0000
v 176.8556 30.0200 56.0000
v 178.3156 29.4900 56.0000
v 179.6956 29.2400 56.0000
v 180.9756 29.1300 56.0000
v 182.0156 29.1700 56.0000
v 183.6556 29.5300 56.0000
v 186.3156 30.5100 56.0000
v 193.1756 34.3100 56.0000
v 200.5656 39.0800 56.0000
v 203.0956 40.8300 56.0000
v 204.8656 42.2800 56.0000
v 208.2156 45.7900 56.0000
v 215.5756 54.3100 56.0000
v 216.8256 55.4100 56.0000
v 217.9956 56.1300 56.0000
v 219.1256 56.5900 56.0000
v 221.3256 57.0900 56.0000
v 221.9999 57.1834 56.0000
v 318.0983 124.8918 56.0000
v 319.0056 125.4800 56.0000
v 325.0956 130.6500 56.0000
v 334.5456 139.2800 56.0000
v 340.0256 143.6400 56.0000
v 219.5484 129.3309 54.0000
v 213.5656 128.3500 54.0000
v 208.0856 126.8900 54.0000
v 203.3156 124.9100 54.0000
v 198.2856 122.7500 54.0000
v 192.6856 119.6200 54.0000
v 190.5856 118.3400 54.0000
v 183.7656 113.6900 54.0000
v 180.9656 111.6200 54.0000
v 178.5756 109.6800 54.0000
v 175.7656 107.1800 54.0000
v 172.0756 103.4700 54.0000
v 170.1256 101.2900 54.0000
v 168.2556 98.7600 54.0000
v 166.9156 96.5800 54.0000
v 165.4056 93.5200 54.0000
v 163.4556 89.0200 54.0000
v 161.6556 84.4300 54.0000
v 160.4756 81.1100 54.0000
v 159.7856 78.8200 54.0000
v 159.1256 75.1100 54.0000
v 158.6156 69.6800 54.0000
v 158.4456 65.4700 54.0000
v 158.4556 62.1000 54.0000
v 159.0356 55.4500 54.0000
v 159.6256 50.5500 54.0000
v 160.1656 47.3200 54.0000
v 160.8056 44.3700 54.0000
v 161.5856 41.4700 54.0000
v 162.3156 39.3000 54.0000
v 163.2856 37.1200 54.0000
v 164.6756 34.7200 54.0000
v 166.3856 32.1900 54.0000
v 167.6956 30.4500 54.0000
v 168.9156 29.2000 54.0000
v 170.1456 28.1500 54.0000
v 172.7256 26.4000 54.0000
v 175.1556 25.1500 54.0000
v 176.2756 24.6900 54.0000
v 177.7356 24.2700 54.0000
v 179.7756 24.0800 54.0000
v 181.6556 24.2800 54.0000
v 183.4456 24.7100 54.0000
v 184.6456 25.0800 54.0000
v 186.9556 26.0900 54.0000
v 188.7456 27.0300 54.0000
v 196.1056 31.8400 54.0000
v 202.9819 36.4650 54.0000
v 215.0290 49.1395 54.0000
v 216.0456 50.3900 54.0000
v 217.4756 52.0200 54.0000
v 218.1156 52.6300 54.0000
v 218.1194 52.6324 54.0000
v 332.0321 125.4581 54.0000
v 333.4756 126.8000 54.0000
v 338.7656 132.3300 54.0000
v 342.9056 136.1800 54.0000
v 344.3956 137.1500 54.0000
v 346.6156 138.3900 54.0000
v 352.0156 142.2900 54.0000
v 355.5956 144.7600 54.0000
v 362.5856 149.8200 54.0000
v 377.3956 159.0900 54.0000
v 379.9156 160.8100 54.0000
v 382.8056 162.9900 54.0000
v 388.0156 167.4800 54.0000
v 390.8556 170.2300 54.0000
v 392.3956 171.9600 54.0000
v 394.5756 175.1100 54.0000
v 395.9456 177.5100 54.0000
v 397.1656 180.1900 54.0000
v 398.3056 183.5000 54.0000
v 398.6856 184.8700 54.0000
v 399.1956 189.2300 54.0000
v 398.5556 193.5200 54.0000
v 397.7856 196.2400 54.0000
v 397.3856 197.3100 54.0000
v 396.9256 198.1300 54.0000
v 395.6056 199.2100 54.0000
v 395.1256 199.4000 54.0000
v 393.0756 199.4800 54.0000
v 390.8856 199.2300 54.0000
v 388.4056 198.6700 54.0000
v 386.2056 198.0400 54.0000
v 383.8856 196.9700 54.0000
v 379.0956 194.3700 54.0000
v 377.2056 193.2700 54.0000
v 373.3756 190.4600 54.0000
v 366.7556 184.7300 54.0000
v 364.0556 182.5800 54.0000
v 362.3556 181.3500 54.0000
v 359.1256 179.6100 54.0000
v 354.6156 177.5700 54.0000
v 335.9456 171.1000 54.0000
v 332.6356 169.9100 54.0000
v 328.7656 168.0800 54.0000
v 321.1856 165.3800 54.0000
v 316.6356 163.4500 54.0000
v 312.1856 161.7600 54.0000
v 300.1456 158.1400 54.0000
v 294.9556 156.4900 54.0000
v 290.7178 154.9142 54.0000
v 279.5208 149.9060 54.0000
v 277.5156 148.6200 54.0000
v 275.3956 146.9300 54.0000
v 273.1156 144.7600 54.0000
v 269.0556 140.7500 54.0000
v 265.1256 137.6000 54.0000
v 262.5056 135.6100 54.0000
v 260.2256 134.4000 54.0000
v 258.0356 133.4800 54.0000
v 254.5456 132.5500 54.0000
v 251.3856 131.9700 54.0000
v 248.5056 131.6200 54.0000
v 245.1156 131.1100 54.0000
v 239.7556 130.6050 54.0000
v 216.7047 131.4003 53.0000
v 215.7456 131.3800 53.0000
v 210.0656 130.7700 53.0000
v 207.3856 130.1300 53.0000
v 202.0356 128.3500 53.0000
v 196.8156 125.8000 53.0000
v 194.0156 124.2100 53.0000
v 190.4456 121.6500 53.0000
v 181.0956 114.2600 53.0000
v 176.8656 110.6200 53.0000
v 174.1156 108.0100 53.0000
v 171.2256 104.9000 53.0000
v 169.0056 102.2700 53.0000
v 167.4956 100.2500 53.0000
v 165.9556 97.8600 53.0000
v 164.5456 95.3400 53.0000
v 161.9856 89.7600 53.0000
v 159.8956 84.5500 53.0000
v 158.7856 81.4600 53.0000
v 157.9856 78.8900 53.0000
v 157.4656 76.6000 53.0000
v 157.0156 73.6900 53.0000
v 156.6956 69.4700 53.0000
v 156.5656 64.0900 53.0000
v 156.6656 60.1400 53.0000
v 157.2556 53.2100 53.0000
v 158.0256 47.2200 53.0000
v 158.6256 43.9900 53.0000
v 159.3556 41.0000 53.0000
v 160.0956 38.6500 53.0000
v 161.2156 36.1400 53.0000
v 163.0156 33.2100 53.0000
v 165.2156 30.1700 53.0000
v 166.6156 28.4900 53.0000
v 168.5256 26.7400 53.0000
v 170.7956 25.0900 53.0000
v 172.2656 24.1700 53.0000
v 175.2556 22.7800 53.0000
v 176.9656 22.2400 53.0000
v 178.0756 22.0400 53.0000
v 179.9556 21.9600 53.0000
v 182.0756 22.3500 53.0000
v 184.5956 23.2000 53.0000
v 187.5556 24.5600 53.0000
v 189.4356 25.5400 53.0000
v 199.4056 32.1200 53.0000
v 201.4259 33.4894 53.0000
v 336.8283 125.6530 53.0000
v 341.9356 131.2000 53.0000
v 344.1056 133.6000 53.0000
v 346.2856 135.7900 53.0000
v 348.0456 137.0900 53.0000
v 352.8656 140.4700 53.0000
v 355.5956 141.9000 53.0000
v 359.3056 144.0500 53.0000
v 360.8456 145.0000 53.0000
v 378.6956 156.5000 53.0000
v 381.5256 158.5300 53.0000
v 385.0056 161.3500 53.0000
v 389.5456 165.4300 53.0000
v 391.8756 167.7600 53.0000
v 393.6756 169.7000 53.0000
v 395.0656 171.4200 53.0000
v 396.7956 173.9300 53.0000
v 398.1256 176.3000 53.0000
v 399.3956 179.2100 53.0000
v 400.5356 182.3900 53.0000
v 401.1256 184.3600 53.0000
v 401.5956 187.1000 53.0000
v 402.1856 193.9300 53.0000
v 402.2956 195.5200 53.0000
v 401.9856 198.0900 53.0000
v 401.3356 200.6800 53.0000
v 401.0256 201.8200 53.0000
v 400.7656 202.5900 53.0000
v 400.3756 203.2300 53.0000
v 398.7256 204.7400 53.0000
v 398.0556 205.0900 53.0000
v 397.3756 205.2100 53.0000
v 395.1756 204.9800 53.0000
v 394.3656 204.8100 53.0000
v 388.9656 202.6700 53.0000
v 382.7756 199.6800 53.0000
v 376.7356 196.1100 53.0000
v 371.0556 192.2900 53.0000
v 365.6856 188.0700 53.0000
v 363.1156 186.1600 53.0000
v 361.0656 184.7200 53.0000
v 357.2056 182.7000 53.0000
v 352.9056 180.8200 53.0000
v 335.4356 175.4300 53.0000
v 332.9356 174.5400 53.0000
v 330.3256 173.4200 53.0000
v 326.0356 170.6200 53.0000
v 316.4856 166.3300 53.0000
v 314.4456 165.4600 53.0000
v 299.7456 160.8400 53.0000
v 298.0886 160.3123 53.0000
v 274.8879 149.7815 53.0000
v 273.1956 148.5400 53.0000
v 270.9556 146.5700 53.0000
v 265.2256 141.7200 53.0000
v 260.8556 138.4200 53.0000
v 258.2356 136.3900 53.0000
v 256.5856 135.3700 53.0000
v 254.8356 134.7000 53.0000
v 253.1656 134.0700 53.0000
v 249.2056 133.1100 53.0000
v 246.7056 132.6200 53.0000
v 243.9156 132.2300 53.0000
v 240.5277 131.9870 53.0000
v 215.0420 132.7562 52.0000
v 213.1856 132.8400 52.0000
v 210.9356 132.8600 52.0000
v 208.1256 132.6300 52.0000
v 203.9756 131.9100 52.0000
v 198.5356 130.0700 52.0000
v 191.7856 125.9300 52.0000
v 187.9456 123.3900 52.0000
v 178.4756 114.7000 52.0000
v 174.4756 110.9100 52.0000
v 172.4656 108.8300 52.0000
v 169.5956 105.5400 52.0000
v 166.7756 101.7900 52.0000
v 165.1756 99.3900 52.0000
v 163.3756 96.3100 52.0000
v 160.9956 91.4900 52.0000
v 159.4256 87.9500 52.0000
v 157.6356 83.3000 52.0000
v 156.5856 80.2400 52.0000
v 155.8556 77.7800 52.0000
v 155.3356 75.3400 52.0000
v 155.0056 72.8500 52.0000
v 154.7856 69.2700 52.0000
v 154.7056 64.3900 52.0000
v 154.9056 57.6100 52.0000
v 155.3856 51.7800 52.0000
v 156.0656 46.0000 52.0000
v 156.6256 42.7400 52.0000
v 157.3856 39.5700 52.0000
v 157.9556 37.7600 52.0000
v 158.5956 36.2300 52.0000
v 159.5656 34.4000 52.0000
v 161.3556 31.7100 52.0000
v 163.7356 28.6000 52.0000
v 165.2056 26.9200 52.0000
v 167.2856 25.0200 52.0000
v 169.4356 23.4300 52.0000
v 171.3156 22.2300 52.0000
v 173.9256 21.0300 52.0000
v 175.7156 20.3600 52.0000
v 177.0456 19.9900 52.0000
v 178.4056 19.8400 52.0000
v 179.7656 19.8300 52.0000
v 180.8056 19.9400 52.0000
v 182.9356 20.5400 52.0000
v 185.8156 21.7600 52.0000
v 189.4956 23.6700 52.0000
v 195.6656 27.6600 52.0000
v 199.8642 30.5028 52.0000
v 341.3335 125.8361 52.0000
v 343.7256 128.5700 52.0000
v 346.8056 132.9200 52.0000
v 348.6956 135.4000 52.0000
v 350.8456 137.4800 52.0000
v 353.2556 138.7800 52.0000
v 356.6356 140.0800 52.0000
v 360.6056 141.7700 52.0000
v 365.2956 144.4400 52.0000
v 381.9456 155.2600 52.0000
v 384.8356 157.6200 52.0000
v 388.7556 161.1400 52.0000
v 392.1556 164.3800 52.0000
v 395.7456 168.3600 52.0000
v 397.3156 170.3100 52.0000
v 398.7656 172.3700 52.0000
v 399.9956 174.4600 52.0000
v 401.1156 176.9000 52.0000
v 402.7656 181.3200 52.0000
v 403.6056 183.9900 52.0000
v 404.7956 189.2400 52.0000
v 405.5556 193.2400 52.0000
v 405.9556 196.4300 52.0000
v 406.0656 198.3300 52.0000
v 405.9256 200.9400 52.0000
v 405.2156 204.5500 52.0000
v 404.7656 206.2400 52.0000
v 404.3756 207.3900 52.0000
v 404.0156 208.0800 52.0000
v 403.2556 208.9700 52.0000
v 402.2456 209.9300 52.0000
v 401.6256 210.4400 52.0000
v 400.7856 210.8300 52.0000
v 400.1656 211.0000 52.0000
v 398.9056 210.9200 52.0000
v 396.9156 210.4800 52.0000
v 395.9056 210.1500 52.0000
v 381.8256 202.7700 52.0000
v 371.9056 196.0300 52.0000
v 367.7456 193.5200 52.0000
v 364.0356 190.8500 52.0000
v 360.0056 188.2200 52.0000
v 357.8256 186.9900 52.0000
v 354.4156 185.4100 52.0000
v 351.6456 184.2500 52.0000
v 349.6956 183.5500 52.0000
v 343.6656 182.0700 52.0000
v 336.3256 180.0800 52.0000
v 333.7556 179.3800 52.0000
v 331.2456 178.4300 52.0000
v 328.6456 177.1900 52.0000
v 327.1056 176.1700 52.0000
v 324.0356 173.5000 52.0000
v 322.9156 172.7000 52.0000
v 316.6856 169.4700 52.0000
v 313.9856 168.1900 52.0000
v 300.0747 163.7934 52.0000
v 272.1110 150.9314 52.0000
v 270.9956 150.1500 52.0000
v 268.8356 148.3400 52.0000
v 261.9756 142.1600 52.0000
v 259.9856 140.5100 52.0000
v 258.4756 139.6700 52.0000
v 257.1656 138.9600 52.0000
v 256.1056 138.9800 52.0000
v 254.2556 138.8700 52.0000
v 251.0256 138.6400 52.0000
v 242.6676 138.0744 52.0000
v 304.6766 169.4057 51.0000
v 312.7047 172.7377 51.0000
v 325.6393 179.7479 51.0000
v 335.0073 184.0590 51.0000
v 338.4756 184.8600 51.0000
v 349.4856 187.3100 51.0000
v 351.6656 188.1900 51.0000
v 355.0356 189.6300 51.0000
v 357.9756 191.0400 51.0000
v 361.9256 193.2700 51.0000
v 370.6656 198.4500 51.0000
v 374.4756 201.1600 51.0000
v 375.2981 201.7685 51.0000
v 380.7476 204.6344 51.0000
v 388.1181 207.8564 51.0000
v 394.7210 211.0017 51.0000
v 399.9418 213.3798 51.0000
v 403.7806 214.9141 51.0000
v 406.4752 214.5384 51.0000
v 407.4956 213.1000 51.0000
v 407.6956 212.8100 51.0000
v 408.1356 211.8000 51.0000
v 408.7056 209.9600 51.0000
v 409.2756 207.6100 51.0000
v 409.7156 205.2200 51.0000
v 409.9156 202.6400 51.0000
v 409.8756 200.5400 51.0000
v 409.6456 198.1000 51.0000
v 409.0956 193.8700 51.0000
v 408.5656 191.4600 51.0000
v 407.6256 188.3500 51.0000
v 405.6256 182.1400 51.0000
v 403.4756 176.1400 51.0000
v 402.3356 173.5100 51.0000
v 401.2456 171.5700 51.0000
v 399.9056 169.6500 51.0000
v 398.0456 167.2900 51.0000
v 395.0056 163.7200 51.0000
v 392.7656 161.3300 51.0000
v 388.7656 157.4900 51.0000
v 385.0656 154.1300 51.0000
v 382.3156 151.9500 51.0000
v 368.7756 142.7900 51.0000
v 365.2356 140.6500 51.0000
v 360.7756 138.1900 51.0000
v 359.4756 137.8000 51.0000
v 358.5756 137.6900 51.0000
v 354.7856 137.3500 51.0000
v 353.1156 136.8100 51.0000
v 352.2856 136.4000 51.0000
v 351.0656 135.5400 51.0000
v 350.1556 134.6900 51.0000
v 349.3456 133.5100 51.0000
v 348.5456 131.6000 51.0000
v 348.1056 130.1300 51.0000
v 347.5856 129.0200 51.0000
v 346.6356 127.2200 51.0000
v 345.6254 126.0106 51.0000
v 198.2745 27.4628 51.0000
v 197.1956 26.7300 51.0000
v 190.1756 22.1500 51.0000
v 186.4256 20.0500 51.0000
v 183.8256 18.7800 51.0000
v 181.5356 17.9600 51.0000
v 179.9056 17.6900 51.0000
v 177.8756 17.7000 51.0000
v 176.3756 17.9300 51.0000
v 174.9856 18.3400 51.0000
v 173.3156 18.9600 51.0000
v 170.6356 20.1500 51.0000
v 169.2556 20.9700 51.0000
v 167.2856 22.3300 51.0000
v 165.4156 23.8400 51.0000
v 163.5956 25.5600 51.0000
v 162.0256 27.3100 51.0000
v 159.6956 30.2000 51.0000
v 157.6556 33.1300 51.0000
v 156.5956 35.0500 51.0000
v 155.7156 37.2000 51.0000
v 155.1356 39.2300 51.0000
v 154.5356 41.9300 51.0000
v 154.0256 45.3400 51.0000
v 153.5956 49.3000 51.0000
v 153.0656 56.3900 51.0000
v 152.8356 63.1800 51.0000
v 152.8756 69.6800 51.0000
v 153.0556 72.6200 51.0000
v 153.4456 75.4500 51.0000
v 153.9956 77.7000 51.0000
v 154.8356 80.3900 51.0000
v 156.0856 84.0100 51.0000
v 157.9656 88.7400 51.0000
v 160.2556 93.6300 51.0000
v 161.7656 96.4700 51.0000
v 163.9756 100.2300 51.0000
v 165.9856 103.3100 51.0000
v 168.6056 107.0200 51.0000
v 170.8056 109.6600 51.0000
v 173.4256 112.4900 51.0000
v 177.8056 116.9900 51.0000
v 184.0256 123.3200 51.0000
v 186.5656 125.6800 51.0000
v 188.9856 127.2000 51.0000
v 194.6056 130.5800 51.0000
v 196.0256 131.6100 51.0000
v 196.4956 132.2200 51.0000
v 196.7556 132.9900 51.0000
v 197.6156 135.7100 51.0000
v 197.9956 136.1900 51.0000
v 198.4456 136.4900 51.0000
v 199.1356 136.7600 51.0000
v 200.8456 137.1600 51.0000
v 204.3356 137.8300 51.0000
v 207.6756 138.3400 51.0000
v 209.3122 138.4659 51.0000
v 242.8817 138.8828 51.0000
v 247.9856 139.2500 51.0000
v 251.4656 139.6600 51.0000
v 253.7256 140.1200 51.0000
v 255.3256 140.5100 51.0000
v 256.7756 141.2400 51.0000
v 258.2356 142.2600 51.0000
v 260.0256 143.8600 51.0000
v 262.6956 146.2800 51.0000
v 266.7056 150.1300 51.0000
v 268.2056 151.3200 51.0000
v 269.6636 152.3323 51.0000
v 33.0991 84.1671 22.0000
v 33.7956 84.9300 22.0000
v 37.4256 89.0000 22.0000
v 37.9256 89.9200 22.0000
v 38.3856 90.9700 22.0000
v 38.7756 92.1200 22.0000
v 44.4056 107.6400 22.0000
v 44.7856 109.3700 22.0000
v 45.7256 115.4300 22.0000
v 46.0415 118.0600 22.0000
v 87.6646 211.0388 22.0000
v 85.7207 214.9638 22.0000
v 85.4168 215.7117 22.0000
v 85.1300 216.4067 22.0000
v 84.8626 217.0385 22.0000
v 84.6219 217.6151 22.0000
v 84.4162 218.1497 22.0000
v 84.2540 218.6551 22.0000
v 84.1436 219.1444 22.0000
v 84.0934 219.6305 22.0000
v 84.1118 220.1265 22.0000
v 84.2073 220.6451 22.0000
v 84.3863 221.1974 22.0000
v 84.6480 221.7852 22.0000
v 84.9895 222.4084 22.0000
v 85.4081 223.0669 22.0000
v 85.9010 223.7605 22.0000
v 86.4655 224.4891 22.0000
v 87.0987 225.2524 22.0000
v 87.7980 226.0503 22.0000
v 88.5589 226.8814 22.0000
v 89.3714 227.7384 22.0000
v 90.2239 228.6130 22.0000
v 91.1045 229.4968 22.0000
v 92.0017 230.3813 22.0000
v 92.9039 231.2580 22.0000
v 93.7993 232.1186 22.0000
v 94.6763 232.9545 22.0000
v 95.5245 233.7580 22.0000
v 96.3382 234.5229 22.0000
v 97.1130 235.2441 22.0000
v 97.8446 235.9160 22.0000
v 98.5286 236.5333 22.0000
v 99.1605 237.0906 22.0000
v 99.7359 237.5825 22.0000
v 100.2505 238.0036 22.0000
v 100.7019 238.3507 22.0000
v 101.0960 238.6295 22.0000
v 101.4406 238.8478 22.0000
v 101.7437 239.0136 22.0000
v 102.0133 239.1346 22.0000
v 102.2571 239.2188 22.0000
v 102.4831 239.2739 22.0000
v 102.6992 239.3080 22.0000
v 102.9121 239.3275 22.0000
v 103.1233 239.3340 22.0000
v 103.3333 239.3277 22.0000
v 103.5423 239.3088 22.0000
v 103.7507 239.2775 22.0000
v 103.9589 239.2341 22.0000
v 104.1672 239.1787 22.0000
v 104.3759 239.1117 22.0000
v 104.5860 239.0329 22.0000
v 104.8005 238.9412 22.0000
v 105.0231 238.8352 22.0000
v 105.2573 238.7134 22.0000
v 105.5070 238.5745 22.0000
v 105.7756 238.4170 22.0000
v 106.0669 238.2395 22.0000
v 106.3844 238.0405 22.0000
v 106.7311 237.8190 22.0000
v 107.1065 237.5750 22.0000
v 107.5094 237.3089 22.0000
v 107.9386 237.0210 22.0000
v 108.3930 236.7117 22.0000
v 108.8713 236.3815 22.0000
v 109.3724 236.0306 22.0000
v 109.8951 235.6594 22.0000
v 110.4388 235.2686 22.0000
v 111.0058 234.8607 22.0000
v 111.5989 234.4382 22.0000
v 112.2210 234.0037 22.0000
v 112.8750 233.5601 22.0000
v 113.5637 233.1099 22.0000
v 114.2900 232.6558 22.0000
v 115.0567 232.2004 22.0000
v 115.8644 231.7468 22.0000
v 116.7037 231.2986 22.0000
v 117.5626 230.8599 22.0000
v 117.6493 230.8174 22.0000
v 367.9401 309.7643 22.0000
v 368.0157 309.7826 22.0000
v 368.7104 309.9572 22.0000
v 369.3528 310.1234 22.0000
v 369.9362 310.2775 22.0000
v 370.4636 310.4191 22.0000
v 370.9402 310.5488 22.0000
v 371.3714 310.6674 22.0000
v 371.7623 310.7753 22.0000
v 372.1183 310.8734 22.0000
v 372.4447 310.9621 22.0000
v 372.7466 311.0421 22.0000
v 373.0290 311.1141 22.0000
v 373.2945 311.1796 22.0000
v 373.5456 311.2397 22.0000
v 373.7844 311.2960 22.0000
v 374.0134 311.3499 22.0000
v 374.2349 311.4028 22.0000
v 374.4511 311.4561 22.0000
v 374.6643 311.5111 22.0000
v 374.8849 311.5731 22.0000
v 375.1551 311.6617 22.0000
v 375.3727 311.7433 22.0000
v 47.9935 79.2507 27.0000
v 50.3589 82.7562 27.0000
v 56.9074 92.4533 27.0000
v 64.1660 102.1489 27.0000
v 64.9836 103.5602 27.0000
v 386.2753 293.6689 27.0000
v 389.5448 291.7268 27.0000
v 402.4482 282.3346 27.0000
v 403.7521 281.5500 27.0000
v 404.1459 281.5142 27.0000
v 406.7952 283.7080 27.0000
v 78.8471 86.9510 33.0000
v 78.2220 85.4171 33.0000
v 77.5233 83.7324 33.0000
v 76.8351 82.1082 33.0000
v 76.1635 80.5651 33.0000
v 75.5150 79.1235 33.0000
v 74.8958 77.8042 33.0000
v 74.3122 76.6277 33.0000
v 73.7686 75.6084 33.0000
v 73.2616 74.7363 33.0000
v 72.7861 73.9950 33.0000
v 72.3367 73.3683 33.0000
v 71.9084 72.8399 33.0000
v 71.4958 72.3937 33.0000
v 71.0937 72.0132 33.0000
v 70.6970 71.6823 33.0000
v 70.3018 71.3869 33.0000
v 69.9265 71.1324 33.0000
v 433.1751 227.1132 33.0000
v 432.9337 227.9382 33.0000
v 432.5207 229.2774 33.0000
v 432.2471 230.1343 33.0000
v 82.9388 79.6198 34.0000
v 82.9135 79.5421 34.0000
v 82.5854 78.5155 34.0000
v 82.2692 77.4935 34.0000
v 81.9713 76.4870 34.0000
v 81.6982 75.5068 34.0000
v 81.4542 74.5627 34.0000
v 81.2354 73.6601 34.0000
v 81.0354 72.8038 34.0000
v 80.8482 71.9983 34.0000
v 80.6675 71.2481 34.0000
v 80.4872 70.5578 34.0000
v 80.3010 69.9320 34.0000
v 80.1028 69.3753 34.0000
v 80.0043 69.1537 34.0000
v 432.8792 223.9490 34.0000
v 432.7424 224.5993 34.0000
v 432.4762 225.7694 34.0000
v 432.2020 226.8840 34.0000
v 431.9175 227.9553 34.0000
v 431.6206 228.9953 34.0000
v 431.3091 230.0164 34.0000
v 431.0759 230.7369 34.0000
v 427.6625 232.4932 36.0000
v 427.7114 232.3892 36.0000
v 427.9312 231.9029 36.0000
v 428.1555 231.3858 36.0000
v 428.3825 230.8427 36.0000
v 428.6098 230.2812 36.0000
v 428.8348 229.7089 36.0000
v 429.0550 229.1333 36.0000
v 429.2680 228.5621 36.0000
v 429.4712 228.0027 36.0000
v 429.6621 227.4628 36.0000
v 429.8389 226.9477 36.0000
v 430.0027 226.4535 36.0000
v 430.1553 225.9740 36.0000
v 430.2983 225.5033 36.0000
v 430.4334 225.0352 36.0000
v 430.5625 224.5635 36.0000
v 430.6873 224.0822 36.0000
v 430.8095 223.5851 36.0000
v 430.9306 223.0667 36.0000
v 431.0505 222.5239 36.0000
v 431.1692 221.9542 36.0000
v 431.2864 221.3548 36.0000
v 431.4018 220.7233 36.0000
v 431.5153 220.0571 36.0000
v 431.6266 219.3535 36.0000
v 431.7356 218.6102 36.0000
v 431.8420 217.8256 36.0000
v 431.9462 217.0034 36.0000
v 432.0486 216.1483 36.0000
v 432.1043 215.6604 36.0000
v 427.4348 167.0383 36.0000
v 426.1156 162.4300 36.0000
v 419.0456 144.9200 36.0000
v 418.5456 143.7300 36.0000
v 418.4556 143.4800 36.0000
v 418.3656 143.1500 36.0000
v 418.3556 142.9600 36.0000
v 418.3856 142.8300 36.0000
v 418.4956 142.7200 36.0000
v 418.5756 142.7200 36.0000
v 418.7156 142.7600 36.0000
v 418.8756 142.9300 36.0000
v 419.4656 144.0800 36.0000
v 423.0956 152.6300 36.0000
v 423.6656 153.3200 36.0000
v 423.6935 153.3275 36.0000
v 92.4618 44.6607 36.0000
v 92.6608 45.1404 36.0000
v 93.1479 46.3306 36.0000
v 93.6206 47.5036 36.0000
v 94.0751 48.6512 36.0000
v 94.5078 49.7661 36.0000
v 94.9170 50.8439 36.0000
v 95.3014 51.8809 36.0000
v 95.6596 52.8734 36.0000
v 95.9904 53.8177 36.0000
v 96.2923 54.7101 36.0000
v 96.5642 55.5470 36.0000
v 96.8045 56.3247 36.0000
v 97.0127 57.0409 36.0000
v 97.1903 57.6995 36.0000
v 97.3392 58.3060 36.0000
v 97.3906 58.5405 36.0000
v 97.2023 67.0076 36.0000
v 97.1361 67.5955 36.0000
v 97.0509 68.3759 36.0000
v 96.9633 69.2310 36.0000
v 96.8792 70.1443 36.0000
v 96.8215 70.8789 36.0000
v 102.2356 70.4204 37.0000
v 102.0100 69.9730 37.0000
v 101.6587 69.2426 37.0000
v 101.3643 68.5933 37.0000
v 101.1202 68.0139 37.0000
v 100.9201 67.4931 37.0000
v 100.7574 67.0198 37.0000
v 100.6256 66.5827 37.0000
v 100.6250 66.5805 37.0000
v 99.9987 63.5570 37.0000
v 99.9892 63.5116 37.0000
v 99.8517 62.9117 37.0000
v 99.6804 62.2310 37.0000
v 99.4702 61.4604 37.0000
v 99.2248 60.6090 37.0000
v 98.9503 59.6902 37.0000
v 98.6525 58.7176 37.0000
v 98.3375 57.7047 37.0000
v 98.0113 56.6649 37.0000
v 97.6798 55.6118 37.0000
v 97.3490 54.5589 37.0000
v 97.0230 53.5153 37.0000
v 96.6979 52.4729 37.0000
v 96.3679 51.4191 37.0000
v 96.0274 50.3413 37.0000
v 95.6705 49.2272 37.0000
v 95.2914 48.0641 37.0000
v 94.8845 46.8395 37.0000
v 94.4439 45.5409 37.0000
v 93.9667 44.1627 37.0000
v 93.4620 42.7271 37.0000
v 92.9413 41.2633 37.0000
v 92.4166 39.8003 37.0000
v 91.5070 37.5680 37.0000
v 89.3250 31.9331 37.0000
v 417.6506 133.2174 37.0000
v 417.8256 133.5300 37.0000
v 418.2856 134.7300 37.0000
v 418.5556 136.1200 37.0000
v 418.6956 137.6600 37.0000
v 418.6956 137.7600 37.0000
v 418.5956 138.4700 37.0000
v 417.6956 140.8900 37.0000
v 417.4056 141.5100 37.0000
v 417.3356 141.9700 37.0000
v 417.3056 142.5800 37.0000
v 417.3656 143.2800 37.0000
v 417.6656 144.0300 37.0000
v 418.6756 145.9600 37.0000
v 419.5956 147.8900 37.0000
v 423.4756 158.5800 37.0000
v 427.3255 170.3862 37.0000
v 427.6218 171.1964 37.0000
v 427.9138 172.0252 37.0000
v 427.9281 172.0676 37.0000
v 431.7466 211.8344 37.0000
v 431.6809 212.6141 37.0000
v 431.5942 213.5500 37.0000
v 431.5024 214.4311 37.0000
v 431.4025 215.2725 37.0000
v 431.2915 216.0899 37.0000
v 431.1662 216.8985 37.0000
v 431.0235 217.7139 37.0000
v 430.8605 218.5513 37.0000
v 430.6748 219.4226 37.0000
v 430.4669 220.3249 37.0000
v 430.2382 221.2518 37.0000
v 429.9900 222.1967 37.0000
v 429.7237 223.1533 37.0000
v 429.4405 224.1151 37.0000
v 429.1419 225.0756 37.0000
v 428.8291 226.0282 37.0000
v 428.5029 226.9682 37.0000
v 428.1623 227.8969 37.0000
v 427.8057 228.8174 37.0000
v 427.4313 229.7325 37.0000
v 427.0376 230.6454 37.0000
v 426.6230 231.5590 37.0000
v 426.1858 232.4763 37.0000
v 425.7244 233.4003 37.0000
v 425.6601 233.5235 37.0000
v 107.6116 68.3673 39.0000
v 107.5779 68.0460 39.0000
v 107.4743 66.7693 39.0000
v 107.3983 65.5060 39.0000
v 107.3465 64.2632 39.0000
v 107.0915 59.0273 39.0000
v 106.1642 47.7724 39.0000
v 104.7339 34.1543 39.0000
v 104.2860 27.1988 39.0000
v 104.1814 26.3168 39.0000
v 399.2826 128.1914 39.0000
v 400.8156 128.8800 39.0000
v 407.6756 130.9700 39.0000
v 409.3856 131.6300 39.0000
v 410.3956 132.1600 39.0000
v 411.6956 133.0900 39.0000
v 412.4056 133.7900 39.0000
v 412.9756 134.5600 39.0000
v 413.4256 135.4800 39.0000
v 413.9956 137.2100 39.0000
v 414.5756 142.5300 39.0000
v 415.0256 145.4900 39.0000
v 416.0056 149.5000 39.0000
v 417.0656 153.2700 39.0000
v 417.5756 154.6400 39.0000
v 419.3856 157.5400 39.0000
v 421.5856 161.4500 39.0000
v 423.7156 165.9400 39.0000
v 424.7702 168.9461 39.0000
v 425.8354 172.4987 39.0000
v 426.3278 174.0535 39.0000
v 426.7828 175.6145 39.0000
v 427.2079 177.1981 39.0000
v 427.6102 178.8204 39.0000
v 427.9970 180.4980 39.0000
v 428.3735 182.2411 39.0000
v 428.7365 184.0368 39.0000
v 429.0806 185.8659 39.0000
v 429.4004 187.7097 39.0000
v 429.5642 188.7475 39.0000
v 430.5487 199.0221 39.0000
v 430.5607 199.5529 39.0000
v 430.5588 200.9985 39.0000
v 430.5259 202.3970 39.0000
v 430.4672 203.7569 39.0000
v 430.3875 205.0863 39.0000
v 430.2918 206.3937 39.0000
v 430.1843 207.6848 39.0000
v 430.0653 208.9553 39.0000
v 429.9341 210.1984 39.0000
v 429.7904 211.4073 39.0000
v 429.6335 212.5750 39.0000
v 429.4629 213.6949 39.0000
v 429.2781 214.7600 39.0000
v 429.0784 215.7636 39.0000
v 428.8629 216.7030 39.0000
v 428.6290 217.5927 39.0000
v 428.3736 218.4513 39.0000
v 428.0937 219.2974 39.0000
v 427.7860 220.1497 39.0000
v 427.4477 221.0269 39.0000
v 427.0755 221.9475 39.0000
v 426.6665 222.9302 39.0000
v 426.2187 223.9880 39.0000
v 425.7349 225.1106 39.0000
v 425.2192 226.2823 39.0000
v 424.6754 227.4870 39.0000
v 424.1075 228.7090 39.0000
v 423.5196 229.9324 39.0000
v 422.9156 231.1412 39.0000
v 422.2994 232.3197 39.0000
v 421.6732 233.4547 39.0000
v 421.0320 234.5448 39.0000
v 420.3690 235.5911 39.0000
v 419.6773 236.5951 39.0000
v 418.9500 237.5581 39.0000
v 418.5330 238.0581 39.0000
v 397.8215 245.3236 41.0000
v 397.8715 245.3419 41.0000
v 398.3577 245.5090 41.0000
v 398.8232 245.6591 41.0000
v 399.2702 245.7910 41.0000
v 399.7007 245.9026 41.0000
v 400.1168 245.9916 41.0000
v 400.5208 246.0561 41.0000
v 400.9146 246.0939 41.0000
v 401.3005 246.1030 41.0000
v 401.6806 246.0811 41.0000
v 402.0582 246.0261 41.0000
v 402.4415 245.9346 41.0000
v 402.8398 245.8031 41.0000
v 403.2624 245.6283 41.0000
v 403.7189 245.4065 41.0000
v 404.2184 245.1344 41.0000
v 404.7704 244.8084 41.0000
v 405.3843 244.4251 41.0000
v 406.0646 243.9836 41.0000
v 406.7968 243.4941 41.0000
v 407.5618 242.9691 41.0000
v 408.3402 242.4215 41.0000
v 409.1129 241.8639 41.0000
v 409.8605 241.3091 41.0000
v 410.5638 240.7697 41.0000
v 411.2036 240.2584 41.0000
v 411.7665 239.7839 41.0000
v 412.2631 239.3377 41.0000
v 412.7099 238.9074 41.0000
v 413.1234 238.4806 41.0000
v 413.5199 238.0447 41.0000
v 413.9160 237.5872 41.0000
v 414.3282 237.0958 41.0000
v 414.7729 236.5578 41.0000
v 415.2619 235.9650 41.0000
v 415.7877 235.3263 41.0000
v 416.3382 234.6545 41.0000
v 416.9013 233.9626 41.0000
v 417.4647 233.2637 41.0000
v 418.0165 232.5707 41.0000
v 418.5443 231.8965 41.0000
v 419.0360 231.2542 41.0000
v 419.4827 230.6528 41.0000
v 419.8880 230.0852 41.0000
v 420.2587 229.5406 41.0000
v 420.6016 229.0079 41.0000
v 420.9237 228.4762 41.0000
v 421.2316 227.9346 41.0000
v 421.5323 227.3720 41.0000
v 421.8325 226.7776 41.0000
v 422.1374 226.1436 41.0000
v 422.4461 225.4754 41.0000
v 422.7558 224.7815 41.0000
v 423.0637 224.0705 41.0000
v 423.3673 223.3510 41.0000
v 423.6639 222.6317 41.0000
v 423.9507 221.9210 41.0000
v 424.2252 221.2275 41.0000
v 424.4851 220.5577 41.0000
v 424.7306 219.9093 41.0000
v 424.9626 219.2778 41.0000
v 425.1816 218.6586 41.0000
v 425.3886 218.0474 41.0000
v 425.5842 217.4396 41.0000
v 425.7692 216.8308 41.0000
v 425.9443 216.2164 41.0000
v 426.1103 215.5932 41.0000
v 426.2682 214.9624 41.0000
v 426.4190 214.3266 41.0000
v 426.5637 213.6884 41.0000
v 426.6353 213.3614 41.0000
v 427.6873 208.5726 41.0000
v 428.3424 202.1407 41.0000
v 428.4017 195.9614 41.0000
v 428.1519 192.7722 41.0000
v 426.8622 185.6967 41.0000
v 423.8624 173.4672 41.0000
v 422.4686 169.8273 41.0000
v 420.5156 165.5800 41.0000
v 418.9556 162.7400 41.0000
v 414.5556 153.9700 41.0000
v 413.3656 149.4300 41.0000
v 412.3856 146.8900 41.0000
v 411.1956 145.1000 41.0000
v 409.7956 143.4400 41.0000
v 408.4456 142.3000 41.0000
v 406.5156 141.1500 41.0000
v 404.2556 139.4900 41.0000
v 392.2456 131.3600 41.0000
v 389.3956 129.5300 41.0000
v 386.8721 127.6870 41.0000
v 115.7326 22.5290 41.0000
v 115.7125 22.7679 41.0000
v 115.9765 25.1277 41.0000
v 117.1614 31.2679 41.0000
v 118.9218 39.5670 41.0000
v 120.1094 45.0865 41.0000
v 120.4989 47.5450 41.0000
v 120.5931 49.2650 41.0000
v 120.6539 50.8297 41.0000
v 120.6885 52.2538 41.0000
v 120.7039 53.5519 41.0000
v 120.7073 54.7387 41.0000
v 120.7057 55.8288 41.0000
v 120.7064 56.8368 41.0000
v 120.7157 57.7763 41.0000
v 120.7379 58.6563 41.0000
v 120.7763 59.4848 41.0000
v 120.8345 60.2695 41.0000
v 120.9159 61.0185 41.0000
v 121.0240 61.7397 41.0000
v 121.1624 62.4409 41.0000
v 121.3345 63.1300 41.0000
v 121.5438 63.8149 41.0000
v 121.7936 64.5025 41.0000
v 122.0874 65.2000 41.0000
v 122.4286 65.9141 41.0000
v 122.8206 66.6519 41.0000
v 123.2666 67.4202 41.0000
v 123.7703 68.2261 41.0000
v 124.3348 69.0764 41.0000
v 124.9606 69.9767 41.0000
v 125.6356 70.9266 41.0000
v 126.3445 71.9245 41.0000
v 127.0722 72.9684 41.0000
v 127.8036 74.0567 41.0000
v 128.3621 74.9341 41.0000
v 396.7614 241.7697 42.0000
v 396.7802 241.7762 42.0000
v 397.2986 241.9363 42.0000
v 397.8241 242.0807 42.0000
v 398.3616 242.2125 42.0000
v 398.9050 242.3320 42.0000
v 399.4459 242.4388 42.0000
v 399.9755 242.5328 42.0000
v 400.4853 242.6137 42.0000
v 400.9668 242.6813 42.0000
v 401.4113 242.7352 42.0000
v 401.8102 242.7752 42.0000
v 402.1594 242.8003 42.0000
v 402.4721 242.8063 42.0000
v 402.7659 242.7883 42.0000
v 403.0587 242.7412 42.0000
v 403.3680 242.6601 42.0000
v 403.7115 242.5400 42.0000
v 404.1069 242.3761 42.0000
v 404.5718 242.1633 42.0000
v 405.1181 241.8987 42.0000
v 405.7339 241.5871 42.0000
v 406.4015 241.2356 42.0000
v 407.1031 240.8509 42.0000
v 407.8211 240.4399 42.0000
v 408.5376 240.0097 42.0000
v 409.2350 239.5670 42.0000
v 409.8956 239.1188 42.0000
v 410.5062 238.6698 42.0000
v 411.0725 238.2160 42.0000
v 411.6050 237.7511 42.0000
v 412.1141 237.2691 42.0000
v 412.6100 236.7637 42.0000
v 413.1031 236.2288 42.0000
v 413.6039 235.6581 42.0000
v 414.1226 235.0455 42.0000
v 414.6664 234.3878 42.0000
v 415.2287 233.6943 42.0000
v 415.7997 232.9771 42.0000
v 416.3696 232.2485 42.0000
v 416.9286 231.5207 42.0000
v 417.4668 230.8059 42.0000
v 417.9745 230.1163 42.0000
v 418.4418 229.4643 42.0000
v 418.8617 228.8582 42.0000
v 419.2387 228.2914 42.0000
v 419.5801 227.7536 42.0000
v 419.8931 227.2345 42.0000
v 420.1850 226.7236 42.0000
v 420.4631 226.2106 42.0000
v 420.7347 225.6851 42.0000
v 421.0071 225.1369 42.0000
v 421.2859 224.5577 42.0000
v 421.5703 223.9491 42.0000
v 421.8578 223.3144 42.0000
v 422.1459 222.6575 42.0000
v 422.4322 221.9818 42.0000
v 422.7141 221.2910 42.0000
v 422.9892 220.5888 42.0000
v 423.2551 219.8786 42.0000
v 423.5098 219.1630 42.0000
v 423.7543 218.4393 42.0000
v 423.9899 217.7034 42.0000
v 424.2182 216.9516 42.0000
v 424.4406 216.1799 42.0000
v 424.6586 215.3844 42.0000
v 424.8736 214.5611 42.0000
v 425.0871 213.7063 42.0000
v 425.2237 213.1450 42.0000
v 426.1511 209.4168 42.0000
v 427.0748 203.4158 42.0000
v 427.2463 195.5845 42.0000
v 426.7052 190.1598 42.0000
v 425.6298 184.4805 42.0000
v 423.0514 175.6159 42.0000
v 421.8856 172.8100 42.0000
v 418.7756 165.9500 42.0000
v 417.2056 162.9900 42.0000
v 409.5956 149.7300 42.0000
v 407.6156 143.5600 42.0000
v 407.0956 142.8600 42.0000
v 406.2956 142.3300 42.0000
v 405.1656 141.7700 42.0000
v 403.6056 140.9500 42.0000
v 400.4056 139.1700 42.0000
v 397.5656 137.4000 42.0000
v 389.1356 132.0700 42.0000
v 384.4256 128.3500 42.0000
v 383.7003 127.5581 42.0000
v 122.8381 20.1702 42.0000
v 122.8186 20.3272 42.0000
v 122.5711 23.3485 42.0000
v 122.8526 29.5455 42.0000
v 124.3809 52.5443 42.0000
v 124.7650 59.6054 42.0000
v 125.3860 63.1344 42.0000
v 128.4586 68.5070 42.0000
v 131.8264 74.4176 42.0000
v 132.6414 76.1302 42.0000
v 133.2020 77.5492 42.0000
v 133.6922 78.9933 42.0000
v 134.0693 80.5239 42.0000
v 135.5970 86.6651 42.0000
v 397.6793 239.8039 43.0000
v 397.8095 239.8409 43.0000
v 398.1309 239.9216 43.0000
v 398.4448 239.9904 43.0000
v 398.7538 240.0485 43.0000
v 399.0602 240.0970 43.0000
v 399.3666 240.1373 43.0000
v 399.6755 240.1705 43.0000
v 399.9884 240.1977 43.0000
v 400.3043 240.2197 43.0000
v 400.6212 240.2371 43.0000
v 400.9372 240.2505 43.0000
v 401.2502 240.2606 43.0000
v 401.5585 240.2680 43.0000
v 401.8599 240.2734 43.0000
v 402.1527 240.2773 43.0000
v 402.4358 240.2799 43.0000
v 402.7120 240.2794 43.0000
v 402.9851 240.2736 43.0000
v 403.2590 240.2601 43.0000
v 403.5374 240.2367 43.0000
v 403.8240 240.2011 43.0000
v 404.1227 240.1511 43.0000
v 404.4372 240.0843 43.0000
v 404.7703 239.9989 43.0000
v 405.1205 239.8952 43.0000
v 405.4852 239.7736 43.0000
v 405.8620 239.6349 43.0000
v 406.2481 239.4797 43.0000
v 406.6412 239.3086 43.0000
v 407.0386 239.1222 43.0000
v 407.4379 238.9212 43.0000
v 407.8366 238.7062 43.0000
v 408.2334 238.4777 43.0000
v 408.6269 238.2365 43.0000
v 409.0159 237.9832 43.0000
v 409.3992 237.7183 43.0000
v 409.7756 237.4424 43.0000
v 410.1436 237.1563 43.0000
v 410.5023 236.8604 43.0000
v 410.8507 236.5552 43.0000
v 411.1910 236.2393 43.0000
v 411.5255 235.9115 43.0000
v 411.8568 235.5701 43.0000
v 412.1874 235.2138 43.0000
v 412.5198 234.8410 43.0000
v 412.8564 234.4504 43.0000
v 413.1998 234.0403 43.0000
v 413.5517 233.6104 43.0000
v 413.9104 233.1640 43.0000
v 414.2736 232.7055 43.0000
v 414.6389 232.2394 43.0000
v 415.0039 231.7700 43.0000
v 415.3662 231.3017 43.0000
v 415.7233 230.8390 43.0000
v 416.0729 230.3862 43.0000
v 416.4130 229.9466 43.0000
v 416.7432 229.5187 43.0000
v 417.0636 229.1000 43.0000
v 417.3741 228.6879 43.0000
v 417.6747 228.2798 43.0000
v 417.9656 227.8732 43.0000
v 418.2467 227.4654 43.0000
v 418.5181 227.0539 43.0000
v 418.7800 226.6364 43.0000
v 419.0331 226.2123 43.0000
v 419.2784 225.7809 43.0000
v 419.5169 225.3418 43.0000
v 419.7496 224.8947 43.0000
v 419.9774 224.4390 43.0000
v 420.2013 223.9742 43.0000
v 420.4222 223.5000 43.0000
v 420.6411 223.0157 43.0000
v 420.8586 222.5196 43.0000
v 421.0756 222.0101 43.0000
v 421.2925 221.4853 43.0000
v 421.5102 220.9434 43.0000
v 421.7292 220.3827 43.0000
v 421.9502 219.8014 43.0000
v 422.1740 219.1976 43.0000
v 422.4009 218.5695 43.0000
v 422.6304 217.9140 43.0000
v 422.8621 217.2281 43.0000
v 423.0950 216.5086 43.0000
v 423.3286 215.7524 43.0000
v 423.5622 214.9563 43.0000
v 423.7951 214.1172 43.0000
v 423.9939 213.3572 43.0000
v 425.3654 207.1561 43.0000
v 426.0207 199.1869 43.0000
v 425.9756 193.0200 43.0000
v 425.6656 190.2900 43.0000
v 425.1056 187.1000 43.0000
v 424.5556 184.9500 43.0000
v 423.8456 182.8000 43.0000
v 421.5556 176.6400 43.0000
v 419.2756 171.2600 43.0000
v 416.7356 165.7200 43.0000
v 414.8656 162.1800 43.0000
v 412.3856 157.8900 43.0000
v 409.9856 154.0600 43.0000
v 407.5456 150.7000 43.0000
v 406.7856 149.1200 43.0000
v 405.3456 145.3500 43.0000
v 404.8256 144.5700 43.0000
v 403.9956 143.5700 43.0000
v 403.4756 143.1400 43.0000
v 402.3456 142.4400 43.0000
v 399.2556 141.2100 43.0000
v 396.2356 139.3500 43.0000
v 392.4156 136.5100 43.0000
v 379.8793 127.4028 43.0000
v 130.5957 17.5950 43.0000
v 130.5698 17.6646 43.0000
v 130.1588 19.7358 43.0000
v 129.4253 24.6284 43.0000
v 128.5826 31.4959 43.0000
v 129.0092 44.7567 43.0000
v 129.2011 58.4786 43.0000
v 129.6248 63.5863 43.0000
v 132.3917 68.9648 43.0000
v 134.9502 75.3217 43.0000
v 135.2504 76.3639 43.0000
v 135.6049 77.6246 43.0000
v 135.9742 78.9572 43.0000
v 136.3583 80.3492 43.0000
v 136.7571 81.7881 43.0000
v 137.1707 83.2614 43.0000
v 137.5991 84.7568 43.0000
v 138.0421 86.2617 43.0000
v 138.4998 87.7637 43.0000
v 138.9724 89.2526 43.0000
v 139.4611 90.7270 43.0000
v 139.9674 92.1879 43.0000
v 140.4927 93.6361 43.0000
v 141.0385 95.0726 43.0000
v 141.6063 96.4983 43.0000
v 142.1975 97.9141 43.0000
v 142.8136 99.3209 43.0000
v 143.4550 100.7187 43.0000
v 144.1176 102.1043 43.0000
v 144.6362 103.1500 43.0000
v 330.4305 199.0750 43.0000
v 330.4347 199.0754 43.0000
v 331.0950 199.1552 43.0000
v 331.7092 199.2406 43.0000
v 332.2663 199.3280 43.0000
v 332.7584 199.4140 43.0000
v 333.1902 199.4976 43.0000
v 333.5695 199.5784 43.0000
v 333.9042 199.6558 43.0000
v 334.2020 199.7295 43.0000
v 334.4709 199.7990 43.0000
v 334.7185 199.8638 43.0000
v 334.9528 199.9235 43.0000
v 335.1814 199.9783 43.0000
v 335.4118 200.0317 43.0000
v 335.6511 200.0879 43.0000
v 335.9066 200.1512 43.0000
v 336.1857 200.2256 43.0000
v 336.4955 200.3154 43.0000
v 336.8432 200.4248 43.0000
v 337.2363 200.5581 43.0000
v 337.6790 200.7180 43.0000
v 338.1645 200.9025 43.0000
v 338.6831 201.1080 43.0000
v 339.2249 201.3311 43.0000
v 339.7803 201.5682 43.0000
v 340.3395 201.8159 43.0000
v 340.8929 202.0708 43.0000
v 341.4305 202.3292 43.0000
v 341.9455 202.5891 43.0000
v 342.4421 202.8531 43.0000
v 342.9271 203.1253 43.0000
v 343.4074 203.4098 43.0000
v 343.8901 203.7106 43.0000
v 344.3819 204.0317 43.0000
v 344.8898 204.3771 43.0000
v 345.4207 204.7510 43.0000
v 345.9813 205.1566 43.0000
v 346.5770 205.5936 43.0000
v 347.2132 206.0612 43.0000
v 347.8949 206.5584 43.0000
v 348.6275 207.0844 43.0000
v 349.4162 207.6381 43.0000
v 350.2662 208.2186 43.0000
v 351.1827 208.8251 43.0000
v 352.1686 209.4559 43.0000
v 353.2169 210.1077 43.0000
v 354.3183 210.7764 43.0000
v 355.4635 211.4580 43.0000
v 356.6433 212.1485 43.0000
v 357.8483 212.8438 43.0000
v 359.0691 213.5401 43.0000
v 360.2965 214.2331 43.0000
v 361.5228 214.9205 43.0000
v 362.7468 215.6054 43.0000
v 363.9692 216.2928 43.0000
v 365.1905 216.9875 43.0000
v 366.4111 217.6942 43.0000
v 367.6317 218.4177 43.0000
v 368.8527 219.1628 43.0000
v 370.0748 219.9344 43.0000
v 371.2979 220.7358 43.0000
v 372.5202 221.5644 43.0000
v 373.7397 222.4164 43.0000
v 374.9540 223.2877 43.0000
v 376.1610 224.1743 43.0000
v 377.3583 225.0724 43.0000
v 378.5438 225.9780 43.0000
v 378.8976 226.2525 43.0000
v 398.5403 237.9597 44.0000
v 398.6608 237.9755 44.0000
v 399.0680 238.0174 44.0000
v 399.4856 238.0492 44.0000
v 399.9138 238.0710 44.0000
v 400.3531 238.0827 44.0000
v 400.8037 238.0844 44.0000
v 401.2659 238.0760 44.0000
v 401.7400 238.0576 44.0000
v 402.2264 238.0291 44.0000
v 402.7253 237.9897 44.0000
v 403.2372 237.9354 44.0000
v 403.7622 237.8612 44.0000
v 404.3008 237.7621 44.0000
v 404.8533 237.6333 44.0000
v 405.4200 237.4698 44.0000
v 406.0013 237.2666 44.0000
v 406.5974 237.0189 44.0000
v 407.2075 236.7236 44.0000
v 407.8258 236.3846 44.0000
v 408.4455 236.0078 44.0000
v 409.0596 235.5992 44.0000
v 409.6611 235.1644 44.0000
v 410.2432 234.7095 44.0000
v 410.7990 234.2403 44.0000
v 411.3214 233.7625 44.0000
v 411.8056 233.2815 44.0000
v 412.2547 232.7997 44.0000
v 412.6740 232.3190 44.0000
v 413.0685 231.8413 44.0000
v 413.4436 231.3685 44.0000
v 413.8043 230.9024 44.0000
v 414.1559 230.4448 44.0000
v 414.5034 229.9978 44.0000
v 414.8511 229.5623 44.0000
v 415.1988 229.1358 44.0000
v 415.5452 228.7153 44.0000
v 415.8890 228.2973 44.0000
v 416.2290 227.8788 44.0000
v 416.5641 227.4564 44.0000
v 416.8928 227.0269 44.0000
v 417.2141 226.5870 44.0000
v 417.5272 226.1330 44.0000
v 417.8342 225.6583 44.0000
v 418.1377 225.1559 44.0000
v 418.4403 224.6186 44.0000
v 418.7445 224.0395 44.0000
v 419.0531 223.4115 44.0000
v 419.3686 222.7274 44.0000
v 419.6937 221.9802 44.0000
v 420.0299 221.1647 44.0000
v 420.3753 220.2836 44.0000
v 420.7265 219.3412 44.0000
v 421.0805 218.3421 44.0000
v 421.4343 217.2909 44.0000
v 421.7845 216.1919 44.0000
v 422.1282 215.0496 44.0000
v 422.4623 213.8687 44.0000
v 423.2308 211.0100 44.0000
v 424.2056 206.8500 44.0000
v 424.4056 204.3700 44.0000
v 424.5656 199.7500 44.0000
v 424.4356 195.0400 44.0000
v 423.9256 190.2400 44.0000
v 423.4656 187.5400 44.0000
v 422.7356 184.6600 44.0000
v 422.1656 183.0900 44.0000
v 419.5056 176.3200 44.0000
v 417.2356 170.9800 44.0000
v 414.6556 165.3600 44.0000
v 411.7456 159.9100 44.0000
v 410.1356 157.2800 44.0000
v 408.7956 155.3900 44.0000
v 404.3556 149.6100 44.0000
v 402.7856 146.7600 44.0000
v 401.5456 145.4000 44.0000
v 400.5256 144.6700 44.0000
v 392.5056 139.4400 44.0000
v 379.5056 129.9800 44.0000
v 375.9608 127.2435 44.0000
v 184.5434 1.2045 44.0000
v 183.0265 0.2886 44.0000
v 136.8527 15.4923 44.0000
v 135.0251 19.0860 44.0000
v 133.5656 21.8490 44.0000
v 132.4134 27.9890 44.0000
v 131.8743 37.5680 44.0000
v 132.4136 56.5884 44.0000
v 133.1043 64.6031 44.0000
v 134.1801 68.2140 44.0000
v 136.7944 74.9523 44.0000
v 137.8493 77.7553 44.0000
v 138.3215 79.4706 44.0000
v 138.8222 81.2984 44.0000
v 139.3406 83.1895 44.0000
v 139.8660 85.0945 44.0000
v 140.3879 86.9641 44.0000
v 140.8954 88.7491 44.0000
v 141.3780 90.4001 44.0000
v 141.8281 91.8800 44.0000
v 142.2510 93.2004 44.0000
v 142.6554 94.3850 44.0000
v 143.0497 95.4576 44.0000
v 143.4424 96.4419 44.0000
v 143.8421 97.3615 44.0000
v 144.2573 98.2403 44.0000
v 144.6965 99.1020 44.0000
v 145.1664 99.9668 44.0000
v 145.6655 100.8410 44.0000
v 146.1909 101.7272 44.0000
v 146.7392 102.6282 44.0000
v 147.3073 103.5467 44.0000
v 147.8920 104.4855 44.0000
v 148.4901 105.4474 44.0000
v 149.0985 106.4349 44.0000
v 149.7156 107.4508 44.0000
v 150.3468 108.4972 44.0000
v 150.9990 109.5760 44.0000
v 151.6793 110.6893 44.0000
v 152.3947 111.8389 44.0000
v 153.1522 113.0271 44.0000
v 153.9588 114.2556 44.0000
v 154.8216 115.5265 44.0000
v 155.7451 116.8392 44.0000
v 156.7248 118.1826 44.0000
v 157.7534 119.5427 44.0000
v 158.8240 120.9059 44.0000
v 159.9295 122.2584 44.0000
v 161.0628 123.5863 44.0000
v 162.2168 124.8759 44.0000
v 163.3845 126.1135 44.0000
v 164.5581 127.2876 44.0000
v 165.7268 128.3969 44.0000
v 166.8790 129.4424 44.0000
v 168.0032 130.4252 44.0000
v 169.0879 131.3463 44.0000
v 170.1216 132.2068 44.0000
v 170.4862 132.5075 44.0000
v 330.4606 196.7590 44.0000
v 330.7881 196.7579 44.0000
v 331.3256 196.7727 44.0000
v 331.8847 196.8028 44.0000
v 332.4570 196.8461 44.0000
v 333.0342 196.9003 44.0000
v 333.6077 196.9630 44.0000
v 334.1692 197.0319 44.0000
v 334.7102 197.1049 44.0000
v 335.2224 197.1796 44.0000
v 335.7002 197.2549 44.0000
v 336.1498 197.3345 44.0000
v 336.5804 197.4231 44.0000
v 337.0011 197.5256 44.0000
v 337.4209 197.6468 44.0000
v 337.8491 197.7915 44.0000
v 338.2946 197.9645 44.0000
v 338.7667 198.1706 44.0000
v 339.2734 198.4140 44.0000
v 339.8181 198.6966 44.0000
v 340.4032 199.0195 44.0000
v 341.0312 199.3839 44.0000
v 341.7044 199.7910 44.0000
v 342.4252 200.2421 44.0000
v 343.1960 200.7383 44.0000
v 344.0191 201.2808 44.0000
v 344.8965 201.8696 44.0000
v 345.8270 202.4993 44.0000
v 346.8093 203.1635 44.0000
v 347.8418 203.8557 44.0000
v 348.9230 204.5693 44.0000
v 350.0514 205.2979 44.0000
v 351.2254 206.0348 44.0000
v 352.4435 206.7735 44.0000
v 353.7041 207.5096 44.0000
v 355.0049 208.2462 44.0000
v 356.3436 208.9886 44.0000
v 357.7179 209.7420 44.0000
v 359.1254 210.5117 44.0000
v 360.5638 211.3028 44.0000
v 362.0307 212.1207 44.0000
v 363.5238 212.9704 44.0000
v 365.0387 213.8546 44.0000
v 366.5627 214.7646 44.0000
v 368.0813 215.6892 44.0000
v 369.5796 216.6170 44.0000
v 371.0431 217.5368 44.0000
v 372.4570 218.4373 44.0000
v 373.8067 219.3072 44.0000
v 375.0774 220.1352 44.0000
v 376.2594 220.9136 44.0000
v 377.3623 221.6494 44.0000
v 378.4007 222.3533 44.0000
v 379.3891 223.0358 44.0000
v 380.3419 223.7077 44.0000
v 381.2738 224.3795 44.0000
v 382.1992 225.0619 44.0000
v 383.1327 225.7655 44.0000
v 384.0841 226.4974 44.0000
v 385.0438 227.2506 44.0000
v 385.7769 227.8377 44.0000
v 401.7976 230.8773 46.0000
v 402.1940 230.9933 46.0000
v 402.6062 231.0911 46.0000
v 403.0132 231.1647 46.0000
v 403.4204 231.2155 46.0000
v 403.8333 231.2450 46.0000
v 404.2558 231.2543 46.0000
v 404.6871 231.2428 46.0000
v 405.1247 231.2093 46.0000
v 405.5664 231.1529 46.0000
v 406.0099 231.0725 46.0000
v 406.4528 230.9671 46.0000
v 406.8929 230.8355 46.0000
v 407.3277 230.6769 46.0000
v 407.7558 230.4904 46.0000
v 408.1783 230.2763 46.0000
v 408.5970 230.0352 46.0000
v 409.0138 229.7677 46.0000
v 409.4305 229.4744 46.0000
v 409.8490 229.1559 46.0000
v 410.2712 228.8128 46.0000
v 410.6989 228.4457 46.0000
v 411.1331 228.0559 46.0000
v 411.5710 227.6472 46.0000
v 412.0093 227.2243 46.0000
v 412.4442 226.7919 46.0000
v 412.8723 226.3543 46.0000
v 413.2900 225.9164 46.0000
v 413.6937 225.4827 46.0000
v 414.0799 225.0577 46.0000
v 414.4462 224.6434 46.0000
v 414.7948 224.2305 46.0000
v 415.1290 223.8073 46.0000
v 415.4052 223.4267 46.0000
v 416.7536 221.4095 46.0000
v 417.9441 218.1096 46.0000
v 419.5692 211.4730 46.0000
v 419.9856 210.0700 46.0000
v 420.7056 207.0700 46.0000
v 420.9356 205.2600 46.0000
v 421.0156 203.2100 46.0000
v 420.9756 199.6000 46.0000
v 420.6856 194.8400 46.0000
v 420.1956 190.7600 46.0000
v 419.5456 187.5800 46.0000
v 418.6956 184.8300 46.0000
v 417.0956 180.8500 46.0000
v 412.5056 169.7400 46.0000
v 410.4656 165.5600 46.0000
v 408.0656 161.2700 46.0000
v 406.9956 159.6700 46.0000
v 404.9156 157.0200 46.0000
v 401.7656 153.3500 46.0000
v 399.1156 150.5900 46.0000
v 396.8056 148.3900 46.0000
v 395.1356 147.0800 46.0000
v 390.8456 143.8500 46.0000
v 387.3756 140.7500 46.0000
v 383.8756 138.2000 46.0000
v 379.2956 135.0000 46.0000
v 370.2156 129.1400 46.0000
v 368.1556 127.6300 46.0000
v 366.9503 126.8773 46.0000
v 188.3191 8.4247 46.0000
v 180.9556 4.2100 46.0000
v 177.3442 2.1373 46.0000
v 149.1638 11.3229 46.0000
v 141.4156 21.5900 46.0000
v 140.6656 23.1000 46.0000
v 139.2456 26.1900 46.0000
v 138.4863 28.9320 46.0000
v 137.9577 31.2473 46.0000
v 137.5380 34.3997 46.0000
v 137.4997 37.5680 46.0000
v 137.8529 51.7125 46.0000
v 138.0791 61.3151 46.0000
v 138.6070 66.6585 46.0000
v 139.1082 70.1830 46.0000
v 139.3181 71.5613 46.0000
v 139.4357 72.3519 46.0000
v 139.5946 73.1998 46.0000
v 139.8006 74.1187 46.0000
v 140.0574 75.1197 46.0000
v 140.3616 76.2012 46.0000
v 140.7082 77.3589 46.0000
v 141.0921 78.5884 46.0000
v 141.5082 79.8853 46.0000
v 141.9514 81.2450 46.0000
v 142.4165 82.6633 46.0000
v 142.8985 84.1358 46.0000
v 143.3933 85.6555 46.0000
v 143.9006 87.2062 46.0000
v 144.4211 88.7692 46.0000
v 144.9556 90.3257 46.0000
v 145.5048 91.8572 46.0000
v 146.0694 93.3448 46.0000
v 146.6503 94.7698 46.0000
v 147.2480 96.1136 46.0000
v 147.8628 97.3631 46.0000
v 148.4928 98.5281 46.0000
v 149.1353 99.6238 46.0000
v 149.7879 100.6656 46.0000
v 150.4480 101.6690 46.0000
v 151.1131 102.6492 46.0000
v 151.7806 103.6217 46.0000
v 152.4480 104.6017 46.0000
v 153.1137 105.6014 46.0000
v 153.7797 106.6198 46.0000
v 154.4489 107.6526 46.0000
v 155.1243 108.6954 46.0000
v 155.8087 109.7441 46.0000
v 156.5051 110.7943 46.0000
v 157.2164 111.8418 46.0000
v 157.9455 112.8823 46.0000
v 158.6972 113.9140 46.0000
v 159.4835 114.9458 46.0000
v 160.3183 115.9889 46.0000
v 161.2154 117.0548 46.0000
v 162.1887 118.1549 46.0000
v 163.2520 119.3003 46.0000
v 164.4193 120.5026 46.0000
v 165.7044 121.7731 46.0000
v 167.1134 123.1173 46.0000
v 168.6217 124.5172 46.0000
v 170.1970 125.9490 46.0000
v 171.8068 127.3891 46.0000
v 173.4189 128.8136 46.0000
v 175.0008 130.1987 46.0000
v 176.5203 131.5207 46.0000
v 177.9449 132.7558 46.0000
v 179.2504 133.8871 46.0000
v 180.4446 134.9253 46.0000
v 181.5436 135.8879 46.0000
v 182.5631 136.7927 46.0000
v 183.5193 137.6572 46.0000
v 184.4279 138.4989 46.0000
v 184.6577 138.7181 46.0000
v 330.2624 192.3906 46.0000
v 330.4784 192.4667 46.0000
v 331.4519 192.7935 46.0000
v 332.4066 193.0961 46.0000
v 333.3500 193.3756 46.0000
v 334.2890 193.6345 46.0000
v 335.2288 193.8818 46.0000
v 336.1740 194.1278 46.0000
v 337.1294 194.3829 46.0000
v 338.0995 194.6573 46.0000
v 339.0891 194.9615 46.0000
v 340.1029 195.3059 46.0000
v 341.1455 195.7007 46.0000
v 342.2222 196.1544 46.0000
v 343.3400 196.6676 46.0000
v 344.5068 197.2389 46.0000
v 345.7302 197.8668 46.0000
v 347.0179 198.5500 46.0000
v 348.3775 199.2872 46.0000
v 349.8168 200.0768 46.0000
v 351.3435 200.9176 46.0000
v 352.9617 201.8072 46.0000
v 354.6612 202.7394 46.0000
v 356.4282 203.7071 46.0000
v 358.2491 204.7032 46.0000
v 360.1100 205.7206 46.0000
v 361.9973 206.7520 46.0000
v 363.8971 207.7905 46.0000
v 365.7958 208.8290 46.0000
v 367.6790 209.8603 46.0000
v 369.5310 210.8785 46.0000
v 371.3353 211.8775 46.0000
v 373.0755 212.8513 46.0000
v 374.7352 213.7941 46.0000
v 376.2981 214.6997 46.0000
v 377.7478 215.5623 46.0000
v 379.0678 216.3758 46.0000
v 380.2491 217.1371 46.0000
v 381.3112 217.8537 46.0000
v 382.2810 218.5362 46.0000
v 383.1854 219.1950 46.0000
v 384.0512 219.8404 46.0000
v 384.9053 220.4829 46.0000
v 385.7746 221.1330 46.0000
v 386.6858 221.8010 46.0000
v 387.6585 222.4940 46.0000
v 388.6822 223.2048 46.0000
v 389.7393 223.9232 46.0000
v 390.8119 224.6385 46.0000
v 391.8823 225.3405 46.0000
v 392.9328 226.0185 46.0000
v 393.9455 226.6623 46.0000
v 394.9027 227.2612 46.0000
v 395.7906 227.8072 46.0000
v 396.1309 228.0121 46.0000
v 182.5284 255.4480 17.0000
v 182.6697 255.4859 17.0000
v 184.4399 255.9499 17.0000
v 184.5907 255.9587 17.0000
v 184.6702 255.9634 17.0000
v 185.0068 255.9830 17.0000
v 185.6396 256.0203 17.0000
v 186.4406 256.0679 17.0000
v 187.3613 256.1233 17.0000
v 188.3531 256.1837 17.0000
v 189.3677 256.2467 17.0000
v 190.3564 256.3097 17.0000
v 191.2795 256.3703 17.0000
v 192.1329 256.4281 17.0000
v 192.9208 256.4827 17.0000
v 193.6479 256.5339 17.0000
v 193.9479 256.5551 17.0000
v 194.3185 256.5814 17.0000
v 194.9372 256.6251 17.0000
v 195.5084 256.6647 17.0000
v 196.0366 256.6999 17.0000
v 196.5263 256.7307 17.0000
v 196.9817 256.7571 17.0000
v 197.4071 256.7795 17.0000
v 197.8068 256.7982 17.0000
v 198.1849 256.8134 17.0000
v 198.5457 256.8255 17.0000
v 198.8934 256.8347 17.0000
v 199.2324 256.8414 17.0000
v 199.5661 256.8459 17.0000
v 199.8952 256.8488 17.0000
v 200.2200 256.8509 17.0000
v 200.4459 256.8524 17.0000
v 200.5403 256.8530 17.0000
v 200.8563 256.8557 17.0000
v 201.1680 256.8599 17.0000
v 201.4755 256.8662 17.0000
v 201.7788 256.8755 17.0000
v 202.0788 256.8884 17.0000
v 202.3792 256.9059 17.0000
v 202.6844 256.9289 17.0000
v 202.9991 256.9582 17.0000
v 203.3277 256.9949 17.0000
v 203.6748 257.0397 17.0000
v 204.0448 257.0937 17.0000
v 204.4422 257.1577 17.0000
v 204.8705 257.2326 17.0000
v 205.3289 257.3187 17.0000
v 205.8154 257.4163 17.0000
v 206.3283 257.5258 17.0000
v 206.8657 257.6473 17.0000
v 207.4256 257.7812 17.0000
v 208.0061 257.9278 17.0000
v 208.6055 258.0874 17.0000
v 209.2216 258.2603 17.0000
v 209.8517 258.4474 17.0000
v 210.4927 258.6495 17.0000
v 211.1418 258.8677 17.0000
v 211.7960 259.1027 17.0000
v 212.4522 259.3556 17.0000
v 213.1076 259.6272 17.0000
v 213.7592 259.9184 17.0000
v 214.4048 260.2297 17.0000
v 215.0459 260.5590 17.0000
v 215.6850 260.9039 17.0000
v 216.3243 261.2619 17.0000
v 216.8783 261.5800 17.0000
v 216.9661 261.6304 17.0000
v 217.6129 262.0070 17.0000
v 218.2669 262.3891 17.0000
v 218.9305 262.7743 17.0000
v 219.6043 263.1602 17.0000
v 220.2824 263.5446 17.0000
v 220.9569 263.9257 17.0000
v 221.3056 264.1232 17.0000
v 221.6202 264.3014 17.0000
v 222.2644 264.6698 17.0000
v 222.8820 265.0288 17.0000
v 223.4651 265.3767 17.0000
v 224.0061 265.7112 17.0000
v 224.4997 266.0311 17.0000
v 224.9507 266.3369 17.0000
v 225.3664 266.6299 17.0000
v 225.7542 266.9111 17.0000
v 225.9304 267.0410 17.0000
v 226.1214 267.1817 17.0000
v 226.4753 267.4429 17.0000
v 226.8232 267.6959 17.0000
v 227.1725 267.9417 17.0000
v 227.5304 268.1817 17.0000
v 227.9038 268.4168 17.0000
v 228.2996 268.6481 17.0000
v 228.7246 268.8768 17.0000
v 229.1858 269.1040 17.0000
v 229.6899 269.3306 17.0000
v 230.2439 269.5579 17.0000
v 230.8546 269.7870 17.0000
v 231.5255 270.0182 17.0000
v 232.2470 270.2492 17.0000
v 233.0059 270.4772 17.0000
v 233.7893 270.6993 17.0000
v 234.5841 270.9125 17.0000
v 235.3772 271.1138 17.0000
v 236.1558 271.3004 17.0000
v 236.9066 271.4693 17.0000
v 237.6196 271.6184 17.0000
v 238.2970 271.7493 17.0000
v 238.9435 271.8643 17.0000
v 239.5642 271.9658 17.0000
v 240.1641 272.0560 17.0000
v 240.7482 272.1373 17.0000
v 241.3214 272.2121 17.0000
v 241.8887 272.2828 17.0000
v 242.4548 272.3514 17.0000
v 243.0229 272.4193 17.0000
v 243.5961 272.4875 17.0000
v 243.8100 272.5132 17.0000
v 244.1773 272.5572 17.0000
v 244.7695 272.6294 17.0000
v 245.3757 272.7052 17.0000
v 245.9989 272.7858 17.0000
v 246.6421 272.8721 17.0000
v 247.3068 272.9653 17.0000
v 247.9887 273.0668 17.0000
v 248.6822 273.1777 17.0000
v 249.3816 273.2994 17.0000
v 250.0813 273.4332 17.0000
v 250.7755 273.5804 17.0000
v 251.4586 273.7422 17.0000
v 252.1248 273.9201 17.0000
v 252.7714 274.1155 17.0000
v 253.4062 274.3308 17.0000
v 254.0403 274.5685 17.0000
v 254.6843 274.8314 17.0000
v 255.3490 275.1219 17.0000
v 256.0455 275.4427 17.0000
v 256.7843 275.7964 17.0000
v 257.5765 276.1855 17.0000
v 258.4290 276.6112 17.0000
v 259.3340 277.0681 17.0000
v 260.2802 277.5497 17.0000
v 261.2559 278.0492 17.0000
v 262.1893 278.5289 17.0000
v 262.2496 278.5599 17.0000
v 263.2498 279.0750 17.0000
v 264.2450 279.5879 17.0000
v 265.2237 280.0918 17.0000
v 266.1769 280.5813 17.0000
v 267.1051 281.0563 17.0000
v 268.0117 281.5180 17.0000
v 268.8998 281.9676 17.0000
v 269.7724 282.4062 17.0000
v 270.6329 282.8352 17.0000
v 271.4844 283.2557 17.0000
v 272.3300 283.6688 17.0000
v 273.1713 284.0750 17.0000
v 274.0032 284.4708 17.0000
v 274.8190 284.8522 17.0000
v 275.6121 285.2148 17.0000
v 276.3757 285.5545 17.0000
v 277.1033 285.8671 17.0000
v 277.7880 286.1484 17.0000
v 278.4232 286.3942 17.0000
v 279.0045 286.6016 17.0000
v 279.5367 286.7725 17.0000
v 280.0267 286.9104 17.0000
v 280.4816 287.0187 17.0000
v 280.9084 287.1005 17.0000
v 281.3141 287.1593 17.0000
v 281.7059 287.1984 17.0000
v 282.0905 287.2211 17.0000
v 282.4748 287.2302 17.0000
v 282.8635 287.2264 17.0000
v 283.2610 287.2095 17.0000
v 283.6718 287.1798 17.0000
v 284.1002 287.1372 17.0000
v 284.5508 287.0817 17.0000
v 285.0280 287.0135 17.0000
v 285.5361 286.9324 17.0000
v 286.0773 286.8388 17.0000
v 286.6444 286.7333 17.0000
v 287.2283 286.6169 17.0000
v 287.8194 286.4902 17.0000
v 288.4083 286.3543 17.0000
v 288.9858 286.2100 17.0000
v 289.5424 286.0581 17.0000
v 290.0687 285.8994 17.0000
v 290.5571 285.7357 17.0000
v 291.0065 285.5717 17.0000
v 291.4176 285.4131 17.0000
v 291.7909 285.2653 17.0000
v 291.8519 285.2414 17.0000
v 292.1271 285.1340 17.0000
v 292.4268 285.0247 17.0000
v 292.6908 284.9430 17.0000
v 292.9195 284.8946 17.0000
v 293.1143 284.8840 17.0000
v 293.2793 284.9120 17.0000
v 293.4190 284.9785 17.0000
v 293.5383 285.0833 17.0000
v 293.6418 285.2263 17.0000
v 293.7341 285.4073 17.0000
v 293.8200 285.6262 17.0000
v 293.9042 285.8829 17.0000
v 293.9907 286.1759 17.0000
v 294.0807 286.4992 17.0000
v 294.1748 286.8457 17.0000
v 294.2212 287.0156 17.0000
v 294.2736 287.2081 17.0000
v 294.3777 287.5791 17.0000
v 294.4875 287.9517 17.0000
v 294.6038 288.3184 17.0000
v 294.7270 288.6722 17.0000
v 294.8576 289.0077 17.0000
v 294.9958 289.3270 17.0000
v 295.1415 289.6341 17.0000
v 295.2948 289.9330 17.0000
v 295.4557 290.2278 17.0000
v 295.6241 290.5226 17.0000
v 295.8001 290.8212 17.0000
v 295.9838 291.1277 17.0000
v 296.1751 291.4453 17.0000
v 296.3746 291.7737 17.0000
v 296.5829 292.1117 17.0000
v 296.8004 292.4582 17.0000
v 297.0279 292.8120 17.0000
v 297.2657 293.1719 17.0000
v 297.5146 293.5369 17.0000
v 297.7750 293.9057 17.0000
v 298.0469 294.2769 17.0000
v 298.3279 294.6482 17.0000
v 298.6150 295.0171 17.0000
v 298.9051 295.3809 17.0000
v 299.1952 295.7372 17.0000
v 299.4823 296.0833 17.0000
v 299.7633 296.4166 17.0000
v 300.0352 296.7347 17.0000
v 300.2965 297.0357 17.0000
v 300.5514 297.3213 17.0000
v 300.8055 297.5940 17.0000
v 301.0647 297.8562 17.0000
v 301.3346 298.1104 17.0000
v 301.6209 298.3591 17.0000
v 301.9294 298.6048 17.0000
v 302.2657 298.8499 17.0000
v 302.4157 298.9503 17.0000
v 302.6344 299.0967 17.0000
v 303.0350 299.3470 17.0000
v 303.4659 299.6022 17.0000
v 303.9254 299.8639 17.0000
v 304.4040 300.1292 17.0000
v 304.4118 300.1335 17.0000
v 304.9236 300.4126 17.0000
v 305.4590 300.7028 17.0000
v 306.0165 301.0055 17.0000
v 306.5934 301.3217 17.0000
v 307.1838 301.6494 17.0000
v 307.7807 301.9861 17.0000
v 308.3773 302.3295 17.0000
v 308.9666 302.6770 17.0000
v 309.5417 303.0262 17.0000
v 310.0956 303.3745 17.0000
v 310.6216 303.7194 17.0000
v 311.1151 304.0590 17.0000
v 311.5818 304.3938 17.0000
v 312.0298 304.7245 17.0000
v 312.4665 305.0516 17.0000
v 312.4673 305.0522 17.0000
v 312.9023 305.3777 17.0000
v 313.3429 305.7020 17.0000
v 313.7973 306.0259 17.0000
v 314.2736 306.3505 17.0000
v 314.7781 306.6767 17.0000
v 315.3098 307.0059 17.0000
v 315.8657 307.3395 17.0000
v 316.4431 307.6789 17.0000
v 316.6363 307.7913 17.0000
v 317.0391 308.0256 17.0000
v 317.6509 308.3811 17.0000
v 318.2755 308.7468 17.0000
v 318.9101 309.1240 17.0000
v 319.5531 309.5139 17.0000
v 320.2075 309.9158 17.0000
v 320.8775 310.3283 17.0000
v 321.0923 310.4597 17.0000
v 321.5674 310.7503 17.0000
v 322.2813 311.1808 17.0000
v 323.0234 311.6184 17.0000
v 323.7981 312.0620 17.0000
v 324.2326 312.3022 17.0000
v 346.2327 314.9216 17.0000
v 301.8190 298.7328 17.0000
v 184.4454 255.9503 17.0000
v 191.1493 256.3381 17.0000
v 196.4473 256.7489 17.0000
v 199.2811 256.8657 17.0000
v 201.8227 256.8365 17.0000
v 204.1013 257.0409 17.0000
v 208.4250 257.9461 17.0000
v 213.8317 259.6990 17.0000
v 218.8032 262.7683 17.0000
v 224.5384 265.8735 17.0000
v 227.0800 268.0050 17.0000
v 230.1766 269.7569 17.0000
v 237.3411 271.6891 17.0000
v 241.8984 272.3023 17.0000
v 246.3974 272.7987 17.0000
v 252.3647 273.7356 17.0000
v 256.8928 275.7795 17.0000
v 265.5227 280.2593 17.0000
v 272.3587 283.7340 17.0000
v 279.0225 286.8178 17.0000
v 282.0905 287.3602 17.0000
v 285.1586 287.0681 17.0000
v 290.4914 285.9619 17.0000
v 293.2882 284.4808 17.0000
v 293.8726 285.4822 17.0000
v 294.6466 288.8877 17.0000
v 295.9026 291.0004 17.0000
v 297.6457 293.8770 17.0000
v 300.1645 296.9254 17.0000
v 301.9076 298.8297 17.0000
v 305.7992 300.8555 17.0000
v 310.9942 303.7816 17.0000
v 313.9535 306.3342 17.0000
v 318.8336 308.9847 17.0000
v 324.0647 312.4008 17.0000
v 15.0859 92.3892 17.0000
v 15.3056 92.6000 17.0000
v 15.7656 93.4200 17.0000
v 15.9256 94.0400 17.0000
v 15.9456 94.7900 17.0000
v 15.7556 95.3000 17.0000
v 14.7156 98.1900 17.0000
v 14.4256 100.4400 17.0000
v 14.3456 102.5100 17.0000
v 14.4756 104.0100 17.0000
v 14.7256 104.9900 17.0000
v 15.1156 106.0700 17.0000
v 15.8356 107.4900 17.0000
v 16.3956 108.2300 17.0000
v 17.4456 109.2800 17.0000
v 19.2656 110.9100 17.0000
v 24.3256 115.1900 17.0000
v 25.0756 116.4100 17.0000
v 25.8056 117.9800 17.0000
v 26.8256 120.5100 17.0000
v 27.5556 122.6700 17.0000
v 27.8156 123.9100 17.0000
v 27.8656 124.8000 17.0000
v 27.8256 125.6800 17.0000
v 26.7256 129.2900 17.0000
v 26.4056 130.9900 17.0000
v 26.0856 133.1600 17.0000
v 26.0856 134.9100 17.0000
v 26.4656 136.4000 17.0000
v 29.0556 141.8900 17.0000
v 31.6856 147.8700 17.0000
v 34.3556 153.3300 17.0000
v 37.5556 159.3000 17.0000
v 39.7256 162.8200 17.0000
v 44.8756 170.1600 17.0000
v 52.6456 182.0400 17.0000
v 59.1856 191.1600 17.0000
v 60.5556 193.5400 17.0000
v 62.1256 196.8900 17.0000
v 63.8856 200.1800 17.0000
v 64.9756 202.1600 17.0000
v 66.7356 204.7200 17.0000
v 69.4986 208.9817 17.0000
v 71.6702 213.3730 17.0000
v 72.7587 216.6760 17.0000
v 74.2640 220.0793 17.0000
v 74.6865 220.7463 17.0000
v 75.6210 221.6970 17.0000
v 76.2049 222.2958 17.0000
v 76.8353 222.9271 17.0000
v 77.5110 223.5922 17.0000
v 78.2301 224.2915 17.0000
v 78.9873 225.0209 17.0000
v 79.7765 225.7753 17.0000
v 80.5916 226.5495 17.0000
v 81.4265 227.3386 17.0000
v 82.2752 228.1372 17.0000
v 83.1317 228.9404 17.0000
v 83.9897 229.7429 17.0000
v 84.8443 230.5404 17.0000
v 85.6949 231.3311 17.0000
v 86.5418 232.1140 17.0000
v 87.3855 232.8881 17.0000
v 88.2263 233.6522 17.0000
v 89.0647 234.4055 17.0000
v 89.9010 235.1468 17.0000
v 90.7358 235.8751 17.0000
v 91.5679 236.5889 17.0000
v 92.3913 237.2844 17.0000
v 93.1985 237.9574 17.0000
v 93.9818 238.6036 17.0000
v 94.7337 239.2187 17.0000
v 95.4468 239.7986 17.0000
v 96.1135 240.3389 17.0000
v 96.7262 240.8354 17.0000
v 97.2802 241.2852 17.0000
v 97.7815 241.6909 17.0000
v 98.2389 242.0564 17.0000
v 98.6613 242.3857 17.0000
v 99.0574 242.6826 17.0000
v 99.4360 242.9511 17.0000
v 99.8060 243.1952 17.0000
v 100.1761 243.4187 17.0000
v 100.5542 243.6248 17.0000
v 100.9442 243.8137 17.0000
v 101.3492 243.9844 17.0000
v 101.7719 244.1365 17.0000
v 102.2155 244.2690 17.0000
v 102.6829 244.3814 17.0000
v 103.1771 244.4729 17.0000
v 103.7011 244.5427 17.0000
v 104.2560 244.5906 17.0000
v 104.8358 244.6180 17.0000
v 105.4328 244.6268 17.0000
v 106.0392 244.6187 17.0000
v 106.6472 244.5956 17.0000
v 107.2490 244.5593 17.0000
v 107.8368 244.5117 17.0000
v 108.4029 244.4546 17.0000
v 108.9419 244.3889 17.0000
v 109.4588 244.3125 17.0000
v 109.9610 244.2222 17.0000
v 110.4557 244.1149 17.0000
v 110.9504 243.9874 17.0000
v 111.4524 243.8367 17.0000
v 111.9692 243.6596 17.0000
v 112.5081 243.4530 17.0000
v 113.0736 243.2156 17.0000
v 113.6590 242.9533 17.0000
v 114.2544 242.6737 17.0000
v 114.8503 242.3845 17.0000
v 115.4369 242.0934 17.0000
v 116.0045 241.8081 17.0000
v 116.5435 241.5362 17.0000
v 117.0442 241.2854 17.0000
v 117.4996 241.0616 17.0000
v 117.9138 240.8643 17.0000
v 118.2936 240.6909 17.0000
v 118.6458 240.5392 17.0000
v 118.9771 240.4065 17.0000
v 119.2945 240.2907 17.0000
v 119.6046 240.1892 17.0000
v 119.9143 240.0998 17.0000
v 120.2292 240.0206 17.0000
v 120.5494 239.9528 17.0000
v 120.8742 239.8982 17.0000
v 121.2024 239.8588 17.0000
v 121.5332 239.8363 17.0000
v 121.8656 239.8325 17.0000
v 122.1986 239.8493 17.0000
v 122.5314 239.8886 17.0000
v 122.8633 239.9521 17.0000
v 123.1963 240.0413 17.0000
v 123.5325 240.1579 17.0000
v 123.8741 240.3034 17.0000
v 124.2235 240.4792 17.0000
v 124.5829 240.6869 17.0000
v 124.9545 240.9281 17.0000
v 125.3406 241.2042 17.0000
v 125.7421 241.5151 17.0000
v 126.1547 241.8539 17.0000
v 126.5726 242.2121 17.0000
v 126.9902 242.5811 17.0000
v 127.4016 242.9524 17.0000
v 127.8013 243.3173 17.0000
v 128.1836 243.6673 17.0000
v 128.5426 243.9938 17.0000
v 128.8742 244.2902 17.0000
v 129.1796 244.5566 17.0000
v 129.4616 244.7951 17.0000
v 129.7229 245.0079 17.0000
v 129.9662 245.1970 17.0000
v 130.1943 245.3645 17.0000
v 130.4100 245.5126 17.0000
v 130.6158 245.6432 17.0000
v 130.8161 245.7586 17.0000
v 131.0204 245.8612 17.0000
v 131.2399 245.9535 17.0000
v 131.4856 246.0383 17.0000
v 131.7687 246.1179 17.0000
v 132.1004 246.1949 17.0000
v 132.4915 246.2720 17.0000
v 132.9534 246.3516 17.0000
v 133.4937 246.4359 17.0000
v 134.1064 246.5257 17.0000
v 134.7822 246.6213 17.0000
v 135.5118 246.7229 17.0000
v 136.2859 246.8309 17.0000
v 137.0951 246.9457 17.0000
v 137.9301 247.0675 17.0000
v 138.7816 247.1967 17.0000
v 139.6417 247.3334 17.0000
v 140.5086 247.4776 17.0000
v 141.3820 247.6288 17.0000
v 142.2615 247.7867 17.0000
v 143.1468 247.9511 17.0000
v 144.0376 248.1215 17.0000
v 144.9334 248.2976 17.0000
v 145.8340 248.4792 17.0000
v 146.7380 248.6660 17.0000
v 147.6395 248.8583 17.0000
v 148.5318 249.0565 17.0000
v 149.4078 249.2610 17.0000
v 150.2609 249.4722 17.0000
v 151.0841 249.6905 17.0000
v 151.8706 249.9164 17.0000
v 152.6136 250.1501 17.0000
v 153.3079 250.3915 17.0000
v 153.9565 250.6379 17.0000
v 154.5639 250.8859 17.0000
v 155.1347 251.1321 17.0000
v 155.6736 251.3733 17.0000
v 156.1852 251.6059 17.0000
v 156.6741 251.8267 17.0000
v 157.1449 252.0324 17.0000
v 157.6027 252.2196 17.0000
v 158.0543 252.3862 17.0000
v 158.5068 252.5300 17.0000
v 158.9674 252.6487 17.0000
v 159.4433 252.7403 17.0000
v 159.9417 252.8025 17.0000
v 160.4696 252.8333 17.0000
v 161.0345 252.8304 17.0000
v 161.6398 252.7930 17.0000
v 162.2753 252.7250 17.0000
v 162.9271 252.6313 17.0000
v 163.5816 252.5173 17.0000
v 164.2248 252.3878 17.0000
v 164.8430 252.2482 17.0000
v 165.4224 252.1035 17.0000
v 165.9310 251.9637 17.0000
v 209.8862 82.4280 68.0000
v 210.3666 82.3474 68.0000
v 210.8951 82.3193 68.0000
v 211.3961 82.3460 68.0000
v 211.8701 82.4181 68.0000
v 212.3158 82.5262 68.0000
v 212.7314 82.6609 68.0000
v 213.1144 82.8127 68.0000
v 213.4609 82.9707 68.0000
v 213.7611 83.1226 68.0000
v 214.0111 83.2636 68.0000
v 214.2155 83.3941 68.0000
v 214.3826 83.5164 68.0000
v 214.5220 83.6343 68.0000
v 214.6440 83.7536 68.0000
v 214.7586 83.8819 68.0000
v 214.8730 84.0260 68.0000
v 214.9887 84.1864 68.0000
v 215.1014 84.3576 68.0000
v 215.2083 84.5358 68.0000
v 215.3073 84.7184 68.0000
v 215.3965 84.9025 68.0000
v 215.4744 85.0851 68.0000
v 215.5393 85.2629 68.0000
v 215.5903 85.4331 68.0000
v 215.6276 85.5953 68.0000
v 215.6524 85.7513 68.0000
v 215.6656 85.9020 68.0000
v 215.6680 86.0479 68.0000
v 215.6600 86.1894 68.0000
v 215.6421 86.3271 68.0000
v 215.6145 86.4616 68.0000
v 215.5774 86.5930 68.0000
v 215.5315 86.7195 68.0000
v 215.4776 86.8388 68.0000
v 215.4158 86.9505 68.0000
v 215.3462 87.0548 68.0000
v 215.2681 87.1520 68.0000
v 215.1805 87.2429 68.0000
v 215.0820 87.3279 68.0000
v 214.9699 87.4077 68.0000
v 214.8400 87.4836 68.0000
v 214.6893 87.5556 68.0000
v 214.5181 87.6221 68.0000
v 214.3280 87.6813 68.0000
v 214.1204 87.7319 68.0000
v 213.8971 87.7728 68.0000
v 213.6600 87.8030 68.0000
v 213.4106 87.8220 68.0000
v 213.1509 87.8291 68.0000
v 212.8834 87.8242 68.0000
v 212.6111 87.8070 68.0000
v 212.3373 87.7776 68.0000
v 212.0648 87.7362 68.0000
v 211.7967 87.6829 68.0000
v 211.5360 87.6184 68.0000
v 211.2854 87.5430 68.0000
v 211.0455 87.4569 68.0000
v 210.8158 87.3606 68.0000
v 210.5966 87.2549 68.0000
v 210.3886 87.1407 68.0000
v 210.1927 87.0193 68.0000
v 210.0096 86.8918 68.0000
v 209.8399 86.7594 68.0000
v 209.6845 86.6234 68.0000
v 209.5432 86.4846 68.0000
v 209.4151 86.3431 68.0000
v 209.2993 86.1988 68.0000
v 209.1950 86.0516 68.0000
v 209.1013 85.9015 68.0000
v 209.0177 85.7481 68.0000
v 208.9436 85.5915 68.0000
v 208.8785 85.4312 68.0000
v 208.8218 85.2663 68.0000
v 208.7729 85.0971 68.0000
v 208.7317 84.9247 68.0000
v 208.6981 84.7510 68.0000
v 208.6717 84.5777 68.0000
v 208.6521 84.4066 68.0000
v 208.6391 84.2395 68.0000
v 208.6320 84.0791 68.0000
v 208.6306 83.9306 68.0000
v 208.6348 83.7977 68.0000
v 208.6445 83.6799 68.0000
v 208.6593 83.5754 68.0000
v 208.6790 83.4816 68.0000
v 208.7039 83.3948 68.0000
v 208.8036 83.1261 68.0000
v 209.0254 82.9229 68.0000
v 209.1699 82.8144 68.0000
v 209.3731 82.6866 68.0000
v 209.6439 82.5412 68.0000
v 49.2513 214.2180 4.0000
v 54.0722 220.3315 4.0000
v 60.9055 227.1591 4.0000
v 64.0498 230.1377 4.0000
v 64.7960 230.8330 4.0000
v 65.6047 231.5679 4.0000
v 66.4805 232.3505 4.0000
v 67.4249 233.1859 4.0000
v 68.4284 234.0680 4.0000
v 69.4787 234.9881 4.0000
v 70.5635 235.9375 4.0000
v 71.6704 236.9072 4.0000
v 72.7872 237.8886 4.0000
v 73.9015 238.8729 4.0000
v 75.0010 239.8512 4.0000
v 76.0757 240.8160 4.0000
v 77.1241 241.7643 4.0000
v 78.1470 242.6940 4.0000
v 79.1452 243.6034 4.0000
v 80.1196 244.4906 4.0000
v 81.0709 245.3537 4.0000
v 81.9999 246.1909 4.0000
v 82.9074 247.0001 4.0000
v 83.7938 247.7795 4.0000
v 84.6573 248.5262 4.0000
v 85.4959 249.2376 4.0000
v 86.3073 249.9107 4.0000
v 87.0894 250.5428 4.0000
v 87.8401 251.1309 4.0000
v 88.5572 251.6723 4.0000
v 89.2385 252.1642 4.0000
v 89.8836 252.6056 4.0000
v 90.4988 253.0035 4.0000
v 91.0921 253.3667 4.0000
v 91.6714 253.7043 4.0000
v 92.2447 254.0250 4.0000
v 92.8201 254.3378 4.0000
v 93.4055 254.6515 4.0000
v 94.0090 254.9750 4.0000
v 94.6373 255.3149 4.0000
v 95.2928 255.6680 4.0000
v 95.9768 256.0289 4.0000
v 96.6904 256.3920 4.0000
v 97.4350 256.7518 4.0000
v 98.2117 257.1029 4.0000
v 99.0218 257.4397 4.0000
v 99.8665 257.7567 4.0000
v 100.7456 258.0497 4.0000
v 101.6536 258.3191 4.0000
v 102.5836 258.5666 4.0000
v 103.5287 258.7940 4.0000
v 104.4820 259.0029 4.0000
v 105.4365 259.1951 4.0000
v 106.3853 259.3722 4.0000
v 107.3216 259.5359 4.0000
v 108.2409 259.6884 4.0000
v 109.1491 259.8332 4.0000
v 110.0547 259.9745 4.0000
v 110.9661 260.1163 4.0000
v 111.8917 260.2627 4.0000
v 112.8399 260.4178 4.0000
v 113.8192 260.5856 4.0000
v 114.8379 260.7702 4.0000
v 115.9011 260.9745 4.0000
v 117.0000 261.1971 4.0000
v 118.1224 261.4354 4.0000
v 119.2560 261.6867 4.0000
v 120.3886 261.9485 4.0000
v 121.5080 262.2183 4.0000
v 122.6020 262.4934 4.0000
v 123.6583 262.7712 4.0000
v 124.6682 263.0496 4.0000
v 125.6364 263.3282 4.0000
v 126.5710 263.6072 4.0000
v 127.4802 263.8867 4.0000
v 128.3721 264.1667 4.0000
v 129.2550 264.4474 4.0000
v 130.1369 264.7290 4.0000
v 131.0261 265.0114 4.0000
v 131.9283 265.2948 4.0000
v 132.8403 265.5794 4.0000
v 133.7565 265.8653 4.0000
v 134.6713 266.1527 4.0000
v 135.5790 266.4417 4.0000
v 136.4740 266.7325 4.0000
v 137.3508 267.0253 4.0000
v 138.2038 267.3202 4.0000
v 139.0298 267.6174 4.0000
v 139.8358 267.9176 4.0000
v 140.6312 268.2213 4.0000
v 141.4254 268.5294 4.0000
v 142.2280 268.8424 4.0000
v 143.0482 269.1611 4.0000
v 143.8956 269.4861 4.0000
v 144.7795 269.8181 4.0000
v 145.7086 270.1563 4.0000
v 146.6878 270.4947 4.0000
v 147.7211 270.8258 4.0000
v 148.8127 271.1419 4.0000
v 149.9667 271.4357 4.0000
v 151.1871 271.6994 4.0000
v 152.4781 271.9258 4.0000
v 153.8436 272.1071 4.0000
v 155.2820 272.2381 4.0000
v 156.7676 272.3222 4.0000
v 158.2692 272.3651 4.0000
v 159.7553 272.3723 4.0000
v 161.1946 272.3494 4.0000
v 162.5556 272.3021 4.0000
v 163.8070 272.2360 4.0000
v 164.9174 272.1567 4.0000
v 165.8639 272.0689 4.0000
v 166.6572 271.9740 4.0000
v 167.3165 271.8725 4.0000
v 167.8611 271.7648 4.0000
v 168.3101 271.6513 4.0000
v 168.6829 271.5325 4.0000
v 168.9986 271.4089 4.0000
v 169.2764 271.2809 4.0000
v 169.5325 271.1491 4.0000
v 169.7709 271.0139 4.0000
v 169.9925 270.8760 4.0000
v 170.1981 270.7358 4.0000
v 170.3887 270.5940 4.0000
v 170.5652 270.4510 4.0000
v 170.7285 270.3076 4.0000
v 170.8795 270.1642 4.0000
v 171.0193 270.0221 4.0000
v 171.1500 269.8853 4.0000
v 171.2742 269.7587 4.0000
v 171.3940 269.6469 4.0000
v 171.5120 269.5548 4.0000
v 171.6305 269.4870 4.0000
v 171.7519 269.4484 4.0000
v 171.8785 269.4437 4.0000
v 172.0120 269.4761 4.0000
v 172.1509 269.5419 4.0000
v 172.2931 269.6360 4.0000
v 172.4362 269.7532 4.0000
v 172.5781 269.8883 4.0000
v 172.7165 270.0361 4.0000
v 172.8493 270.1914 4.0000
v 172.9742 270.3491 4.0000
v 173.0897 270.5048 4.0000
v 173.1977 270.6584 4.0000
v 173.3006 270.8107 4.0000
v 173.4009 270.9622 4.0000
v 173.5011 271.1139 4.0000
v 173.6038 271.2664 4.0000
v 173.7114 271.4204 4.0000
v 173.8265 271.5767 4.0000
v 173.9511 271.7357 4.0000
v 174.0859 271.8966 4.0000
v 174.2310 272.0581 4.0000
v 174.3865 272.2191 4.0000
v 174.5527 272.3784 4.0000
v 174.7297 272.5347 4.0000
v 174.9176 272.6869 4.0000
v 175.1166 272.8338 4.0000
v 175.3274 272.9746 4.0000
v 175.5530 273.1099 4.0000
v 175.7970 273.2407 4.0000
v 176.0628 273.3682 4.0000
v 176.3539 273.4932 4.0000
v 176.6739 273.6170 4.0000
v 177.0264 273.7403 4.0000
v 177.4147 273.8644 4.0000
v 177.8417 273.9902 4.0000
v 178.3065 274.1181 4.0000
v 178.8077 274.2486 4.0000
v 179.3437 274.3822 4.0000
v 179.9130 274.5193 4.0000
v 180.5139 274.6603 4.0000
v 181.1450 274.8058 4.0000
v 181.8047 274.9561 4.0000
v 182.4941 275.1124 4.0000
v 183.2252 275.2788 4.0000
v 184.0125 275.4599 4.0000
v 184.8708 275.6606 4.0000
v 185.8146 275.8856 4.0000
v 186.8586 276.1397 4.0000
v 188.0173 276.4276 4.0000
v 189.3055 276.7540 4.0000
v 190.7316 277.1215 4.0000
v 192.2798 277.5237 4.0000
v 193.9282 277.9519 4.0000
v 195.6548 278.3973 4.0000
v 197.4379 278.8514 4.0000
v 199.2554 279.3054 4.0000
v 201.0854 279.7507 4.0000
v 202.9060 280.1785 4.0000
v 204.6977 280.5823 4.0000
v 206.4500 280.9635 4.0000
v 208.1549 281.3254 4.0000
v 209.8042 281.6715 4.0000
v 211.3900 282.0051 4.0000
v 212.9041 282.3298 4.0000
v 214.3385 282.6488 4.0000
v 215.6851 282.9657 4.0000
v 216.9389 283.2830 4.0000
v 218.1078 283.5997 4.0000
v 219.2026 283.9140 4.0000
v 220.2341 284.2241 4.0000
v 221.2134 284.5282 4.0000
v 222.1512 284.8245 4.0000
v 223.0585 285.1111 4.0000
v 223.9462 285.3863 4.0000
v 224.8254 285.6489 4.0000
v 225.7086 285.9010 4.0000
v 226.6088 286.1453 4.0000
v 227.5385 286.3844 4.0000
v 228.5108 286.6212 4.0000
v 229.5383 286.8583 4.0000
v 230.6339 287.0984 4.0000
v 231.8103 287.3444 4.0000
v 233.0734 287.5977 4.0000
v 234.4010 287.8555 4.0000
v 235.7636 288.1139 4.0000
v 237.1321 288.3690 4.0000
v 238.4772 288.6167 4.0000
v 239.7695 288.8532 4.0000
v 240.9799 289.0744 4.0000
v 242.0791 289.2764 4.0000
v 243.0461 289.4562 4.0000
v 243.8936 289.6149 4.0000
v 244.6424 289.7545 4.0000
v 245.3135 289.8769 4.0000
v 245.9277 289.9842 4.0000
v 246.5062 290.0784 4.0000
v 247.0697 290.1616 4.0000
v 247.6393 290.2356 4.0000
v 248.2317 290.3025 4.0000
v 248.8480 290.3645 4.0000
v 249.4849 290.4237 4.0000
v 250.1392 290.4821 4.0000
v 250.8078 290.5420 4.0000
v 251.4876 290.6055 4.0000
v 252.1754 290.6746 4.0000
v 252.8680 290.7516 4.0000
v 253.5623 290.8382 4.0000
v 254.2557 290.9354 4.0000
v 254.9456 291.0437 4.0000
v 255.6294 291.1638 4.0000
v 256.3045 291.2963 4.0000
v 256.9684 291.4417 4.0000
v 257.6184 291.6008 4.0000
v 258.2520 291.7740 4.0000
v 258.8676 291.9618 4.0000
v 259.4676 292.1639 4.0000
v 260.0554 292.3795 4.0000
v 260.6344 292.6081 4.0000
v 261.2079 292.8490 4.0000
v 261.7795 293.1016 4.0000
v 262.3524 293.3654 4.0000
v 262.9300 293.6397 4.0000
v 263.5151 293.9239 4.0000
v 264.1073 294.2180 4.0000
v 264.7054 294.5216 4.0000
v 265.3083 294.8347 4.0000
v 265.9149 295.1571 4.0000
v 266.5242 295.4888 4.0000
v 267.1350 295.8295 4.0000
v 267.7462 296.1791 4.0000
v 268.3571 296.5376 4.0000
v 268.9686 296.9051 4.0000
v 269.5821 297.2817 4.0000
v 270.1988 297.6677 4.0000
v 270.8200 298.0632 4.0000
v 271.4471 298.4684 4.0000
v 272.0814 298.8835 4.0000
v 272.7241 299.3088 4.0000
v 273.3755 299.7433 4.0000
v 274.0306 300.1826 4.0000
v 274.6833 300.6213 4.0000
v 275.3277 301.0537 4.0000
v 275.9576 301.4745 4.0000
v 276.5671 301.8781 4.0000
v 277.1499 302.2591 4.0000
v 277.7002 302.6120 4.0000
v 278.2130 302.9323 4.0000
v 278.6890 303.2195 4.0000
v 279.1299 303.4740 4.0000
v 279.5375 303.6965 4.0000
v 279.9137 303.8874 4.0000
v 280.2602 304.0473 4.0000
v 280.5788 304.1765 4.0000
v 280.8715 304.2757 4.0000
v 281.1399 304.3458 4.0000
v 281.3861 304.3899 4.0000
v 281.6120 304.4115 4.0000
v 281.8197 304.4140 4.0000
v 282.0110 304.4010 4.0000
v 282.1881 304.3761 4.0000
v 282.3528 304.3427 4.0000
v 282.5071 304.3043 4.0000
v 282.6531 304.2636 4.0000
v 282.7926 304.2199 4.0000
v 282.9277 304.1717 4.0000
v 283.0603 304.1174 4.0000
v 283.1924 304.0556 4.0000
v 283.3258 303.9846 4.0000
v 283.4626 303.9029 4.0000
v 283.6048 303.8091 4.0000
v 283.7536 303.7021 4.0000
v 283.9084 303.5841 4.0000
v 284.0679 303.4575 4.0000
v 284.2308 303.3249 4.0000
v 284.3957 303.1891 4.0000
v 284.5613 303.0525 4.0000
v 284.7265 302.9178 4.0000
v 284.8897 302.7875 4.0000
v 285.0498 302.6643 4.0000
v 285.2055 302.5497 4.0000
v 285.3554 302.4455 4.0000
v 285.4984 302.3532 4.0000
v 285.6330 302.2745 4.0000
v 285.7580 302.2111 4.0000
v 285.8722 302.1645 4.0000
v 285.9742 302.1364 4.0000
v 286.0631 302.1278 4.0000
v 286.1399 302.1373 4.0000
v 286.2055 302.1628 4.0000
v 286.2614 302.2024 4.0000
v 286.3086 302.2539 4.0000
v 286.3484 302.3155 4.0000
v 286.3820 302.3851 4.0000
v 286.4107 302.4606 4.0000
v 286.4355 302.5414 4.0000
v 286.4581 302.6322 4.0000
v 286.4797 302.7391 4.0000
v 286.5018 302.8682 4.0000
v 286.5259 303.0255 4.0000
v 286.5534 303.2172 4.0000
v 286.5858 303.4493 4.0000
v 286.6244 303.7279 4.0000
v 286.6706 304.0565 4.0000
v 286.7245 304.4284 4.0000
v 286.7864 304.8342 4.0000
v 286.8563 305.2646 4.0000
v 286.9342 305.7104 4.0000
v 287.0203 306.1620 4.0000
v 287.1147 306.6104 4.0000
v 287.2175 307.0460 4.0000
v 287.3290 307.4617 4.0000
v 287.4504 307.8591 4.0000
v 287.5835 308.2416 4.0000
v 287.7297 308.6129 4.0000
v 287.8906 308.9765 4.0000
v 288.0677 309.3362 4.0000
v 288.2627 309.6953 4.0000
v 288.3226 309.7965 4.0000
v 3.4825 98.9448 9.0000
v 3.5856 99.0700 9.0000
v 4.7756 100.9300 9.0000
v 5.8256 102.8200 9.0000
v 6.6956 104.9700 9.0000
v 8.0856 108.8600 9.0000
v 11.3056 118.0200 9.0000
v 13.1456 122.4700 9.0000
v 13.4556 124.1500 9.0000
v 13.7556 127.1000 9.0000
v 14.2156 132.5000 9.0000
v 14.6556 133.9000 9.0000
v 15.9356 137.4100 9.0000
v 17.6956 141.3000 9.0000
v 17.9856 142.3800 9.0000
v 18.2749 143.5272 9.0000
v 44.0919 195.0769 9.0000
v 44.9356 195.7900 9.0000
v 46.6156 197.5900 9.0000
v 48.4156 200.2400 9.0000
v 49.6856 202.6200 9.0000
v 50.8456 205.1400 9.0000
v 50.9454 205.3715 9.0000
v 55.5311 211.5867 9.0000
v 60.6740 217.7863 9.0000
v 66.2448 223.2453 9.0000
v 68.6702 225.5540 9.0000
v 68.8116 225.7048 9.0000
v 69.3962 226.3160 9.0000
v 70.0095 226.9473 9.0000
v 70.6434 227.5913 9.0000
v 71.2898 228.2409 9.0000
v 71.9405 228.8886 9.0000
v 72.5874 229.5271 9.0000
v 73.2224 230.1491 9.0000
v 73.8373 230.7473 9.0000
v 74.4273 231.3171 9.0000
v 75.0012 231.8653 9.0000
v 75.5711 232.4014 9.0000
v 76.1488 232.9347 9.0000
v 76.7467 233.4749 9.0000
v 77.3766 234.0314 9.0000
v 78.0507 234.6137 9.0000
v 78.7811 235.2312 9.0000
v 79.5759 235.8910 9.0000
v 80.4280 236.5901 9.0000
v 81.3265 237.3228 9.0000
v 82.2604 238.0836 9.0000
v 83.2188 238.8671 9.0000
v 84.1907 239.6676 9.0000
v 85.1650 240.4797 9.0000
v 86.1310 241.2978 9.0000
v 87.0783 242.1157 9.0000
v 87.9998 242.9243 9.0000
v 88.8893 243.7140 9.0000
v 89.7405 244.4751 9.0000
v 90.5470 245.1980 9.0000
v 91.3024 245.8728 9.0000
v 92.0006 246.4900 9.0000
v 92.6351 247.0399 9.0000
v 93.2025 247.5160 9.0000
v 93.7113 247.9253 9.0000
v 94.1729 248.2776 9.0000
v 94.5984 248.5832 9.0000
v 94.9993 248.8522 9.0000
v 95.3868 249.0946 9.0000
v 95.7724 249.3205 9.0000
v 96.1672 249.5401 9.0000
v 96.5805 249.7614 9.0000
v 97.0123 249.9845 9.0000
v 97.4602 250.2077 9.0000
v 97.9222 250.4290 9.0000
v 98.3959 250.6465 9.0000
v 98.8792 250.8585 9.0000
v 99.3698 251.0631 9.0000
v 99.8656 251.2583 9.0000
v 100.3639 251.4428 9.0000
v 100.8614 251.6161 9.0000
v 101.3540 251.7784 9.0000
v 101.8381 251.9297 9.0000
v 102.3098 252.0700 9.0000
v 102.7653 252.1995 9.0000
v 103.2008 252.3181 9.0000
v 103.6124 252.4259 9.0000
v 103.9978 252.5231 9.0000
v 104.3614 252.6102 9.0000
v 104.7087 252.6881 9.0000
v 105.0456 252.7575 9.0000
v 105.3778 252.8190 9.0000
v 105.7111 252.8735 9.0000
v 106.0511 252.9215 9.0000
v 106.4037 252.9640 9.0000
v 106.7731 253.0013 9.0000
v 107.1586 253.0330 9.0000
v 107.5576 253.0585 9.0000
v 107.9679 253.0769 9.0000
v 108.3871 253.0876 9.0000
v 108.8129 253.0899 9.0000
v 109.2430 253.0831 9.0000
v 109.6750 253.0665 9.0000
v 110.1074 253.0401 9.0000
v 110.5425 253.0069 9.0000
v 110.9832 252.9705 9.0000
v 111.4327 252.9345 9.0000
v 111.8939 252.9027 9.0000
v 112.3699 252.8787 9.0000
v 112.8637 252.8661 9.0000
v 113.3785 252.8687 9.0000
v 113.9154 252.8890 9.0000
v 114.4692 252.9253 9.0000
v 115.0328 252.9750 9.0000
v 115.5990 253.0352 9.0000
v 116.1607 253.1032 9.0000
v 116.7109 253.1763 9.0000
v 117.2424 253.2518 9.0000
v 117.7481 253.3268 9.0000
v 118.2239 253.3998 9.0000
v 118.6765 253.4728 9.0000
v 119.1158 253.5490 9.0000
v 119.5517 253.6318 9.0000
v 119.9938 253.7242 9.0000
v 120.4521 253.8295 9.0000
v 120.9361 253.9508 9.0000
v 121.4559 254.0915 9.0000
v 122.0181 254.2534 9.0000
v 122.6180 254.4336 9.0000
v 123.2478 254.6281 9.0000
v 123.8998 254.8327 9.0000
v 124.5662 255.0432 9.0000
v 125.2392 255.2555 9.0000
v 125.9112 255.4655 9.0000
v 126.5742 255.6692 9.0000
v 127.2219 255.8633 9.0000
v 127.8533 256.0494 9.0000
v 128.4687 256.2301 9.0000
v 129.0683 256.4078 9.0000
v 129.6524 256.5851 9.0000
v 130.2213 256.7646 9.0000
v 130.7753 256.9488 9.0000
v 131.3147 257.1402 9.0000
v 131.8403 257.3408 9.0000
v 132.3548 257.5510 9.0000
v 132.8616 257.7702 9.0000
v 133.3641 257.9982 9.0000
v 133.8654 258.2346 9.0000
v 134.3689 258.4791 9.0000
v 134.8779 258.7313 9.0000
v 135.3957 258.9909 9.0000
v 135.9263 259.2577 9.0000
v 136.4763 259.5315 9.0000
v 137.0531 259.8122 9.0000
v 137.6640 260.0998 9.0000
v 138.3165 260.3943 9.0000
v 139.0177 260.6956 9.0000
v 139.7751 261.0037 9.0000
v 140.5960 261.3184 9.0000
v 141.4826 261.6389 9.0000
v 142.4163 261.9602 9.0000
v 143.3736 262.2767 9.0000
v 144.3308 262.5827 9.0000
v 145.2641 262.8722 9.0000
v 146.1500 263.1397 9.0000
v 146.9648 263.3794 9.0000
v 147.6848 263.5854 9.0000
v 148.2960 263.7542 9.0000
v 148.8228 263.8904 9.0000
v 149.2992 264.0008 9.0000
v 149.7592 264.0922 9.0000
v 150.2368 264.1713 9.0000
v 150.7661 264.2450 9.0000
v 151.3811 264.3199 9.0000
v 152.1157 264.4028 9.0000
v 152.9933 264.4988 9.0000
v 153.9938 264.6062 9.0000
v 155.0866 264.7216 9.0000
v 156.2408 264.8414 9.0000
v 157.4257 264.9622 9.0000
v 158.6105 265.0807 9.0000
v 159.7646 265.1933 9.0000
v 160.8571 265.2967 9.0000
v 161.8626 265.3879 9.0000
v 162.7773 265.4664 9.0000
v 163.6026 265.5324 9.0000
v 164.3399 265.5859 9.0000
v 164.9907 265.6269 9.0000
v 165.5564 265.6556 9.0000
v 166.0384 265.6720 9.0000
v 166.4383 265.6762 9.0000
v 166.7595 265.6680 9.0000
v 167.0141 265.6461 9.0000
v 167.2159 265.6092 9.0000
v 167.3791 265.5558 9.0000
v 167.5177 265.4843 9.0000
v 167.6457 265.3934 9.0000
v 167.7771 265.2815 9.0000
v 167.9261 265.1472 9.0000
v 168.1029 264.9900 9.0000
v 168.3041 264.8126 9.0000
v 168.5221 264.6188 9.0000
v 168.7498 264.4124 9.0000
v 168.9800 264.1971 9.0000
v 169.2052 263.9766 9.0000
v 169.4183 263.7548 9.0000
v 169.6119 263.5353 9.0000
v 169.7807 263.3214 9.0000
v 169.9266 263.1142 9.0000
v 170.0533 262.9142 9.0000
v 170.1648 262.7221 9.0000
v 170.2648 262.5385 9.0000
v 170.3571 262.3640 9.0000
v 170.4455 262.1991 9.0000
v 170.5339 262.0444 9.0000
v 170.6254 261.9011 9.0000
v 170.7213 261.7722 9.0000
v 170.8219 261.6610 9.0000
v 170.9279 261.5713 9.0000
v 171.0399 261.5065 9.0000
v 171.1582 261.4700 9.0000
v 171.2836 261.4654 9.0000
v 171.4164 261.4963 9.0000
v 171.5570 261.5645 9.0000
v 171.7037 261.6660 9.0000
v 171.8546 261.7952 9.0000
v 172.0079 261.9463 9.0000
v 172.1617 262.1138 9.0000
v 172.3141 262.2919 9.0000
v 172.4631 262.4751 9.0000
v 172.6068 262.6577 9.0000
v 172.7443 262.8353 9.0000
v 172.8778 263.0085 9.0000
v 173.0104 263.1792 9.0000
v 173.1453 263.3492 9.0000
v 173.2858 263.5204 9.0000
v 173.4348 263.6947 9.0000
v 173.5956 263.8739 9.0000
v 173.7714 264.0599 9.0000
v 173.9637 264.2536 9.0000
v 174.1683 264.4519 9.0000
v 174.3792 264.6508 9.0000
v 174.5907 264.8463 9.0000
v 174.7968 265.0344 9.0000
v 174.9918 265.2110 9.0000
v 175.1698 265.3721 9.0000
v 175.3249 265.5136 9.0000
v 175.4537 265.6333 9.0000
v 175.5627 265.7353 9.0000
v 175.6607 265.8253 9.0000
v 175.7565 265.9094 9.0000
v 175.8591 265.9932 9.0000
v 175.9773 266.0826 9.0000
v 176.1199 266.1835 9.0000
v 176.2959 266.3017 9.0000
v 176.5117 266.4414 9.0000
v 176.7644 266.6003 9.0000
v 177.0487 266.7743 9.0000
v 177.3593 266.9596 9.0000
v 177.6909 267.1522 9.0000
v 178.0383 267.3481 9.0000
v 178.3962 267.5433 9.0000
v 178.7592 267.7340 9.0000
v 179.1222 267.9166 9.0000
v 179.4809 268.0894 9.0000
v 179.8309 268.2514 9.0000
v 180.1681 268.4015 9.0000
v 180.4881 268.5384 9.0000
v 180.7867 268.6610 9.0000
v 181.0596 268.7681 9.0000
v 181.3026 268.8587 9.0000
v 181.5141 268.9324 9.0000
v 181.7026 268.9922 9.0000
v 181.8796 269.0420 9.0000
v 182.0564 269.0854 9.0000
v 182.2441 269.1265 9.0000
v 182.4542 269.1690 9.0000
v 182.6979 269.2167 9.0000
v 182.9865 269.2734 9.0000
v 183.3289 269.3422 9.0000
v 183.7244 269.4230 9.0000
v 184.1697 269.5148 9.0000
v 184.6619 269.6168 9.0000
v 185.1976 269.7281 9.0000
v 185.7737 269.8476 9.0000
v 186.3871 269.9746 9.0000
v 187.0346 270.1081 9.0000
v 187.7135 270.2471 9.0000
v 188.4232 270.3904 9.0000
v 189.1634 270.5366 9.0000
v 189.9337 270.6845 9.0000
v 190.7341 270.8328 9.0000
v 191.5642 270.9800 9.0000
v 192.4237 271.1250 9.0000
v 193.3126 271.2663 9.0000
v 194.2307 271.4035 9.0000
v 195.1793 271.5389 9.0000
v 196.1597 271.6759 9.0000
v 197.1735 271.8176 9.0000
v 198.2221 271.9672 9.0000
v 199.3068 272.1281 9.0000
v 200.4292 272.3034 9.0000
v 201.5906 272.4963 9.0000
v 202.7903 272.7092 9.0000
v 204.0183 272.9410 9.0000
v 205.2626 273.1896 9.0000
v 206.5110 273.4530 9.0000
v 207.7512 273.7291 9.0000
v 208.9713 274.0160 9.0000
v 210.1590 274.3116 9.0000
v 211.3023 274.6139 9.0000
v 212.3915 274.9209 9.0000
v 213.4275 275.2306 9.0000
v 214.4137 275.5409 9.0000
v 215.3536 275.8499 9.0000
v 216.2505 276.1557 9.0000
v 217.1081 276.4561 9.0000
v 217.9295 276.7493 9.0000
v 218.7184 277.0332 9.0000
v 219.4780 277.3063 9.0000
v 220.2109 277.5690 9.0000
v 220.9199 277.8219 9.0000
v 221.6074 278.0659 9.0000
v 222.2760 278.3017 9.0000
v 222.9284 278.5300 9.0000
v 223.5671 278.7518 9.0000
v 224.1946 278.9676 9.0000
v 224.8136 279.1782 9.0000
v 225.4264 279.3834 9.0000
v 226.0354 279.5830 9.0000
v 226.6429 279.7768 9.0000
v 227.2513 279.9646 9.0000
v 227.8631 280.1460 9.0000
v 228.4804 280.3210 9.0000
v 229.1058 280.4892 9.0000
v 229.7420 280.6507 9.0000
v 230.3937 280.8071 9.0000
v 231.0662 280.9602 9.0000
v 231.7645 281.1118 9.0000
v 232.4939 281.2638 9.0000
v 233.2594 281.4180 9.0000
v 234.0664 281.5763 9.0000
v 234.9199 281.7405 9.0000
v 235.8222 281.9118 9.0000
v 236.7637 282.0884 9.0000
v 237.7318 282.2679 9.0000
v 238.7141 282.4479 9.0000
v 239.6981 282.6261 9.0000
v 240.6711 282.8000 9.0000
v 241.6207 282.9671 9.0000
v 242.5344 283.1251 9.0000
v 243.4026 283.2724 9.0000
v 244.2283 283.4102 9.0000
v 245.0173 283.5409 9.0000
v 245.7755 283.6665 9.0000
v 246.5088 283.7891 9.0000
v 247.2230 283.9111 9.0000
v 247.9241 284.0345 9.0000
v 248.6180 284.1614 9.0000
v 249.3099 284.2941 9.0000
v 250.0032 284.4348 9.0000
v 250.7003 284.5857 9.0000
v 251.4040 284.7490 9.0000
v 252.1168 284.9270 9.0000
v 252.8415 285.1219 9.0000
v 253.5806 285.3359 9.0000
v 254.3367 285.5713 9.0000
v 255.1111 285.8292 9.0000
v 255.8983 286.1065 9.0000
v 256.6916 286.3990 9.0000
v 257.4842 286.7024 9.0000
v 258.2693 287.0127 9.0000
v 259.0401 287.3255 9.0000
v 259.7898 287.6367 9.0000
v 260.5115 287.9421 9.0000
v 261.2013 288.2389 9.0000
v 261.8672 288.5309 9.0000
v 262.5198 288.8230 9.0000
v 263.1698 289.1205 9.0000
v 263.8280 289.4283 9.0000
v 264.5051 289.7517 9.0000
v 265.2118 290.0957 9.0000
v 265.9589 290.4655 9.0000
v 266.7539 290.8641 9.0000
v 267.5920 291.2867 9.0000
v 268.4651 291.7263 9.0000
v 269.3651 292.1761 9.0000
v 270.2840 292.6290 9.0000
v 271.2137 293.0783 9.0000
v 272.1462 293.5169 9.0000
v 273.0734 293.9381 9.0000
v 273.9868 294.3357 9.0000
v 274.8761 294.7071 9.0000
v 275.7302 295.0509 9.0000
v 276.5385 295.3652 9.0000
v 277.2899 295.6485 9.0000
v 277.9737 295.8990 9.0000
v 278.5789 296.1152 9.0000
v 279.0946 296.2953 9.0000
v 279.5146 296.4388 9.0000
v 279.8501 296.5490 9.0000
v 280.1170 296.6305 9.0000
v 280.3312 296.6877 9.0000
v 280.5085 296.7250 9.0000
v 280.6649 296.7470 9.0000
v 280.8162 296.7580 9.0000
v 280.9781 296.7626 9.0000
v 281.1634 296.7645 9.0000
v 281.3711 296.7646 9.0000
v 281.5971 296.7630 9.0000
v 281.8373 296.7600 9.0000
v 282.0877 296.7556 9.0000
v 282.3439 296.7501 9.0000
v 282.6020 296.7437 9.0000
v 282.8577 296.7365 9.0000
v 283.1079 296.7285 9.0000
v 283.3528 296.7194 9.0000
v 283.5937 296.7086 9.0000
v 283.8317 296.6956 9.0000
v 284.0681 296.6797 9.0000
v 284.3040 296.6605 9.0000
v 284.5406 296.6374 9.0000
v 284.7791 296.6098 9.0000
v 285.0203 296.5774 9.0000
v 285.2628 296.5403 9.0000
v 285.5047 296.4990 9.0000
v 285.7442 296.4537 9.0000
v 285.9795 296.4048 9.0000
v 286.2088 296.3527 9.0000
v 286.4301 296.2977 9.0000
v 286.6418 296.2401 9.0000
v 286.8423 296.1806 9.0000
v 287.0323 296.1208 9.0000
v 287.2127 296.0624 9.0000
v 287.3844 296.0074 9.0000
v 287.5485 295.9575 9.0000
v 287.7059 295.9146 9.0000
v 287.8576 295.8805 9.0000
v 288.0046 295.8571 9.0000
v 288.1477 295.8461 9.0000
v 288.2875 295.8492 9.0000
v 288.4243 295.8677 9.0000
v 288.5585 295.9033 9.0000
v 288.6906 295.9575 9.0000
v 288.8208 296.0318 9.0000
v 288.9497 296.1277 9.0000
v 289.0775 296.2468 9.0000
v 289.2045 296.3898 9.0000
v 289.3297 296.5552 9.0000
v 289.4521 296.7406 9.0000
v 289.5707 296.9436 9.0000
v 289.6842 297.1620 9.0000
v 289.7916 297.3932 9.0000
v 289.8919 297.6351 9.0000
v 289.9838 297.8853 9.0000
v 290.0671 298.1420 9.0000
v 290.1438 298.4056 9.0000
v 290.2167 298.6772 9.0000
v 290.2887 298.9578 9.0000
v 290.3626 299.2484 9.0000
v 290.4412 299.5501 9.0000
v 290.5274 299.8639 9.0000
v 290.6238 300.1908 9.0000
v 290.7327 300.5313 9.0000
v 290.8537 300.8832 9.0000
v 290.9856 301.2440 9.0000
v 291.1274 301.6110 9.0000
v 291.2779 301.9816 9.0000
v 291.4360 302.3531 9.0000
v 291.6007 302.7230 9.0000
v 291.7709 303.0886 9.0000
v 291.9454 303.4474 9.0000
v 292.1236 303.7981 9.0000
v 292.3045 304.1393 9.0000
v 292.4875 304.4699 9.0000
v 292.6717 304.7887 9.0000
v 292.8563 305.0944 9.0000
v 293.0407 305.3857 9.0000
v 293.2239 305.6616 9.0000
v 293.4062 305.9217 9.0000
v 293.5915 306.1706 9.0000
v 293.7846 306.4135 9.0000
v 293.9904 306.6561 9.0000
v 294.2138 306.9036 9.0000
v 294.4595 307.1616 9.0000
v 294.7325 307.4355 9.0000
v 295.0375 307.7307 9.0000
v 295.3778 308.0508 9.0000
v 295.7497 308.3913 9.0000
v 296.1478 308.7458 9.0000
v 296.5669 309.1081 9.0000
v 297.0015 309.4718 9.0000
v 297.4463 309.8305 9.0000
v 297.8960 310.1778 9.0000
v 298.3453 310.5075 9.0000
v 298.7888 310.8141 9.0000
v 299.2218 311.0967 9.0000
v 299.6393 311.3551 9.0000
v 300.0367 311.5893 9.0000
v 300.4091 311.7993 9.0000
v 300.7518 311.9850 9.0000
v 300.9862 312.1077 9.0000
v 304.9333 312.8280 9.0000
v 305.1941 312.8216 9.0000
v 305.6623 312.7961 9.0000
v 306.1392 312.7540 9.0000
v 306.6194 312.6940 9.0000
v 307.0988 312.6196 9.0000
v 307.5736 312.5355 9.0000
v 308.0400 312.4464 9.0000
v 308.4943 312.3570 9.0000
v 308.9327 312.2719 9.0000
v 309.3515 312.1958 9.0000
v 309.7467 312.1333 9.0000
v 310.1170 312.0888 9.0000
v 310.4692 312.0651 9.0000
v 310.8128 312.0647 9.0000
v 311.1570 312.0901 9.0000
v 311.5111 312.1437 9.0000
v 311.8844 312.2280 9.0000
v 312.2861 312.3455 9.0000
v 312.7255 312.4986 9.0000
v 313.2092 312.6895 9.0000
v 313.7335 312.9179 9.0000
v 314.2918 313.1835 9.0000
v 314.8777 313.4858 9.0000
v 315.4846 313.8242 9.0000
v 316.1061 314.1982 9.0000
v 316.7358 314.6074 9.0000
v 317.1086 314.8695 9.0000
v 7.8215 96.4934 14.0000
v 10.6956 98.8100 14.0000
v 10.9156 99.3200 14.0000
v 11.0556 100.0900 14.0000
v 11.3556 102.4100 14.0000
v 11.8256 107.3200 14.0000
v 12.2056 108.9200 14.0000
v 12.6656 109.6500 14.0000
v 13.6356 110.9400 14.0000
v 16.9856 114.5500 14.0000
v 20.1656 117.0200 14.0000
v 20.9156 117.9600 14.0000
v 21.3256 118.8400 14.0000
v 22.3656 122.0300 14.0000
v 22.8856 124.1600 14.0000
v 22.8556 124.8500 14.0000
v 22.7056 125.2300 14.0000
v 22.0556 126.2800 14.0000
v 19.5756 129.6200 14.0000
v 19.2556 130.9800 14.0000
v 19.2556 132.2000 14.0000
v 19.4856 133.2700 14.0000
v 19.9856 134.5800 14.0000
v 24.9156 147.2600 14.0000
v 26.0256 149.1400 14.0000
v 33.4556 161.4900 14.0000
v 36.6056 165.9700 14.0000
v 41.3656 173.5400 14.0000
v 41.6156 174.4100 14.0000
v 41.7856 175.8800 14.0000
v 41.8656 180.8600 14.0000
v 42.1356 182.0200 14.0000
v 42.5756 183.0800 14.0000
v 43.4456 184.2300 14.0000
v 44.2856 185.0200 14.0000
v 46.0856 186.4700 14.0000
v 49.9656 189.3200 14.0000
v 50.5856 190.0300 14.0000
v 50.9156 190.6700 14.0000
v 53.3156 195.3800 14.0000
v 54.9856 197.9800 14.0000
v 59.6195 205.2234 14.0000
v 64.4546 211.6225 14.0000
v 69.1376 217.9786 14.0000
v 71.8694 221.4924 14.0000
v 72.4424 222.1469 14.0000
v 73.1890 222.9557 14.0000
v 73.9592 223.7521 14.0000
v 74.7590 224.5470 14.0000
v 75.5939 225.3513 14.0000
v 76.4700 226.1761 14.0000
v 77.3928 227.0322 14.0000
v 78.3682 227.9305 14.0000
v 79.3989 228.8783 14.0000
v 80.4754 229.8671 14.0000
v 81.5850 230.8848 14.0000
v 82.7150 231.9192 14.0000
v 83.8529 232.9583 14.0000
v 84.9859 233.9899 14.0000
v 86.1015 235.0018 14.0000
v 87.1871 235.9818 14.0000
v 88.2320 236.9197 14.0000
v 89.2339 237.8123 14.0000
v 90.1927 238.6583 14.0000
v 91.1080 239.4564 14.0000
v 91.9798 240.2053 14.0000
v 92.8076 240.9036 14.0000
v 93.5914 241.5502 14.0000
v 94.3308 242.1436 14.0000
v 95.0261 242.6835 14.0000
v 95.6789 243.1733 14.0000
v 96.2915 243.6174 14.0000
v 96.8659 244.0201 14.0000
v 97.4043 244.3857 14.0000
v 97.9087 244.7186 14.0000
v 98.3814 245.0232 14.0000
v 98.8245 245.3038 14.0000
v 99.2397 245.5640 14.0000
v 99.6271 245.8043 14.0000
v 99.9865 246.0245 14.0000
v 100.3177 246.2244 14.0000
v 100.6204 246.4037 14.0000
v 100.8945 246.5621 14.0000
v 101.1396 246.6996 14.0000
v 101.3556 246.8158 14.0000
v 101.5440 246.9111 14.0000
v 101.7144 246.9877 14.0000
v 101.8780 247.0488 14.0000
v 102.0462 247.0971 14.0000
v 102.2302 247.1357 14.0000
v 102.4415 247.1674 14.0000
v 102.6912 247.1953 14.0000
v 102.9907 247.2221 14.0000
v 103.3475 247.2502 14.0000
v 103.7537 247.2798 14.0000
v 104.1975 247.3101 14.0000
v 104.6671 247.3407 14.0000
v 105.1507 247.3710 14.0000
v 105.6366 247.4003 14.0000
v 106.1130 247.4282 14.0000
v 106.5681 247.4541 14.0000
v 106.9926 247.4775 14.0000
v 107.3872 247.4987 14.0000
v 107.7550 247.5183 14.0000
v 108.0991 247.5365 14.0000
v 108.4227 247.5540 14.0000
v 108.7288 247.5710 14.0000
v 109.0206 247.5881 14.0000
v 109.3012 247.6056 14.0000
v 109.5733 247.6239 14.0000
v 109.8373 247.6420 14.0000
v 110.0933 247.6591 14.0000
v 110.3413 247.6740 14.0000
v 110.5813 247.6857 14.0000
v 110.8135 247.6933 14.0000
v 111.0377 247.6958 14.0000
v 111.2541 247.6920 14.0000
v 111.4631 247.6811 14.0000
v 111.6676 247.6624 14.0000
v 111.8709 247.6353 14.0000
v 112.0762 247.5994 14.0000
v 112.2868 247.5540 14.0000
v 112.5062 247.4986 14.0000
v 112.7374 247.4327 14.0000
v 112.9839 247.3556 14.0000
v 113.2477 247.2671 14.0000
v 113.5260 247.1685 14.0000
v 113.8145 247.0613 14.0000
v 114.1092 246.9469 14.0000
v 114.4059 246.8268 14.0000
v 114.7006 246.7027 14.0000
v 114.9891 246.5760 14.0000
v 115.2672 246.4482 14.0000
v 115.5319 246.3206 14.0000
v 115.7838 246.1942 14.0000
v 116.0248 246.0695 14.0000
v 116.2566 245.9473 14.0000
v 116.4810 245.8281 14.0000
v 116.6996 245.7126 14.0000
v 116.9143 245.6015 14.0000
v 117.1268 245.4955 14.0000
v 117.3384 245.3950 14.0000
v 117.5482 245.3003 14.0000
v 117.7548 245.2116 14.0000
v 117.9568 245.1288 14.0000
v 118.1529 245.0522 14.0000
v 118.3418 244.9819 14.0000
v 118.5220 244.9179 14.0000
v 118.6921 244.8603 14.0000
v 118.8516 244.8092 14.0000
v 119.0021 244.7640 14.0000
v 119.1461 244.7240 14.0000
v 119.2861 244.6887 14.0000
v 119.4246 244.6573 14.0000
v 119.5641 244.6291 14.0000
v 119.7069 244.6036 14.0000
v 119.8556 244.5801 14.0000
v 120.0118 244.5579 14.0000
v 120.1739 244.5367 14.0000
v 120.3394 244.5161 14.0000
v 120.5058 244.4957 14.0000
v 120.6709 244.4751 14.0000
v 120.8320 244.4540 14.0000
v 120.9867 244.4321 14.0000
v 121.1327 244.4089 14.0000
v 121.2682 244.3845 14.0000
v 121.3950 244.3612 14.0000
v 121.5156 244.3412 14.0000
v 121.6324 244.3273 14.0000
v 121.7479 244.3219 14.0000
v 121.8648 244.3276 14.0000
v 121.9854 244.3468 14.0000
v 122.1123 244.3823 14.0000
v 122.2471 244.4355 14.0000
v 122.3877 244.5051 14.0000
v 122.5314 244.5886 14.0000
v 122.6751 244.6838 14.0000
v 122.8160 244.7881 14.0000
v 122.9511 244.8993 14.0000
v 123.0776 245.0150 14.0000
v 123.1926 245.1328 14.0000
v 123.2946 245.2515 14.0000
v 123.3879 245.3737 14.0000
v 123.4782 245.5033 14.0000
v 123.5713 245.6442 14.0000
v 123.6728 245.8000 14.0000
v 123.7885 245.9747 14.0000
v 123.9242 246.1721 14.0000
v 124.0855 246.3958 14.0000
v 124.2763 246.6482 14.0000
v 124.4933 246.9242 14.0000
v 124.7310 247.2172 14.0000
v 124.9843 247.5207 14.0000
v 125.2479 247.8280 14.0000
v 125.5165 248.1325 14.0000
v 125.7847 248.4276 14.0000
v 126.0474 248.7068 14.0000
v 126.3013 248.9648 14.0000
v 126.5510 249.2021 14.0000
v 126.8035 249.4207 14.0000
v 127.0654 249.6226 14.0000
v 127.3435 249.8098 14.0000
v 127.6447 249.9841 14.0000
v 127.9757 250.1476 14.0000
v 128.3433 250.3022 14.0000
v 128.7523 250.4494 14.0000
v 129.2000 250.5888 14.0000
v 129.6818 250.7197 14.0000
v 130.1930 250.8413 14.0000
v 130.7290 250.9527 14.0000
v 131.2853 251.0532 14.0000
v 131.8570 251.1420 14.0000
v 132.4397 251.2181 14.0000
v 133.0277 251.2813 14.0000
v 133.6116 251.3326 14.0000
v 134.1811 251.3734 14.0000
v 134.7258 251.4050 14.0000
v 135.2355 251.4289 14.0000
v 135.6997 251.4466 14.0000
v 136.1081 251.4594 14.0000
v 136.4505 251.4688 14.0000
v 136.7216 251.4763 14.0000
v 136.9373 251.4842 14.0000
v 137.1187 251.4951 14.0000
v 137.2869 251.5112 14.0000
v 137.4630 251.5352 14.0000
v 137.6680 251.5695 14.0000
v 137.9230 251.6164 14.0000
v 138.2491 251.6786 14.0000
v 138.6621 251.7576 14.0000
v 139.1568 251.8521 14.0000
v 139.7228 251.9600 14.0000
v 140.3496 252.0792 14.0000
v 141.0268 252.2075 14.0000
v 141.7438 252.3428 14.0000
v 142.4904 252.4830 14.0000
v 143.2559 252.6259 14.0000
v 144.0318 252.7703 14.0000
v 144.8161 252.9185 14.0000
v 145.6089 253.0736 14.0000
v 146.4100 253.2387 14.0000
v 147.2193 253.4171 14.0000
v 148.0369 253.6117 14.0000
v 148.8625 253.8259 14.0000
v 149.6962 254.0627 14.0000
v 150.5376 254.3237 14.0000
v 151.3850 254.6041 14.0000
v 152.2367 254.8977 14.0000
v 153.0906 255.1981 14.0000
v 153.9448 255.4991 14.0000
v 154.7976 255.7942 14.0000
v 155.6470 256.0771 14.0000
v 156.4911 256.3416 14.0000
v 157.3274 256.5826 14.0000
v 158.1506 256.8002 14.0000
v 158.9551 256.9955 14.0000
v 159.7350 257.1698 14.0000
v 160.4845 257.3245 14.0000
v 161.1978 257.4608 14.0000
v 161.8691 257.5800 14.0000
v 162.4925 257.6833 14.0000
v 163.0639 257.7720 14.0000
v 163.5849 257.8470 14.0000
v 164.0587 257.9092 14.0000
v 164.4886 257.9595 14.0000
v 164.8778 257.9986 14.0000
v 165.2295 258.0276 14.0000
v 165.5469 258.0473 14.0000
v 165.8333 258.0585 14.0000
v 166.0919 258.0620 14.0000
v 166.3258 258.0579 14.0000
v 166.5384 258.0463 14.0000
v 166.7328 258.0272 14.0000
v 166.9123 258.0005 14.0000
v 167.0800 257.9663 14.0000
v 167.2391 257.9247 14.0000
v 167.3930 257.8755 14.0000
v 167.5442 257.8190 14.0000
v 167.6933 257.7557 14.0000
v 167.8402 257.6863 14.0000
v 167.9851 257.6116 14.0000
v 168.1278 257.5321 14.0000
v 168.2683 257.4487 14.0000
v 168.4067 257.3620 14.0000
v 168.5429 257.2726 14.0000
v 168.6769 257.1812 14.0000
v 168.8084 257.0870 14.0000
v 168.9371 256.9895 14.0000
v 169.0628 256.8878 14.0000
v 169.1850 256.7812 14.0000
v 169.3035 256.6690 14.0000
v 169.4179 256.5503 14.0000
v 169.5281 256.4245 14.0000
v 169.6336 256.2912 14.0000
v 169.7345 256.1516 14.0000
v 169.8307 256.0073 14.0000
v 169.9222 255.8600 14.0000
v 170.0089 255.7111 14.0000
v 170.0908 255.5623 14.0000
v 170.1679 255.4152 14.0000
v 170.2401 255.2714 14.0000
v 170.3075 255.1325 14.0000
v 170.3713 255.0000 14.0000
v 170.4324 254.8754 14.0000
v 170.4922 254.7602 14.0000
v 170.5516 254.6559 14.0000
v 170.6119 254.5640 14.0000
v 170.6743 254.4860 14.0000
v 170.7399 254.4233 14.0000
v 170.8097 254.3772 14.0000
v 170.8839 254.3476 14.0000
v 170.9627 254.3342 14.0000
v 171.0461 254.3365 14.0000
v 171.1343 254.3542 14.0000
v 171.2274 254.3869 14.0000
v 171.3255 254.4343 14.0000
v 171.4286 254.4959 14.0000
v 171.5367 254.5712 14.0000
v 171.6488 254.6589 14.0000
v 171.7638 254.7575 14.0000
v 171.8805 254.8655 14.0000
v 171.9977 254.9814 14.0000
v 172.1144 255.1037 14.0000
v 172.2292 255.2309 14.0000
v 172.3411 255.3615 14.0000
v 172.4492 255.4941 14.0000
v 172.5539 255.6284 14.0000
v 172.6557 255.7639 14.0000
v 172.7552 255.9002 14.0000
v 172.8531 256.0372 14.0000
v 172.9500 256.1743 14.0000
v 173.0465 256.3113 14.0000
v 173.1432 256.4478 14.0000
v 173.2406 256.5835 14.0000
v 173.3393 256.7183 14.0000
v 173.4397 256.8522 14.0000
v 173.5420 256.9851 14.0000
v 173.6468 257.1169 14.0000
v 173.7545 257.2475 14.0000
v 173.8655 257.3769 14.0000
v 173.9801 257.5050 14.0000
v 174.0987 257.6318 14.0000
v 174.2209 257.7572 14.0000
v 174.3463 257.8812 14.0000
v 174.4745 258.0039 14.0000
v 174.6050 258.1252 14.0000
v 174.7374 258.2451 14.0000
v 174.8711 258.3637 14.0000
v 175.0059 258.4809 14.0000
v 175.1413 258.5968 14.0000
v 175.2771 258.7115 14.0000
v 175.4132 258.8252 14.0000
v 175.5494 258.9379 14.0000
v 175.6855 259.0500 14.0000
v 175.8216 259.1615 14.0000
v 175.9574 259.2726 14.0000
v 176.0928 259.3835 14.0000
v 176.2278 259.4942 14.0000
v 176.3635 259.6048 14.0000
v 176.5009 259.7151 14.0000
v 176.6414 259.8248 14.0000
v 176.7860 259.9341 14.0000
v 176.9359 260.0426 14.0000
v 177.0923 260.1503 14.0000
v 177.2565 260.2570 14.0000
v 177.4293 260.3627 14.0000
v 177.6118 260.4680 14.0000
v 177.8045 260.5735 14.0000
v 178.0082 260.6797 14.0000
v 178.2237 260.7873 14.0000
v 178.4516 260.8968 14.0000
v 178.6927 261.0090 14.0000
v 178.9477 261.1244 14.0000
v 179.2161 261.2431 14.0000
v 179.4935 261.3636 14.0000
v 179.7741 261.4838 14.0000
v 180.0523 261.6015 14.0000
v 180.3223 261.7147 14.0000
v 180.5784 261.8212 14.0000
v 180.8149 261.9191 14.0000
v 181.0263 262.0062 14.0000
v 181.2090 262.0812 14.0000
v 181.3694 262.1455 14.0000
v 181.5161 262.2016 14.0000
v 181.6575 262.2517 14.0000
v 181.8022 262.2980 14.0000
v 181.9589 262.3429 14.0000
v 182.1361 262.3886 14.0000
v 182.3423 262.4375 14.0000
v 182.5843 262.4913 14.0000
v 182.8607 262.5500 14.0000
v 183.1683 262.6130 14.0000
v 183.5039 262.6799 14.0000
v 183.8644 262.7500 14.0000
v 184.2464 262.8228 14.0000
v 184.6469 262.8978 14.0000
v 185.0626 262.9745 14.0000
v 185.4909 263.0523 14.0000
v 185.9320 263.1307 14.0000
v 186.3865 263.2093 14.0000
v 186.8551 263.2874 14.0000
v 187.3386 263.3646 14.0000
v 187.8377 263.4404 14.0000
v 188.3531 263.5144 14.0000
v 188.8856 263.5859 14.0000
v 189.4352 263.6545 14.0000
v 190.0003 263.7202 14.0000
v 190.5785 263.7828 14.0000
v 191.1675 263.8423 14.0000
v 191.7649 263.8985 14.0000
v 192.3686 263.9514 14.0000
v 192.9761 264.0009 14.0000
v 193.5851 264.0470 14.0000
v 194.1941 264.0897 14.0000
v 194.8040 264.1293 14.0000
v 195.4168 264.1664 14.0000
v 196.0342 264.2015 14.0000
v 196.6579 264.2351 14.0000
v 197.2897 264.2678 14.0000
v 197.9316 264.3000 14.0000
v 198.5851 264.3323 14.0000
v 199.2506 264.3650 14.0000
v 199.9218 264.3982 14.0000
v 200.5909 264.4318 14.0000
v 201.2503 264.4657 14.0000
v 201.8921 264.4998 14.0000
v 202.5086 264.5339 14.0000
v 203.0919 264.5681 14.0000
v 203.6343 264.6021 14.0000
v 204.1315 264.6362 14.0000
v 204.5928 264.6718 14.0000
v 205.0309 264.7105 14.0000
v 205.4584 264.7539 14.0000
v 205.8882 264.8038 14.0000
v 206.3329 264.8618 14.0000
v 206.8052 264.9295 14.0000
v 207.3180 265.0085 14.0000
v 207.8797 265.1002 14.0000
v 208.4827 265.2037 14.0000
v 209.1152 265.3179 14.0000
v 209.7654 265.4416 14.0000
v 210.4213 265.5737 14.0000
v 211.0713 265.7128 14.0000
v 211.7035 265.8579 14.0000
v 212.3061 266.0078 14.0000
v 212.8697 266.1614 14.0000
v 213.3941 266.3181 14.0000
v 213.8820 266.4774 14.0000
v 214.3354 266.6390 14.0000
v 214.7570 266.8023 14.0000
v 215.1490 266.9669 14.0000
v 215.5138 267.1324 14.0000
v 215.8538 267.2983 14.0000
v 216.1728 267.4648 14.0000
v 216.4799 267.6350 14.0000
v 216.7858 267.8130 14.0000
v 217.1012 268.0025 14.0000
v 217.4367 268.2073 14.0000
v 217.8029 268.4313 14.0000
v 218.2105 268.6785 14.0000
v 218.6701 268.9526 14.0000
v 219.1876 269.2553 14.0000
v 219.7502 269.5793 14.0000
v 220.3406 269.9151 14.0000
v 220.9412 270.2532 14.0000
v 221.5345 270.5840 14.0000
v 222.1032 270.8981 14.0000
v 222.6297 271.1859 14.0000
v 223.0965 271.4379 14.0000
v 223.4919 271.6476 14.0000
v 223.8266 271.8208 14.0000
v 224.1170 271.9664 14.0000
v 224.3795 272.0930 14.0000
v 224.6306 272.2095 14.0000
v 224.8866 272.3247 14.0000
v 225.1639 272.4473 14.0000
v 225.4789 272.5862 14.0000
v 225.8455 272.7481 14.0000
v 226.2670 272.9312 14.0000
v 226.7443 273.1318 14.0000
v 227.2780 273.3461 14.0000
v 227.8692 273.5702 14.0000
v 228.5184 273.8005 14.0000
v 229.2266 274.0330 14.0000
v 229.9944 274.2640 14.0000
v 230.8192 274.4899 14.0000
v 231.6834 274.7085 14.0000
v 232.5659 274.9174 14.0000
v 233.4456 275.1145 14.0000
v 234.3015 275.2978 14.0000
v 235.1124 275.4650 14.0000
v 235.8573 275.6141 14.0000
v 236.5150 275.7428 14.0000
v 237.0729 275.8503 14.0000
v 237.5518 275.9406 14.0000
v 237.9813 276.0190 14.0000
v 238.3905 276.0908 14.0000
v 238.8090 276.1612 14.0000
v 239.2659 276.2355 14.0000
v 239.7907 276.3190 14.0000
v 240.4128 276.4170 14.0000
v 241.1516 276.5333 14.0000
v 241.9877 276.6654 14.0000
v 242.8917 276.8094 14.0000
v 243.8344 276.9615 14.0000
v 244.7864 277.1177 14.0000
v 245.7184 277.2742 14.0000
v 246.6011 277.4270 14.0000
v 247.4052 277.5722 14.0000
v 248.1102 277.7077 14.0000
v 248.7310 277.8381 14.0000
v 249.2914 277.9698 14.0000
v 249.8151 278.1092 14.0000
v 250.3259 278.2626 14.0000
v 250.8475 278.4365 14.0000
v 251.4037 278.6372 14.0000
v 252.0183 278.8711 14.0000
v 252.7087 279.1428 14.0000
v 253.4678 279.4491 14.0000
v 254.2821 279.7854 14.0000
v 255.1380 280.1467 14.0000
v 256.0222 280.5282 14.0000
v 256.9211 280.9249 14.0000
v 257.8214 281.3321 14.0000
v 258.7094 281.7448 14.0000
v 259.5729 282.1581 14.0000
v 260.4037 282.5663 14.0000
v 261.1947 282.9637 14.0000
v 261.9388 283.3445 14.0000
v 262.6289 283.7030 14.0000
v 263.2580 284.0333 14.0000
v 263.8189 284.3297 14.0000
v 264.3047 284.5865 14.0000
v 264.7128 284.8005 14.0000
v 265.0591 284.9795 14.0000
v 265.3644 285.1339 14.0000
v 265.6490 285.2741 14.0000
v 265.9338 285.4106 14.0000
v 266.2391 285.5536 14.0000
v 266.5856 285.7137 14.0000
v 266.9939 285.9012 14.0000
v 267.4782 286.1236 14.0000
v 268.0275 286.3757 14.0000
v 268.6244 286.6497 14.0000
v 269.2514 286.9375 14.0000
v 269.8912 287.2310 14.0000
v 270.5264 287.5223 14.0000
v 271.1396 287.8032 14.0000
v 271.7133 288.0659 14.0000
v 272.2357 288.3044 14.0000
v 272.7158 288.5218 14.0000
v 273.1682 288.7233 14.0000
v 273.6077 288.9141 14.0000
v 274.0486 289.0995 14.0000
v 274.5056 289.2847 14.0000
v 274.9933 289.4749 14.0000
v 275.5263 289.6753 14.0000
v 276.1135 289.8893 14.0000
v 276.7415 290.1128 14.0000
v 277.3915 290.3398 14.0000
v 278.0444 290.5644 14.0000
v 278.6813 290.7805 14.0000
v 279.2832 290.9822 14.0000
v 279.8312 291.1636 14.0000
v 280.3063 291.3186 14.0000
v 280.6946 291.4429 14.0000
v 281.0030 291.5387 14.0000
v 281.2432 291.6099 14.0000
v 281.4270 291.6602 14.0000
v 281.5664 291.6934 14.0000
v 281.6732 291.7134 14.0000
v 281.7593 291.7239 14.0000
v 281.8364 291.7288 14.0000
v 281.9151 291.7312 14.0000
v 282.0007 291.7309 14.0000
v 282.0972 291.7272 14.0000
v 282.2085 291.7191 14.0000
v 282.3386 291.7058 14.0000
v 282.4914 291.6865 14.0000
v 282.6709 291.6603 14.0000
v 282.8812 291.6264 14.0000
v 283.1244 291.5843 14.0000
v 283.3963 291.5347 14.0000
v 283.6908 291.4787 14.0000
v 284.0022 291.4176 14.0000
v 284.3242 291.3523 14.0000
v 284.6511 291.2841 14.0000
v 284.9768 291.2140 14.0000
v 285.2953 291.1431 14.0000
v 285.6019 291.0725 14.0000
v 285.8964 291.0025 14.0000
v 286.1795 290.9334 14.0000
v 286.4524 290.8655 14.0000
v 286.7160 290.7990 14.0000
v 286.9712 290.7341 14.0000
v 287.2189 290.6712 14.0000
v 287.4601 290.6105 14.0000
v 287.6955 290.5522 14.0000
v 287.9249 290.4962 14.0000
v 288.1479 290.4425 14.0000
v 288.3639 290.3909 14.0000
v 288.5726 290.3414 14.0000
v 288.7734 290.2938 14.0000
v 288.9660 290.2480 14.0000
v 289.1498 290.2040 14.0000
v 289.3247 290.1617 14.0000
v 289.4911 290.1214 14.0000
v 289.6495 290.0835 14.0000
v 289.8006 290.0483 14.0000
v 289.9450 290.0163 14.0000
v 290.0834 289.9878 14.0000
v 290.2164 289.9632 14.0000
v 290.3445 289.9428 14.0000
v 290.4684 289.9272 14.0000
v 290.5883 289.9173 14.0000
v 290.7044 289.9142 14.0000
v 290.8170 289.9191 14.0000
v 290.9264 289.9331 14.0000
v 291.0326 289.9572 14.0000
v 291.1360 289.9926 14.0000
v 291.2367 290.0403 14.0000
v 291.3350 290.1014 14.0000
v 291.4309 290.1759 14.0000
v 291.5243 290.2640 14.0000
v 291.6152 290.3656 14.0000
v 291.7037 290.4807 14.0000
v 291.7896 290.6094 14.0000
v 291.8730 290.7517 14.0000
v 291.9539 290.9076 14.0000
v 292.0323 291.0772 14.0000
v 292.1084 291.2608 14.0000
v 292.1823 291.4587 14.0000
v 292.2545 291.6712 14.0000
v 292.3251 291.8988 14.0000
v 292.3943 292.1418 14.0000
v 292.4624 292.4006 14.0000
v 292.5296 292.6754 14.0000
v 292.5964 292.9662 14.0000
v 292.6641 293.2716 14.0000
v 292.7344 293.5895 14.0000
v 292.8086 293.9179 14.0000
v 292.8884 294.2549 14.0000
v 292.9753 294.5986 14.0000
v 293.0709 294.9470 14.0000
v 293.1767 295.2982 14.0000
v 293.2938 295.6500 14.0000
v 293.4209 296.0007 14.0000
v 293.5566 296.3481 14.0000
v 293.6990 296.6902 14.0000
v 293.8466 297.0250 14.0000
v 293.9976 297.3505 14.0000
v 294.1505 297.6647 14.0000
v 294.3036 297.9655 14.0000
v 294.4553 298.2511 14.0000
v 294.6042 298.5210 14.0000
v 294.7489 298.7746 14.0000
v 294.8882 299.0114 14.0000
v 295.0207 299.2310 14.0000
v 295.1450 299.4330 14.0000
v 295.2599 299.6169 14.0000
v 295.3640 299.7822 14.0000
v 295.4568 299.9292 14.0000
v 295.5412 300.0615 14.0000
v 295.6210 300.1831 14.0000
v 295.6999 300.2982 14.0000
v 295.7816 300.4110 14.0000
v 295.8699 300.5258 14.0000
v 295.9685 300.6466 14.0000
v 296.0812 300.7778 14.0000
v 296.2115 300.9228 14.0000
v 296.3621 301.0831 14.0000
v 296.5358 301.2597 14.0000
v 296.7349 301.4534 14.0000
v 296.9622 301.6650 14.0000
v 297.2202 301.8955 14.0000
v 297.5114 302.1456 14.0000
v 297.8385 302.4164 14.0000
v 298.2019 302.7074 14.0000
v 298.5934 303.0129 14.0000
v 299.0027 303.3262 14.0000
v 299.4196 303.6403 14.0000
v 299.8337 303.9484 14.0000
v 300.2348 304.2436 14.0000
v 300.6125 304.5190 14.0000
v 300.9566 304.7678 14.0000
v 301.2592 304.9847 14.0000
v 301.5226 305.1709 14.0000
v 301.7515 305.3294 14.0000
v 301.9508 305.4630 14.0000
v 302.1252 305.5746 14.0000
v 302.2794 305.6671 14.0000
v 302.4183 305.7433 14.0000
v 302.5465 305.8063 14.0000
v 302.6703 305.8595 14.0000
v 302.8016 305.9102 14.0000
v 302.9538 305.9662 14.0000
v 303.1402 306.0352 14.0000
v 303.3743 306.1253 14.0000
v 303.6694 306.2442 14.0000
v 304.0388 306.3998 14.0000
v 304.4960 306.6000 14.0000
v 305.0478 306.8491 14.0000
v 305.6753 307.1371 14.0000
v 306.3531 307.4507 14.0000
v 307.0557 307.7764 14.0000
v 307.7577 308.1007 14.0000
v 308.4337 308.4101 14.0000
v 309.0582 308.6912 14.0000
v 309.6058 308.9306 14.0000
v 310.0573 309.1182 14.0000
v 310.4188 309.2576 14.0000
v 310.7023 309.3561 14.0000
v 310.9201 309.4207 14.0000
v 311.0843 309.4585 14.0000
v 311.2073 309.4765 14.0000
v 311.3012 309.4820 14.0000
v 311.3781 309.4819 14.0000
v 311.4509 309.4837 14.0000
v 311.5342 309.4957 14.0000
v 311.6434 309.5265 14.0000
v 311.7936 309.5846 14.0000
v 312.0002 309.6787 14.0000
v 312.2784 309.8173 14.0000
v 312.6434 310.0090 14.0000
v 313.1105 310.2625 14.0000
v 313.6891 310.5830 14.0000
v 314.3649 310.9632 14.0000
v 315.1177 311.3925 14.0000
v 315.9274 311.8603 14.0000
v 316.7737 312.3560 14.0000
v 317.6364 312.8690 14.0000
v 318.4954 313.3887 14.0000
v 319.3306 313.9045 14.0000
v 320.1244 314.4068 14.0000
v 320.3749 314.5691 14.0000
v 6.9284 96.9980 13.0000
v 9.4956 99.3200 13.0000
v 9.7956 99.9100 13.0000
v 9.9456 100.8000 13.0000
v 10.3056 102.6700 13.0000
v 11.2656 108.4800 13.0000
v 11.6956 109.6000 13.0000
v 12.7656 111.4400 13.0000
v 16.8356 116.2000 13.0000
v 18.7556 118.2700 13.0000
v 19.3156 119.2100 13.0000
v 19.5956 119.9500 13.0000
v 20.0456 121.3200 13.0000
v 20.7456 124.1100 13.0000
v 20.7056 124.9800 13.0000
v 20.4556 125.6300 13.0000
v 19.9356 126.5000 13.0000
v 18.3556 128.7500 13.0000
v 18.1456 129.3900 13.0000
v 18.0256 131.1200 13.0000
v 18.1256 132.0600 13.0000
v 18.4456 133.4400 13.0000
v 19.1156 135.2300 13.0000
v 21.4956 141.0700 13.0000
v 23.5656 147.2700 13.0000
v 24.3056 148.8000 13.0000
v 25.3256 150.5700 13.0000
v 31.9256 161.2100 13.0000
v 35.5656 166.6200 13.0000
v 39.3356 173.0600 13.0000
v 39.8956 174.3200 13.0000
v 40.1356 175.3600 13.0000
v 40.2156 176.3400 13.0000
v 40.6756 181.9800 13.0000
v 41.0056 183.1800 13.0000
v 41.3956 184.0300 13.0000
v 42.2156 185.2700 13.0000
v 43.1056 186.2100 13.0000
v 45.0056 187.8800 13.0000
v 48.7456 190.6900 13.0000
v 49.4256 191.5100 13.0000
v 51.3356 195.0300 13.0000
v 54.5356 200.0400 13.0000
v 57.4866 205.0877 13.0000
v 62.6017 211.6150 13.0000
v 67.4275 217.8321 13.0000
v 71.2655 222.2591 13.0000
v 71.3367 222.3413 13.0000
v 72.0945 223.1788 13.0000
v 72.8770 224.0098 13.0000
v 73.6917 224.8443 13.0000
v 74.5461 225.6925 13.0000
v 75.4475 226.5644 13.0000
v 76.4033 227.4702 13.0000
v 77.4209 228.4200 13.0000
v 78.5040 229.4200 13.0000
v 79.6410 230.4611 13.0000
v 80.8167 231.5304 13.0000
v 82.0159 232.6151 13.0000
v 83.2233 233.7021 13.0000
v 84.4236 234.7787 13.0000
v 85.6016 235.8318 13.0000
v 86.7420 236.8485 13.0000
v 87.8322 237.8180 13.0000
v 88.8699 238.7370 13.0000
v 89.8556 239.6043 13.0000
v 90.7896 240.4189 13.0000
v 91.6724 241.1796 13.0000
v 92.5042 241.8851 13.0000
v 93.2856 242.5343 13.0000
v 94.0169 243.1261 13.0000
v 94.6989 243.6601 13.0000
v 95.3348 244.1405 13.0000
v 95.9281 244.5721 13.0000
v 96.4823 244.9597 13.0000
v 97.0011 245.3084 13.0000
v 97.4878 245.6230 13.0000
v 97.9461 245.9084 13.0000
v 98.3796 246.1696 13.0000
v 98.7912 246.4107 13.0000
v 99.1815 246.6329 13.0000
v 99.5504 246.8363 13.0000
v 99.8982 247.0214 13.0000
v 100.2246 247.1884 13.0000
v 100.5298 247.3376 13.0000
v 100.8138 247.4695 13.0000
v 101.0766 247.5842 13.0000
v 101.3195 247.6824 13.0000
v 101.5494 247.7660 13.0000
v 101.7745 247.8369 13.0000
v 102.0030 247.8975 13.0000
v 102.2430 247.9496 13.0000
v 102.5028 247.9956 13.0000
v 102.7905 248.0374 13.0000
v 103.1143 248.0771 13.0000
v 103.4795 248.1166 13.0000
v 103.8788 248.1557 13.0000
v 104.3023 248.1939 13.0000
v 104.7399 248.2308 13.0000
v 105.1815 248.2660 13.0000
v 105.6170 248.2989 13.0000
v 106.0364 248.3291 13.0000
v 106.4295 248.3561 13.0000
v 106.7888 248.3797 13.0000
v 107.1175 248.4002 13.0000
v 107.4210 248.4182 13.0000
v 107.7051 248.4343 13.0000
v 107.9754 248.4492 13.0000
v 108.2375 248.4633 13.0000
v 108.4970 248.4773 13.0000
v 108.7596 248.4919 13.0000
v 109.0298 248.5071 13.0000
v 109.3085 248.5222 13.0000
v 109.5952 248.5358 13.0000
v 109.8897 248.5467 13.0000
v 110.1916 248.5536 13.0000
v 110.5008 248.5553 13.0000
v 110.8168 248.5505 13.0000
v 111.1393 248.5380 13.0000
v 111.4678 248.5166 13.0000
v 111.8002 248.4862 13.0000
v 112.1340 248.4469 13.0000
v 112.4670 248.3988 13.0000
v 112.7968 248.3417 13.0000
v 113.1209 248.2758 13.0000
v 113.4371 248.2012 13.0000
v 113.7429 248.1177 13.0000
v 114.0365 248.0259 13.0000
v 114.3189 247.9270 13.0000
v 114.5916 247.8226 13.0000
v 114.8559 247.7145 13.0000
v 115.1134 247.6042 13.0000
v 115.3656 247.4933 13.0000
v 115.6140 247.3836 13.0000
v 115.8600 247.2766 13.0000
v 116.1049 247.1736 13.0000
v 116.3493 247.0747 13.0000
v 116.5937 246.9793 13.0000
v 116.8383 246.8872 13.0000
v 117.0835 246.7979 13.0000
v 117.3298 246.7111 13.0000
v 117.5776 246.6264 13.0000
v 117.8271 246.5434 13.0000
v 118.0785 246.4619 13.0000
v 118.3306 246.3829 13.0000
v 118.5820 246.3075 13.0000
v 118.8311 246.2369 13.0000
v 119.0765 246.1722 13.0000
v 119.3167 246.1145 13.0000
v 119.5502 246.0651 13.0000
v 119.7755 246.0250 13.0000
v 119.9916 245.9951 13.0000
v 120.1984 245.9753 13.0000
v 120.3964 245.9650 13.0000
v 120.5862 245.9637 13.0000
v 120.7681 245.9710 13.0000
v 120.9425 245.9862 13.0000
v 121.1099 246.0091 13.0000
v 121.2707 246.0390 13.0000
v 121.4257 246.0758 13.0000
v 121.5769 246.1203 13.0000
v 121.7266 246.1738 13.0000
v 121.8770 246.2375 13.0000
v 122.0304 246.3126 13.0000
v 122.1893 246.4002 13.0000
v 122.3558 246.5017 13.0000
v 122.5323 246.6181 13.0000
v 122.7202 246.7502 13.0000
v 122.9173 246.8962 13.0000
v 123.1209 247.0539 13.0000
v 123.3278 247.2211 13.0000
v 123.5351 247.3955 13.0000
v 123.7400 247.5750 13.0000
v 123.9394 247.7571 13.0000
v 124.1303 247.9397 13.0000
v 124.3107 248.1210 13.0000
v 124.4821 248.3006 13.0000
v 124.6468 248.4788 13.0000
v 124.8072 248.6555 13.0000
v 124.9657 248.8309 13.0000
v 125.1245 249.0051 13.0000
v 125.2861 249.1782 13.0000
v 125.4529 249.3504 13.0000
v 125.6264 249.5216 13.0000
v 125.8060 249.6907 13.0000
v 125.9902 249.8567 13.0000
v 126.1776 250.0184 13.0000
v 126.3668 250.1746 13.0000
v 126.5562 250.3241 13.0000
v 126.7446 250.4659 13.0000
v 126.9304 250.5987 13.0000
v 127.1129 250.7218 13.0000
v 127.2933 250.8360 13.0000
v 127.4737 250.9424 13.0000
v 127.6561 251.0421 13.0000
v 127.8424 251.1363 13.0000
v 128.0346 251.2262 13.0000
v 128.2347 251.3130 13.0000
v 128.4446 251.3976 13.0000
v 128.6658 251.4813 13.0000
v 128.8972 251.5639 13.0000
v 129.1375 251.6454 13.0000
v 129.3849 251.7257 13.0000
v 129.6381 251.8047 13.0000
v 129.8954 251.8823 13.0000
v 130.1553 251.9584 13.0000
v 130.4164 252.0328 13.0000
v 130.6781 252.1053 13.0000
v 130.9443 252.1755 13.0000
v 131.2202 252.2425 13.0000
v 131.5106 252.3057 13.0000
v 131.8206 252.3644 13.0000
v 132.1552 252.4179 13.0000
v 132.5194 252.4656 13.0000
v 132.9182 252.5068 13.0000
v 133.3552 252.5416 13.0000
v 133.8288 252.5737 13.0000
v 134.3357 252.6076 13.0000
v 134.8730 252.6480 13.0000
v 135.4374 252.6994 13.0000
v 136.0258 252.7663 13.0000
v 136.6352 252.8533 13.0000
v 137.2624 252.9649 13.0000
v 137.9050 253.1041 13.0000
v 138.5633 253.2680 13.0000
v 139.2380 253.4518 13.0000
v 139.9301 253.6511 13.0000
v 140.6406 253.8612 13.0000
v 141.3703 254.0776 13.0000
v 142.1201 254.2956 13.0000
v 142.8909 254.5107 13.0000
v 143.6824 254.7195 13.0000
v 144.4897 254.9230 13.0000
v 145.3066 255.1234 13.0000
v 146.1271 255.3230 13.0000
v 146.9449 255.5240 13.0000
v 147.7540 255.7286 13.0000
v 148.5483 255.9390 13.0000
v 149.3215 256.1574 13.0000
v 150.0699 256.3852 13.0000
v 150.7990 256.6203 13.0000
v 151.5167 256.8597 13.0000
v 152.2307 257.1005 13.0000
v 152.9488 257.3397 13.0000
v 153.6790 257.5743 13.0000
v 154.4290 257.8014 13.0000
v 155.2066 258.0180 13.0000
v 156.0165 258.2216 13.0000
v 156.8511 258.4118 13.0000
v 157.6993 258.5883 13.0000
v 158.5504 258.7513 13.0000
v 159.3934 258.9006 13.0000
v 160.2174 259.0362 13.0000
v 161.0115 259.1580 13.0000
v 161.7649 259.2661 13.0000
v 162.4686 259.3602 13.0000
v 163.1212 259.4404 13.0000
v 163.7233 259.5063 13.0000
v 164.2754 259.5578 13.0000
v 164.7782 259.5947 13.0000
v 165.2322 259.6168 13.0000
v 165.6379 259.6240 13.0000
v 165.9959 259.6160 13.0000
v 166.3076 259.5930 13.0000
v 166.5771 259.5568 13.0000
v 166.8096 259.5095 13.0000
v 167.0099 259.4531 13.0000
v 167.1832 259.3898 13.0000
v 167.3344 259.3217 13.0000
v 167.4686 259.2508 13.0000
v 167.5907 259.1794 13.0000
v 167.7054 259.1089 13.0000
v 167.8153 259.0387 13.0000
v 167.9228 258.9680 13.0000
v 168.0302 258.8954 13.0000
v 168.1399 258.8201 13.0000
v 168.2541 258.7408 13.0000
v 168.3752 258.6566 13.0000
v 168.5055 258.5664 13.0000
v 168.6464 258.4693 13.0000
v 168.7961 258.3656 13.0000
v 168.9518 258.2558 13.0000
v 169.1107 258.1405 13.0000
v 169.2702 258.0203 13.0000
v 169.4273 257.8956 13.0000
v 169.5794 257.7670 13.0000
v 169.7238 257.6351 13.0000
v 169.8582 257.5004 13.0000
v 169.9826 257.3642 13.0000
v 170.0977 257.2276 13.0000
v 170.2040 257.0920 13.0000
v 170.3021 256.9586 13.0000
v 170.3926 256.8287 13.0000
v 170.4761 256.7035 13.0000
v 170.5532 256.5843 13.0000
v 170.6247 256.4723 13.0000
v 170.6918 256.3690 13.0000
v 170.7563 256.2755 13.0000
v 170.8198 256.1934 13.0000
v 170.8837 256.1238 13.0000
v 170.9497 256.0683 13.0000
v 171.0195 256.0280 13.0000
v 171.0945 256.0044 13.0000
v 171.1759 255.9984 13.0000
v 171.2629 256.0092 13.0000
v 171.3543 256.0357 13.0000
v 171.4488 256.0767 13.0000
v 171.5453 256.1311 13.0000
v 171.6423 256.1976 13.0000
v 171.7388 256.2751 13.0000
v 171.8334 256.3625 13.0000
v 171.9253 256.4588 13.0000
v 172.0158 256.5640 13.0000
v 172.1063 256.6783 13.0000
v 172.1983 256.8019 13.0000
v 172.2936 256.9352 13.0000
v 172.3936 257.0782 13.0000
v 172.4999 257.2312 13.0000
v 172.6140 257.3944 13.0000
v 172.7371 257.5676 13.0000
v 172.8681 257.7487 13.0000
v 173.0055 257.9352 13.0000
v 173.1478 258.1246 13.0000
v 173.2935 258.3143 13.0000
v 173.4410 258.5018 13.0000
v 173.5888 258.6846 13.0000
v 173.7355 258.8602 13.0000
v 173.8802 259.0267 13.0000
v 174.0250 259.1856 13.0000
v 174.1727 259.3388 13.0000
v 174.3262 259.4885 13.0000
v 174.4882 259.6367 13.0000
v 174.6615 259.7854 13.0000
v 174.8490 259.9369 13.0000
v 175.0535 260.0930 13.0000
v 175.2764 260.2551 13.0000
v 175.5139 260.4214 13.0000
v 175.7607 260.5890 13.0000
v 176.0118 260.7553 13.0000
v 176.2618 260.9177 13.0000
v 176.5057 261.0734 13.0000
v 176.7381 261.2197 13.0000
v 176.9540 261.3540 13.0000
v 177.1500 261.4744 13.0000
v 177.3305 261.5834 13.0000
v 177.5017 261.6840 13.0000
v 177.6697 261.7795 13.0000
v 177.8410 261.8730 13.0000
v 178.0216 261.9679 13.0000
v 178.2178 262.0673 13.0000
v 178.4359 262.1743 13.0000
v 178.6800 262.2913 13.0000
v 178.9455 262.4164 13.0000
v 179.2259 262.5466 13.0000
v 179.5146 262.6791 13.0000
v 179.8050 262.8110 13.0000
v 180.0906 262.9395 13.0000
v 180.3646 263.0616 13.0000
v 180.6206 263.1746 13.0000
v 180.8539 263.2761 13.0000
v 181.0678 263.3671 13.0000
v 181.2673 263.4488 13.0000
v 181.4578 263.5228 13.0000
v 181.6443 263.5904 13.0000
v 181.8321 263.6532 13.0000
v 182.0263 263.7126 13.0000
v 182.2322 263.7699 13.0000
v 182.4542 263.8266 13.0000
v 182.6941 263.8833 13.0000
v 182.9530 263.9404 13.0000
v 183.2319 263.9987 13.0000
v 183.5321 264.0585 13.0000
v 183.8545 264.1205 13.0000
v 184.2002 264.1851 13.0000
v 184.5704 264.2530 13.0000
v 184.9658 264.3245 13.0000
v 185.3863 264.3992 13.0000
v 185.8313 264.4769 13.0000
v 186.3005 264.5569 13.0000
v 186.7934 264.6390 13.0000
v 187.3094 264.7226 13.0000
v 187.8482 264.8074 13.0000
v 188.4093 264.8928 13.0000
v 188.9919 264.9784 13.0000
v 189.5941 265.0636 13.0000
v 190.2138 265.1475 13.0000
v 190.8489 265.2295 13.0000
v 191.4971 265.3088 13.0000
v 192.1563 265.3848 13.0000
v 192.8244 265.4566 13.0000
v 193.4991 265.5236 13.0000
v 194.1783 265.5853 13.0000
v 194.8589 265.6418 13.0000
v 195.5379 265.6937 13.0000
v 196.2123 265.7414 13.0000
v 196.8789 265.7852 13.0000
v 197.5347 265.8257 13.0000
v 198.1767 265.8634 13.0000
v 198.8017 265.8985 13.0000
v 199.4069 265.9317 13.0000
v 199.9900 265.9630 13.0000
v 200.5490 265.9929 13.0000
v 201.0818 266.0214 13.0000
v 201.5864 266.0488 13.0000
v 202.0607 266.0754 13.0000
v 202.5026 266.1013 13.0000
v 202.9100 266.1269 13.0000
v 203.2837 266.1527 13.0000
v 203.6353 266.1805 13.0000
v 203.9790 266.2127 13.0000
v 204.3293 266.2515 13.0000
v 204.7004 266.2991 13.0000
v 205.1068 266.3578 13.0000
v 205.5627 266.4298 13.0000
v 206.0824 266.5174 13.0000
v 206.6750 266.6220 13.0000
v 207.3273 266.7415 13.0000
v 208.0209 266.8730 13.0000
v 208.7374 267.0137 13.0000
v 209.4582 267.1605 13.0000
v 210.1649 267.3108 13.0000
v 210.8391 267.4614 13.0000
v 211.4623 267.6097 13.0000
v 212.0202 267.7531 13.0000
v 212.5151 267.8919 13.0000
v 212.9538 268.0267 13.0000
v 213.3427 268.1580 13.0000
v 213.6885 268.2867 13.0000
v 213.9977 268.4134 13.0000
v 214.2769 268.5387 13.0000
v 214.5327 268.6632 13.0000
v 214.7727 268.7883 13.0000
v 215.0081 268.9179 13.0000
v 215.2513 269.0564 13.0000
v 215.5147 269.2082 13.0000
v 215.8105 269.3779 13.0000
v 216.1511 269.5699 13.0000
v 216.5488 269.7887 13.0000
v 217.0159 270.0388 13.0000
v 217.5595 270.3224 13.0000
v 218.1655 270.6324 13.0000
v 218.8144 270.9594 13.0000
v 219.4868 271.2943 13.0000
v 220.1635 271.6276 13.0000
v 220.8249 271.9501 13.0000
v 221.4517 272.2523 13.0000
v 222.0244 272.5250 13.0000
v 222.5293 272.7616 13.0000
v 222.9746 272.9661 13.0000
v 223.3739 273.1455 13.0000
v 223.7412 273.3066 13.0000
v 224.0902 273.4562 13.0000
v 224.4346 273.6012 13.0000
v 224.7882 273.7484 13.0000
v 225.1648 273.9047 13.0000
v 225.5763 274.0753 13.0000
v 226.0270 274.2594 13.0000
v 226.5193 274.4545 13.0000
v 227.0557 274.6583 13.0000
v 227.6386 274.8682 13.0000
v 228.2705 275.0819 13.0000
v 228.9538 275.2970 13.0000
v 229.6909 275.5110 13.0000
v 230.4810 275.7215 13.0000
v 231.3104 275.9268 13.0000
v 232.1619 276.1249 13.0000
v 233.0185 276.3142 13.0000
v 233.8631 276.4928 13.0000
v 234.6787 276.6589 13.0000
v 235.4482 276.8108 13.0000
v 236.1546 276.9466 13.0000
v 236.7867 277.0656 13.0000
v 237.3571 277.1702 13.0000
v 237.8842 277.2641 13.0000
v 238.3866 277.3507 13.0000
v 238.8827 277.4337 13.0000
v 239.3911 277.5165 13.0000
v 239.9303 277.6027 13.0000
v 240.5187 277.6958 13.0000
v 241.1691 277.7984 13.0000
v 241.8722 277.9096 13.0000
v 242.6126 278.0276 13.0000
v 243.3752 278.1504 13.0000
v 244.1448 278.2763 13.0000
v 244.9062 278.4032 13.0000
v 245.6443 278.5295 13.0000
v 246.3439 278.6531 13.0000
v 246.9945 278.7734 13.0000
v 247.6050 278.8937 13.0000
v 248.1887 279.0184 13.0000
v 248.7592 279.1520 13.0000
v 249.3300 279.2990 13.0000
v 249.9146 279.4637 13.0000
v 250.5264 279.6507 13.0000
v 251.1789 279.8644 13.0000
v 251.8821 280.1079 13.0000
v 252.6312 280.3795 13.0000
v 253.4181 280.6762 13.0000
v 254.2344 280.9949 13.0000
v 255.0718 281.3327 13.0000
v 255.9222 281.6864 13.0000
v 256.7772 282.0530 13.0000
v 257.6286 282.4296 13.0000
v 258.4683 282.8126 13.0000
v 259.2887 283.1969 13.0000
v 260.0825 283.5769 13.0000
v 260.8423 283.9471 13.0000
v 261.5608 284.3019 13.0000
v 262.2307 284.6358 13.0000
v 262.8445 284.9431 13.0000
v 263.3949 285.2183 13.0000
v 263.8786 285.4582 13.0000
v 264.3086 285.6688 13.0000
v 264.7019 285.8586 13.0000
v 265.0754 286.0361 13.0000
v 265.4463 286.2098 13.0000
v 265.8315 286.3880 13.0000
v 266.2481 286.5792 13.0000
v 266.7130 286.7918 13.0000
v 267.2378 287.0317 13.0000
v 267.8117 287.2941 13.0000
v 268.4185 287.5716 13.0000
v 269.0420 287.8566 13.0000
v 269.6661 288.1418 13.0000
v 270.2743 288.4197 13.0000
v 270.8506 288.6828 13.0000
v 271.3787 288.9238 13.0000
v 271.8480 289.1376 13.0000
v 272.2708 289.3285 13.0000
v 272.6650 289.5031 13.0000
v 273.0485 289.6681 13.0000
v 273.4391 289.8302 13.0000
v 273.8548 289.9961 13.0000
v 274.3136 290.1725 13.0000
v 274.8332 290.3660 13.0000
v 275.4251 290.5809 13.0000
v 276.0743 290.8123 13.0000
v 276.7595 291.0529 13.0000
v 277.4592 291.2953 13.0000
v 278.1519 291.5322 13.0000
v 278.8162 291.7562 13.0000
v 279.4308 291.9602 13.0000
v 279.9740 292.1366 13.0000
v 280.4299 292.2802 13.0000
v 280.8029 292.3930 13.0000
v 281.1030 292.4791 13.0000
v 281.3401 292.5424 13.0000
v 281.5240 292.5869 13.0000
v 281.6647 292.6167 13.0000
v 281.7720 292.6357 13.0000
v 281.8559 292.6480 13.0000
v 281.9256 292.6569 13.0000
v 281.9888 292.6629 13.0000
v 282.0523 292.6658 13.0000
v 282.1230 292.6654 13.0000
v 282.2080 292.6615 13.0000
v 282.3142 292.6539 13.0000
v 282.4485 292.6424 13.0000
v 282.6179 292.6268 13.0000
v 282.8274 292.6069 13.0000
v 283.0736 292.5822 13.0000
v 283.3512 292.5521 13.0000
v 283.6549 292.5161 13.0000
v 283.9795 292.4735 13.0000
v 284.3195 292.4239 13.0000
v 284.6697 292.3667 13.0000
v 285.0247 292.3013 13.0000
v 285.3798 292.2277 13.0000
v 285.7318 292.1475 13.0000
v 286.0782 292.0629 13.0000
v 286.4165 291.9760 13.0000
v 286.7440 291.8892 13.0000
v 287.0582 291.8044 13.0000
v 287.3565 291.7239 13.0000
v 287.6363 291.6499 13.0000
v 287.8957 291.5840 13.0000
v 288.1351 291.5256 13.0000
v 288.3556 291.4738 13.0000
v 288.5581 291.4275 13.0000
v 288.7438 291.3857 13.0000
v 288.9136 291.3473 13.0000
v 289.0687 291.3113 13.0000
v 289.2100 291.2767 13.0000
v 289.3387 291.2426 13.0000
v 289.4565 291.2094 13.0000
v 289.5651 291.1774 13.0000
v 289.6663 291.1473 13.0000
v 289.7618 291.1195 13.0000
v 289.8535 291.0945 13.0000
v 289.9432 291.0728 13.0000
v 290.0325 291.0549 13.0000
v 290.1229 291.0412 13.0000
v 290.2138 291.0317 13.0000
v 290.3043 291.0265 13.0000
v 290.3936 291.0253 13.0000
v 290.4808 291.0282 13.0000
v 290.5648 291.0350 13.0000
v 290.6449 291.0458 13.0000
v 290.7201 291.0604 13.0000
v 290.7898 291.0789 13.0000
v 290.8543 291.1018 13.0000
v 290.9141 291.1296 13.0000
v 290.9700 291.1629 13.0000
v 291.0224 291.2024 13.0000
v 291.0720 291.2486 13.0000
v 291.1193 291.3020 13.0000
v 291.1649 291.3632 13.0000
v 291.2094 291.4328 13.0000
v 291.2529 291.5101 13.0000
v 291.2955 291.5948 13.0000
v 291.3373 291.6861 13.0000
v 291.3784 291.7836 13.0000
v 291.4189 291.8866 13.0000
v 291.4589 291.9945 13.0000
v 291.4985 292.1069 13.0000
v 291.5379 292.2236 13.0000
v 291.5774 292.3462 13.0000
v 291.6178 292.4772 13.0000
v 291.6596 292.6187 13.0000
v 291.7032 292.7729 13.0000
v 291.7494 292.9420 13.0000
v 291.7986 293.1284 13.0000
v 291.8513 293.3342 13.0000
v 291.9082 293.5606 13.0000
v 291.9693 293.8050 13.0000
v 292.0349 294.0636 13.0000
v 292.1049 294.3329 13.0000
v 292.1795 294.6089 13.0000
v 292.2589 294.8881 13.0000
v 292.3431 295.1668 13.0000
v 292.4323 295.4412 13.0000
v 292.5264 295.7082 13.0000
v 292.6246 295.9671 13.0000
v 292.7261 296.2177 13.0000
v 292.8300 296.4596 13.0000
v 292.9352 296.6929 13.0000
v 293.0410 296.9171 13.0000
v 293.1463 297.1322 13.0000
v 293.2503 297.3379 13.0000
v 293.3525 297.5346 13.0000
v 293.4535 297.7245 13.0000
v 293.5548 297.9106 13.0000
v 293.6573 298.0957 13.0000
v 293.7624 298.2827 13.0000
v 293.8713 298.4744 13.0000
v 293.9850 298.6738 13.0000
v 294.1049 298.8836 13.0000
v 294.2317 299.1058 13.0000
v 294.3645 299.3384 13.0000
v 294.5022 299.5783 13.0000
v 294.6435 299.8227 13.0000
v 294.7872 300.0685 13.0000
v 294.9321 300.3127 13.0000
v 295.0769 300.5524 13.0000
v 295.2203 300.7846 13.0000
v 295.3614 301.0069 13.0000
v 295.4993 301.2185 13.0000
v 295.6335 301.4196 13.0000
v 295.7635 301.6101 13.0000
v 295.8887 301.7899 13.0000
v 296.0084 301.9589 13.0000
v 296.1223 302.1172 13.0000
v 296.2295 302.2647 13.0000
v 296.3308 302.4019 13.0000
v 296.4304 302.5324 13.0000
v 296.5342 302.6603 13.0000
v 296.6475 302.7897 13.0000
v 296.7760 302.9247 13.0000
v 296.9252 303.0695 13.0000
v 297.1008 303.2282 13.0000
v 297.3082 303.4049 13.0000
v 297.5511 303.6024 13.0000
v 297.8246 303.8176 13.0000
v 298.1221 304.0465 13.0000
v 298.4368 304.2845 13.0000
v 298.7620 304.5275 13.0000
v 299.0908 304.7711 13.0000
v 299.4167 305.0110 13.0000
v 299.7327 305.2428 13.0000
v 300.0335 305.4631 13.0000
v 300.3186 305.6710 13.0000
v 300.5890 305.8663 13.0000
v 300.8455 306.0489 13.0000
v 301.0891 306.2186 13.0000
v 301.3205 306.3755 13.0000
v 301.5408 306.5193 13.0000
v 301.7507 306.6499 13.0000
v 301.9529 306.7682 13.0000
v 302.1568 306.8790 13.0000
v 302.3734 306.9882 13.0000
v 302.6139 307.1015 13.0000
v 302.8893 307.2247 13.0000
v 303.2108 307.3638 13.0000
v 303.5895 307.5245 13.0000
v 304.0363 307.7126 13.0000
v 304.5574 307.9314 13.0000
v 305.1383 308.1738 13.0000
v 305.7593 308.4302 13.0000
v 306.4008 308.6910 13.0000
v 307.0433 308.9465 13.0000
v 307.6672 309.1871 13.0000
v 308.2528 309.4031 13.0000
v 308.7807 309.5850 13.0000
v 309.2358 309.7257 13.0000
v 309.6219 309.8284 13.0000
v 309.9477 309.8990 13.0000
v 310.2216 309.9435 13.0000
v 310.4521 309.9677 13.0000
v 310.6476 309.9775 13.0000
v 310.8168 309.9787 13.0000
v 310.9681 309.9772 13.0000
v 311.1108 309.9792 13.0000
v 311.2580 309.9918 13.0000
v 311.4234 310.0224 13.0000
v 311.6207 310.0786 13.0000
v 311.8639 310.1676 13.0000
v 312.1666 310.2969 13.0000
v 312.5427 310.4740 13.0000
v 313.0060 310.7063 13.0000
v 313.5652 310.9985 13.0000
v 314.2085 311.3453 13.0000
v 314.9192 311.7385 13.0000
v 315.6805 312.1700 13.0000
v 316.4755 312.6318 13.0000
v 317.2876 313.1158 13.0000
v 318.0998 313.6139 13.0000
v 318.8954 314.1179 13.0000
v 319.6597 314.6203 13.0000
v 319.9506 314.8184 13.0000
v 83.7950 113.6344 31.0000
v 69.2035 88.8108 31.0000
v 62.1607 79.0634 31.0000
v 59.9287 75.1236 31.0000
v 58.9911 74.7695 31.0000
v 415.9325 258.0412 31.0000
v 416.1336 258.4135 31.0000
v 409.1623 266.1599 31.0000
v 405.4498 269.4496 31.0000
v 398.7029 273.3503 31.0000
v 395.1084 274.4866 31.0000
v 81.1385 102.9737 32.0000
v 73.5746 89.5345 32.0000
v 67.7962 78.7498 32.0000
v 63.8623 73.2327 32.0000
v 62.6948 72.9175 32.0000
v 407.2016 263.2789 32.0000
v 407.2974 264.0345 32.0000
v 405.4699 266.9206 32.0000
v 398.4205 271.7014 32.0000
v 396.1106 272.3794 32.0000
v 44.6361 79.0652 26.0000
v 44.7206 79.1896 26.0000
v 380.3107 300.7160 26.0000
v 380.5383 300.7473 26.0000
v 391.9573 293.4519 26.0000
v 404.6217 285.0168 26.0000
v 407.1717 284.1033 26.0000
v 103.8124 69.6772 38.0000
v 103.5993 69.1449 38.0000
v 103.2603 68.2707 38.0000
v 102.9008 67.3201 38.0000
v 102.5146 66.2808 38.0000
v 102.0975 65.1445 38.0000
v 101.6521 63.9187 38.0000
v 101.1829 62.6148 38.0000
v 100.6946 61.2443 38.0000
v 100.1915 59.8186 38.0000
v 99.6782 58.3493 38.0000
v 99.1593 56.8477 38.0000
v 98.6391 55.3253 38.0000
v 98.1224 53.7944 38.0000
v 97.6141 52.2699 38.0000
v 97.1194 50.7677 38.0000
v 96.6434 49.3036 38.0000
v 96.1912 47.8934 38.0000
v 95.7679 46.5528 38.0000
v 95.3788 45.2976 38.0000
v 94.3045 40.7570 38.0000
v 93.7265 37.5680 38.0000
v 93.0056 34.1000 38.0000
v 92.6956 32.6700 38.0000
v 92.2556 31.2800 38.0000
v 91.9623 30.3024 38.0000
v 406.1684 128.4712 38.0000
v 411.2356 129.9400 38.0000
v 412.5156 130.4000 38.0000
v 413.3856 130.8800 38.0000
v 414.0856 131.4000 38.0000
v 414.6256 132.0400 38.0000
v 415.1956 132.9900 38.0000
v 415.6656 134.0000 38.0000
v 415.9656 134.9400 38.0000
v 416.2956 140.9400 38.0000
v 416.4356 142.4900 38.0000
v 416.5456 143.5200 38.0000
v 416.8756 145.1200 38.0000
v 421.0256 156.7900 38.0000
v 424.2856 164.4300 38.0000
v 426.1156 169.4941 38.0000
v 426.5779 170.9453 38.0000
v 426.8624 171.7491 38.0000
v 427.1368 172.5423 38.0000
v 427.3985 173.3174 38.0000
v 427.6450 174.0669 38.0000
v 427.8737 174.7833 38.0000
v 428.0833 175.4649 38.0000
v 428.2781 176.1338 38.0000
v 428.3548 176.4170 38.0000
v 431.2582 206.6102 38.0000
v 431.2366 206.9829 38.0000
v 431.1488 208.3466 38.0000
v 431.0517 209.6880 38.0000
v 430.9426 211.0078 38.0000
v 430.8186 212.3062 38.0000
v 430.6771 213.5838 38.0000
v 430.5153 214.8410 38.0000
v 430.3303 216.0783 38.0000
v 430.1195 217.2961 38.0000
v 429.8813 218.4937 38.0000
v 429.6197 219.6651 38.0000
v 429.3400 220.8034 38.0000
v 429.0475 221.9015 38.0000
v 428.7473 222.9524 38.0000
v 428.4449 223.9490 38.0000
v 428.1454 224.8842 38.0000
v 427.8542 225.7510 38.0000
v 427.5742 226.5466 38.0000
v 427.2998 227.2848 38.0000
v 427.0229 227.9837 38.0000
v 426.7355 228.6615 38.0000
v 426.4296 229.3361 38.0000
v 426.0971 230.0256 38.0000
v 425.7302 230.7482 38.0000
v 425.3207 231.5219 38.0000
v 424.8640 232.3583 38.0000
v 424.3681 233.2431 38.0000
v 423.8443 234.1554 38.0000
v 423.5895 234.5889 38.0000
v 329.8665 188.9514 48.0000
v 336.4245 190.6084 48.0000
v 342.9145 192.6804 48.0000
v 347.5305 194.7375 48.0000
v 353.1073 197.4046 48.0000
v 359.4053 200.2440 48.0000
v 370.8207 205.2808 48.0000
v 371.4526 205.5519 48.0000
v 372.1262 205.8683 48.0000
v 372.8502 206.2392 48.0000
v 373.6330 206.6737 48.0000
v 374.4801 207.1774 48.0000
v 375.3840 207.7415 48.0000
v 376.3342 208.3538 48.0000
v 377.3200 209.0019 48.0000
v 378.3311 209.6735 48.0000
v 379.3567 210.3563 48.0000
v 380.3864 211.0380 48.0000
v 381.4096 211.7063 48.0000
v 382.4169 212.3515 48.0000
v 383.4042 212.9743 48.0000
v 384.3685 213.5781 48.0000
v 385.3067 214.1664 48.0000
v 386.2159 214.7424 48.0000
v 387.0930 215.3095 48.0000
v 387.9352 215.8712 48.0000
v 388.7394 216.4307 48.0000
v 389.5048 216.9908 48.0000
v 390.2394 217.5508 48.0000
v 390.9533 218.1096 48.0000
v 391.6568 218.6658 48.0000
v 392.3599 219.2181 48.0000
v 393.0729 219.7653 48.0000
v 393.8059 220.3060 48.0000
v 394.5690 220.8391 48.0000
v 395.3688 221.3626 48.0000
v 396.1967 221.8730 48.0000
v 397.0407 222.3659 48.0000
v 397.8886 222.8372 48.0000
v 398.7282 223.2827 48.0000
v 399.5475 223.6980 48.0000
v 400.3342 224.0790 48.0000
v 401.0762 224.4216 48.0000
v 401.7640 224.7226 48.0000
v 402.3984 224.9841 48.0000
v 402.9827 225.2093 48.0000
v 403.5204 225.4014 48.0000
v 404.0149 225.5637 48.0000
v 404.4696 225.6993 48.0000
v 404.8878 225.8115 48.0000
v 405.2731 225.9034 48.0000
v 405.6288 225.9777 48.0000
v 405.9594 226.0340 48.0000
v 406.2693 226.0712 48.0000
v 406.5628 226.0882 48.0000
v 406.8446 226.0840 48.0000
v 407.1190 226.0577 48.0000
v 407.3905 226.0080 48.0000
v 407.6635 225.9340 48.0000
v 407.9418 225.8350 48.0000
v 408.2268 225.7120 48.0000
v 408.5192 225.5664 48.0000
v 408.8196 225.3996 48.0000
v 409.1287 225.2130 48.0000
v 409.4472 225.0080 48.0000
v 409.7757 224.7860 48.0000
v 410.1151 224.5484 48.0000
v 410.4650 224.2964 48.0000
v 410.8223 224.0307 48.0000
v 411.1827 223.7517 48.0000
v 411.5422 223.4598 48.0000
v 411.8965 223.1556 48.0000
v 412.2416 222.8395 48.0000
v 412.5734 222.5119 48.0000
v 413.1538 221.9331 48.0000
v 413.8734 221.0642 48.0000
v 415.0639 218.4549 48.0000
v 415.7935 214.9247 48.0000
v 416.4468 211.0367 48.0000
v 416.6356 210.1000 48.0000
v 417.1756 207.4400 48.0000
v 417.3856 205.5500 48.0000
v 417.3756 203.1200 48.0000
v 417.1856 199.9600 48.0000
v 416.7656 195.2600 48.0000
v 416.2056 191.5300 48.0000
v 415.5056 188.9100 48.0000
v 414.3656 185.7500 48.0000
v 409.3656 172.9600 48.0000
v 407.9356 169.7900 48.0000
v 406.6956 167.5700 48.0000
v 403.9556 163.4000 48.0000
v 402.0456 160.9200 48.0000
v 398.3656 156.5700 48.0000
v 394.0056 152.2000 48.0000
v 391.4456 149.9700 48.0000
v 384.1456 144.1200 48.0000
v 377.5356 139.4400 48.0000
v 372.7456 136.2600 48.0000
v 366.2156 132.2200 48.0000
v 365.0556 131.6700 48.0000
v 363.3956 131.2700 48.0000
v 361.0556 131.1100 48.0000
v 359.7956 130.6900 48.0000
v 358.8456 130.0200 48.0000
v 358.1656 129.4300 48.0000
v 357.2756 128.4600 48.0000
v 355.9356 126.7400 48.0000
v 355.7590 126.4224 48.0000
v 192.1699 15.7888 48.0000
v 183.9356 11.5400 48.0000
v 181.9556 10.5800 48.0000
v 178.7556 9.3500 48.0000
v 177.3256 8.7400 48.0000
v 175.7256 8.3700 48.0000
v 174.3656 8.2300 48.0000
v 173.7456 8.2600 48.0000
v 171.2556 8.6600 48.0000
v 166.2456 10.0300 48.0000
v 164.1356 10.9600 48.0000
v 162.6256 11.8700 48.0000
v 160.2856 13.4500 48.0000
v 158.4156 14.9200 48.0000
v 157.4156 15.9000 48.0000
v 148.3856 27.1000 48.0000
v 146.7956 30.2800 48.0000
v 146.0756 32.1000 48.0000
v 145.4856 33.9100 48.0000
v 145.0956 35.8900 48.0000
v 145.0205 37.5680 48.0000
v 144.7750 45.3425 48.0000
v 145.0016 55.6721 48.0000
v 145.3147 65.7436 48.0000
v 146.2363 71.8827 48.0000
v 148.7302 80.7016 48.0000
v 153.5653 94.0421 48.0000
v 153.6753 94.3794 48.0000
v 154.0181 95.3833 48.0000
v 154.3732 96.3760 48.0000
v 154.7412 97.3596 48.0000
v 155.1218 98.3352 48.0000
v 155.5147 99.3039 48.0000
v 155.9198 100.2668 48.0000
v 156.3368 101.2250 48.0000
v 156.7656 102.1795 48.0000
v 157.2059 103.1316 48.0000
v 157.6582 104.0823 48.0000
v 158.1255 105.0331 48.0000
v 158.6115 105.9855 48.0000
v 159.1198 106.9410 48.0000
v 159.6540 107.9012 48.0000
v 160.2179 108.8675 48.0000
v 160.8151 109.8415 48.0000
v 161.4492 110.8247 48.0000
v 162.1234 111.8180 48.0000
v 162.8393 112.8203 48.0000
v 163.5979 113.8299 48.0000
v 164.4002 114.8452 48.0000
v 165.2473 115.8645 48.0000
v 166.1402 116.8860 48.0000
v 167.0799 117.9081 48.0000
v 168.0675 118.9290 48.0000
v 169.1019 119.9466 48.0000
v 170.1738 120.9554 48.0000
v 171.2718 121.9496 48.0000
v 172.3845 122.9232 48.0000
v 173.5003 123.8703 48.0000
v 174.6079 124.7851 48.0000
v 175.6959 125.6615 48.0000
v 176.7528 126.4937 48.0000
v 177.4426 127.0249 48.0000
v 183.9366 132.7245 48.0000
v 191.0711 138.7212 48.0000
v 243.9800 144.9393 48.0000
v 245.6615 145.4118 48.0000
v 250.9145 148.5639 48.0000
v 251.7756 149.1589 48.0000
v 252.6712 149.7659 48.0000
v 253.6033 150.3788 48.0000
v 254.5737 150.9913 48.0000
v 255.5842 151.5988 48.0000
v 256.6348 152.2018 48.0000
v 257.7254 152.8024 48.0000
v 258.8560 153.4027 48.0000
v 260.0263 154.0046 48.0000
v 261.2363 154.6102 48.0000
v 261.6696 154.8222 48.0000
v 402.7718 228.2051 47.0000
v 403.1073 228.3061 47.0000
v 403.6183 228.4468 47.0000
v 404.1040 228.5682 47.0000
v 404.5614 228.6711 47.0000
v 404.9873 228.7562 47.0000
v 405.3785 228.8243 47.0000
v 405.7340 228.8753 47.0000
v 406.0602 228.9061 47.0000
v 406.3656 228.9132 47.0000
v 406.6586 228.8926 47.0000
v 406.9477 228.8408 47.0000
v 407.2414 228.7539 47.0000
v 407.5480 228.6282 47.0000
v 407.8761 228.4601 47.0000
v 408.2319 228.2472 47.0000
v 408.6132 227.9939 47.0000
v 409.0158 227.7060 47.0000
v 409.4351 227.3891 47.0000
v 409.8669 227.0491 47.0000
v 410.3068 226.6918 47.0000
v 410.7505 226.3229 47.0000
v 411.1935 225.9482 47.0000
v 411.6318 225.5723 47.0000
v 412.0627 225.1945 47.0000
v 412.4836 224.8133 47.0000
v 412.8920 224.4267 47.0000
v 413.2855 224.0329 47.0000
v 413.6616 223.6303 47.0000
v 414.0177 223.2170 47.0000
v 414.3514 222.7913 47.0000
v 414.5047 222.5913 47.0000
v 415.2175 221.6781 47.0000
v 416.4080 218.9537 47.0000
v 417.4064 214.3108 47.0000
v 417.9917 211.2660 47.0000
v 418.1656 210.5300 47.0000
v 418.8656 207.6300 47.0000
v 419.1456 205.6100 47.0000
v 419.2056 203.3200 47.0000
v 419.0756 199.7800 47.0000
v 418.7256 195.0500 47.0000
v 418.2556 191.4400 47.0000
v 417.7956 189.2400 47.0000
v 416.9756 186.4900 47.0000
v 416.0356 184.0400 47.0000
v 410.0856 169.4600 47.0000
v 408.8556 167.0400 47.0000
v 406.1456 162.5200 47.0000
v 404.5656 160.3300 47.0000
v 400.8556 155.8300 47.0000
v 398.8656 153.7100 47.0000
v 395.6556 150.5000 47.0000
v 393.5556 148.7400 47.0000
v 386.4656 142.9600 47.0000
v 383.6656 140.9200 47.0000
v 377.0156 136.2900 47.0000
v 366.6156 129.5900 47.0000
v 365.3156 129.0600 47.0000
v 363.0356 128.2400 47.0000
v 361.7356 127.5200 47.0000
v 360.8956 126.6700 47.0000
v 360.8613 126.6298 47.0000
v 190.2393 12.0968 47.0000
v 183.9056 8.9300 47.0000
v 181.2156 7.3900 47.0000
v 177.9356 5.4200 47.0000
v 175.6056 4.4400 47.0000
v 173.7256 4.2400 47.0000
v 172.5956 4.3200 47.0000
v 170.7356 4.4600 47.0000
v 169.2086 4.7842 47.0000
v 161.3940 7.3272 47.0000
v 160.6956 7.7100 47.0000
v 158.1856 9.3500 47.0000
v 155.9756 10.9400 47.0000
v 153.6956 13.2600 47.0000
v 145.2556 23.7500 47.0000
v 144.6656 24.7900 47.0000
v 143.0956 28.0600 47.0000
v 142.0956 30.6000 47.0000
v 141.3756 32.9100 47.0000
v 141.0356 34.8500 47.0000
v 141.0156 36.2900 47.0000
v 141.0364 37.5680 47.0000
v 140.9700 38.9546 47.0000
v 141.5552 52.5180 47.0000
v 141.9920 64.1941 47.0000
v 142.9035 70.9851 47.0000
v 144.5931 77.9682 47.0000
v 145.9782 81.9721 47.0000
v 149.1474 91.2940 47.0000
v 150.2577 94.4046 47.0000
v 150.6364 95.3133 47.0000
v 151.0523 96.2290 47.0000
v 151.5019 97.1541 47.0000
v 151.9814 98.0911 47.0000
v 152.4872 99.0423 47.0000
v 153.0155 100.0103 47.0000
v 153.5628 100.9975 47.0000
v 154.1253 102.0065 47.0000
v 154.7001 103.0383 47.0000
v 155.2867 104.0893 47.0000
v 155.8853 105.1546 47.0000
v 156.4962 106.2294 47.0000
v 157.1196 107.3086 47.0000
v 157.7557 108.3875 47.0000
v 158.4047 109.4611 47.0000
v 159.0669 110.5244 47.0000
v 159.7427 111.5734 47.0000
v 160.4331 112.6069 47.0000
v 161.1396 113.6245 47.0000
v 161.8634 114.6258 47.0000
v 162.6058 115.6104 47.0000
v 163.3681 116.5780 47.0000
v 164.1516 117.5280 47.0000
v 164.9577 118.4602 47.0000
v 165.7868 119.3745 47.0000
v 166.6368 120.2719 47.0000
v 167.5046 121.1540 47.0000
v 168.3873 122.0222 47.0000
v 169.2817 122.8781 47.0000
v 170.1850 123.7229 47.0000
v 171.0942 124.5583 47.0000
v 172.0061 125.3856 47.0000
v 172.9190 126.2061 47.0000
v 173.8350 127.0199 47.0000
v 174.7575 127.8268 47.0000
v 175.6897 128.6268 47.0000
v 176.6351 129.4197 47.0000
v 177.5968 130.2054 47.0000
v 178.5783 130.9838 47.0000
v 179.5828 131.7546 47.0000
v 180.6115 132.5182 47.0000
v 181.6571 133.2757 47.0000
v 182.7102 134.0286 47.0000
v 183.7613 134.7784 47.0000
v 184.8011 135.5268 47.0000
v 185.8201 136.2751 47.0000
v 186.8088 137.0249 47.0000
v 187.7579 137.7778 47.0000
v 188.6602 138.5341 47.0000
v 189.0917 138.9146 47.0000
v 330.1510 191.2150 47.0000
v 331.0211 191.4810 47.0000
v 332.0564 191.7786 47.0000
v 333.0656 192.0502 47.0000
v 334.0522 192.2978 47.0000
v 335.0196 192.5242 47.0000
v 335.9709 192.7363 47.0000
v 336.9092 192.9416 47.0000
v 337.8377 193.1478 47.0000
v 338.7596 193.3626 47.0000
v 339.6780 193.5937 47.0000
v 340.5959 193.8486 47.0000
v 341.5167 194.1351 47.0000
v 342.4427 194.4590 47.0000
v 343.3744 194.8186 47.0000
v 344.3116 195.2104 47.0000
v 345.2540 195.6310 47.0000
v 346.2013 196.0768 47.0000
v 347.1534 196.5444 47.0000
v 348.1101 197.0303 47.0000
v 349.0710 197.5309 47.0000
v 350.0374 198.0439 47.0000
v 351.0159 198.5711 47.0000
v 352.0146 199.1154 47.0000
v 353.0415 199.6796 47.0000
v 354.1048 200.2666 47.0000
v 355.2124 200.8792 47.0000
v 356.3725 201.5205 47.0000
v 357.5930 202.1932 47.0000
v 358.8781 202.8984 47.0000
v 360.2164 203.6297 47.0000
v 361.5924 204.3789 47.0000
v 362.9907 205.1378 47.0000
v 364.3959 205.8982 47.0000
v 365.7925 206.6519 47.0000
v 367.1651 207.3907 47.0000
v 368.4984 208.1064 47.0000
v 369.7805 208.7926 47.0000
v 371.0142 209.4509 47.0000
v 372.2058 210.0846 47.0000
v 373.3618 210.6970 47.0000
v 374.4884 211.2915 47.0000
v 375.5922 211.8716 47.0000
v 376.6794 212.4405 47.0000
v 377.7565 213.0016 47.0000
v 378.8271 213.5573 47.0000
v 379.8842 214.1061 47.0000
v 380.9183 214.6453 47.0000
v 381.9195 215.1724 47.0000
v 382.8783 215.6849 47.0000
v 383.7849 216.1801 47.0000
v 384.6298 216.6556 47.0000
v 385.4032 217.1088 47.0000
v 386.1000 217.5389 47.0000
v 386.7331 217.9526 47.0000
v 387.3200 218.3584 47.0000
v 387.8782 218.7647 47.0000
v 388.4251 219.1800 47.0000
v 388.9783 219.6127 47.0000
v 389.5552 220.0714 47.0000
v 390.1732 220.5645 47.0000
v 390.8451 221.0971 47.0000
v 391.5644 221.6613 47.0000
v 392.3198 222.2457 47.0000
v 393.1000 222.8389 47.0000
v 393.8937 223.4296 47.0000
v 394.6896 224.0065 47.0000
v 395.4765 224.5582 47.0000
v 396.2431 225.0734 47.0000
v 396.9804 225.5431 47.0000
v 397.6884 225.9682 47.0000
v 398.2053 226.2593 47.0000
v 244.2057 147.9354 47.0000
v 244.2889 147.9746 47.0000
v 244.7704 148.2185 47.0000
v 245.2452 148.4758 47.0000
v 245.7143 148.7467 47.0000
v 246.1768 149.0285 47.0000
v 246.6311 149.3178 47.0000
v 247.0758 149.6112 47.0000
v 247.5094 149.9053 47.0000
v 247.9302 150.1969 47.0000
v 248.3367 150.4824 47.0000
v 248.7275 150.7587 47.0000
v 249.1026 151.0236 47.0000
v 249.4682 151.2809 47.0000
v 249.8320 151.5357 47.0000
v 250.2020 151.7931 47.0000
v 250.5858 152.0581 47.0000
v 250.9913 152.3358 47.0000
v 251.4262 152.6314 47.0000
v 251.8984 152.9498 47.0000
v 252.4166 153.2959 47.0000
v 252.9935 153.6721 47.0000
v 253.6424 154.0807 47.0000
v 254.3771 154.5239 47.0000
v 254.7460 154.7362 47.0000
v 329.5419 186.9769 49.0000
v 338.3574 189.4117 49.0000
v 346.2014 192.1873 49.0000
v 351.6928 194.6430 49.0000
v 358.7188 197.1727 49.0000
v 364.2866 200.1490 49.0000
v 364.7901 200.3863 49.0000
v 365.8333 200.8592 49.0000
v 366.8949 201.3300 49.0000
v 367.9574 201.7982 49.0000
v 369.0029 202.2633 49.0000
v 370.0192 202.7261 49.0000
v 371.0154 203.1930 49.0000
v 372.0063 203.6716 49.0000
v 373.0065 204.1695 49.0000
v 374.0306 204.6943 49.0000
v 375.0932 205.2536 49.0000
v 376.2090 205.8551 49.0000
v 377.3926 206.5064 49.0000
v 378.6524 207.2120 49.0000
v 379.9724 207.9638 49.0000
v 381.3302 208.7507 49.0000
v 382.7035 209.5615 49.0000
v 384.0700 210.3849 49.0000
v 385.4073 211.2099 49.0000
v 386.6933 212.0252 49.0000
v 387.9054 212.8196 49.0000
v 389.0293 213.5847 49.0000
v 390.0817 214.3225 49.0000
v 391.0873 215.0377 49.0000
v 392.0707 215.7351 49.0000
v 393.0565 216.4194 49.0000
v 394.0693 217.0953 49.0000
v 395.1338 217.7677 49.0000
v 396.2745 218.4411 49.0000
v 397.5071 219.1168 49.0000
v 398.8117 219.7819 49.0000
v 400.1593 220.4196 49.0000
v 401.5210 221.0134 49.0000
v 402.8680 221.5468 49.0000
v 404.1712 222.0032 49.0000
v 405.4017 222.3659 49.0000
v 406.5306 222.6185 49.0000
v 407.5356 222.7496 49.0000
v 408.4203 222.7687 49.0000
v 409.1949 222.6905 49.0000
v 409.8695 222.5300 49.0000
v 410.4545 222.3018 49.0000
v 410.9601 222.0206 49.0000
v 411.3963 221.7014 49.0000
v 411.7734 221.3588 49.0000
v 412.3993 220.6166 49.0000
v 413.2996 219.2055 49.0000
v 413.7626 217.5385 49.0000
v 414.6251 212.0822 49.0000
v 414.8156 211.0100 49.0000
v 415.3656 208.1700 49.0000
v 415.6256 205.5000 49.0000
v 415.5256 202.8300 49.0000
v 414.8056 195.4700 49.0000
v 414.2056 191.9200 49.0000
v 413.4756 189.5700 49.0000
v 412.5856 187.1900 49.0000
v 406.5756 171.7400 49.0000
v 405.4556 169.5900 49.0000
v 404.4256 168.0100 49.0000
v 402.0356 164.6900 49.0000
v 399.4756 161.4700 49.0000
v 396.1756 157.6800 49.0000
v 392.7756 154.2900 49.0000
v 390.3856 152.0600 49.0000
v 386.4056 148.6600 49.0000
v 383.3656 146.3900 49.0000
v 373.7656 139.6400 49.0000
v 370.2556 137.4100 49.0000
v 364.8856 134.2700 49.0000
v 363.6456 133.7800 49.0000
v 362.1956 133.5300 49.0000
v 357.6556 133.3200 49.0000
v 356.9756 133.1100 49.0000
v 356.1956 132.6800 49.0000
v 355.2356 131.9600 49.0000
v 354.1456 130.8100 49.0000
v 353.2456 129.4800 49.0000
v 352.5856 127.8100 49.0000
v 352.1712 126.2766 49.0000
v 194.2507 19.7680 49.0000
v 190.8456 17.7900 49.0000
v 185.1156 14.6700 49.0000
v 182.4856 13.5200 49.0000
v 179.7056 12.6600 49.0000
v 177.7756 12.2600 49.0000
v 176.0556 12.0900 49.0000
v 174.7756 12.1600 49.0000
v 174.0456 12.2700 49.0000
v 171.7856 12.8600 49.0000
v 168.2456 14.0100 49.0000
v 166.7156 14.7200 49.0000
v 165.2356 15.6000 49.0000
v 162.4756 17.5400 49.0000
v 160.7656 19.0400 49.0000
v 157.0456 23.1700 49.0000
v 153.8956 26.9300 49.0000
v 152.1856 29.2700 49.0000
v 150.3556 32.8400 49.0000
v 149.5956 34.9000 49.0000
v 149.1656 36.7400 49.0000
v 149.0644 37.5680 49.0000
v 148.8455 41.5823 49.0000
v 148.6939 52.4172 49.0000
v 148.6939 63.1605 49.0000
v 149.8453 73.6242 49.0000
v 150.8352 77.3780 49.0000
v 152.1689 82.5573 49.0000
v 153.8315 87.4082 49.0000
v 154.9466 90.4108 49.0000
v 155.8829 93.4739 49.0000
v 156.7160 96.0278 49.0000
v 157.4612 98.1598 49.0000
v 158.1337 99.9578 49.0000
v 158.7488 101.5093 49.0000
v 159.3206 102.8906 49.0000
v 159.8594 104.1334 49.0000
v 160.3739 105.2581 49.0000
v 160.8733 106.2852 49.0000
v 161.3665 107.2350 49.0000
v 161.8625 108.1280 49.0000
v 162.3704 108.9847 49.0000
v 162.8990 109.8253 49.0000
v 163.4569 110.6671 49.0000
v 164.0505 111.5132 49.0000
v 164.6859 112.3638 49.0000
v 165.3691 113.2187 49.0000
v 166.1059 114.0778 49.0000
v 166.9025 114.9413 49.0000
v 167.7648 115.8089 49.0000
v 168.6987 116.6808 49.0000
v 169.7062 117.5555 49.0000
v 170.7730 118.4273 49.0000
v 171.8804 119.2888 49.0000
v 173.0100 120.1329 49.0000
v 177.1738 123.5049 49.0000
v 182.5499 129.0301 49.0000
v 189.7694 135.5530 49.0000
v 193.7438 138.3830 49.0000
v 243.6121 142.3184 49.0000
v 247.3967 142.7070 49.0000
v 253.8481 145.9301 49.0000
v 261.1330 152.1764 49.0000
v 265.2554 154.2888 49.0000
v 24.0512 87.9587 19.0000
v 24.0856 88.0100 19.0000
v 24.7256 89.5400 19.0000
v 25.4856 92.3400 19.0000
v 26.3756 95.1400 19.0000
v 27.1456 97.1100 19.0000
v 28.5356 99.6300 19.0000
v 31.5856 104.3500 19.0000
v 33.7256 108.2400 19.0000
v 36.1656 113.2700 19.0000
v 39.4856 120.4600 19.0000
v 42.4669 127.2307 19.0000
v 73.6332 203.3496 19.0000
v 72.8456 204.2000 19.0000
v 72.3056 205.0900 19.0000
v 72.3056 205.5400 19.0000
v 72.4356 206.2900 19.0000
v 72.9556 208.2300 19.0000
v 74.9061 212.9084 19.0000
v 76.2521 216.7911 19.0000
v 77.4674 219.3369 19.0000
v 77.6775 219.5973 19.0000
v 78.2889 220.3163 19.0000
v 78.9859 221.1066 19.0000
v 79.7552 221.9565 19.0000
v 80.5837 222.8545 19.0000
v 81.4580 223.7891 19.0000
v 82.3648 224.7487 19.0000
v 83.2908 225.7217 19.0000
v 84.2228 226.6966 19.0000
v 85.1488 227.6624 19.0000
v 86.0618 228.6115 19.0000
v 86.9561 229.5369 19.0000
v 87.8262 230.4316 19.0000
v 88.6664 231.2885 19.0000
v 89.4711 232.1006 19.0000
v 90.2345 232.8610 19.0000
v 90.9512 233.5627 19.0000
v 91.6174 234.2009 19.0000
v 92.2378 234.7807 19.0000
v 92.8192 235.3091 19.0000
v 93.3682 235.7936 19.0000
v 93.8915 236.2413 19.0000
v 94.3958 236.6596 19.0000
v 94.8878 237.0556 19.0000
v 95.3743 237.4365 19.0000
v 95.8607 237.8084 19.0000
v 96.3480 238.1714 19.0000
v 96.8362 238.5244 19.0000
v 97.3250 238.8663 19.0000
v 97.8142 239.1960 19.0000
v 98.3039 239.5124 19.0000
v 98.7937 239.8142 19.0000
v 99.2835 240.1005 19.0000
v 99.7728 240.3701 19.0000
v 100.2597 240.6220 19.0000
v 100.7419 240.8550 19.0000
v 101.2170 241.0683 19.0000
v 101.6827 241.2607 19.0000
v 102.1368 241.4313 19.0000
v 102.5769 241.5790 19.0000
v 103.0007 241.7028 19.0000
v 103.4067 241.8022 19.0000
v 103.7965 241.8788 19.0000
v 104.1725 241.9347 19.0000
v 104.5370 241.9721 19.0000
v 104.8925 241.9931 19.0000
v 105.2413 241.9999 19.0000
v 105.5859 241.9946 19.0000
v 105.9285 241.9793 19.0000
v 106.2716 241.9557 19.0000
v 106.6168 241.9234 19.0000
v 106.9660 241.8815 19.0000
v 107.3209 241.8293 19.0000
v 107.6832 241.7658 19.0000
v 108.0547 241.6901 19.0000
v 108.4371 241.6015 19.0000
v 108.8321 241.4990 19.0000
v 109.2413 241.3818 19.0000
v 109.6656 241.2485 19.0000
v 110.1057 241.0978 19.0000
v 110.5625 240.9284 19.0000
v 111.0367 240.7389 19.0000
v 111.5289 240.5281 19.0000
v 112.0401 240.2945 19.0000
v 112.5708 240.0369 19.0000
v 113.1222 239.7552 19.0000
v 113.6955 239.4547 19.0000
v 114.2926 239.1418 19.0000
v 114.9152 238.8231 19.0000
v 115.5648 238.5052 19.0000
v 116.2433 238.1946 19.0000
v 116.9522 237.8978 19.0000
v 117.6933 237.6213 19.0000
v 118.4656 237.3706 19.0000
v 119.2571 237.1466 19.0000
v 120.0535 236.9491 19.0000
v 120.8402 236.7780 19.0000
v 121.6026 236.6331 19.0000
v 122.1632 236.5409 19.0000
v 276.6626 280.8788 19.0000
v 276.7779 280.9354 19.0000
v 277.5194 281.2914 19.0000
v 278.2422 281.6279 19.0000
v 278.9410 281.9401 19.0000
v 279.6106 282.2234 19.0000
v 280.2458 282.4729 19.0000
v 280.8435 282.6851 19.0000
v 281.4086 282.8617 19.0000
v 281.9484 283.0055 19.0000
v 282.4700 283.1194 19.0000
v 282.9806 283.2064 19.0000
v 283.4872 283.2692 19.0000
v 283.9971 283.3108 19.0000
v 284.5173 283.3341 19.0000
v 285.0522 283.3418 19.0000
v 285.5948 283.3362 19.0000
v 286.1353 283.3194 19.0000
v 286.6639 283.2938 19.0000
v 287.1707 283.2613 19.0000
v 287.6461 283.2243 19.0000
v 288.0801 283.1848 19.0000
v 288.4630 283.1451 19.0000
v 288.7884 283.1065 19.0000
v 289.0635 283.0671 19.0000
v 289.2991 283.0240 19.0000
v 289.5058 282.9746 19.0000
v 289.6943 282.9161 19.0000
v 289.8752 282.8456 19.0000
v 290.0593 282.7604 19.0000
v 290.2572 282.6579 19.0000
v 290.4773 282.5359 19.0000
v 290.7187 282.3957 19.0000
v 290.9783 282.2393 19.0000
v 291.2529 282.0687 19.0000
v 291.5393 281.8860 19.0000
v 291.8344 281.6931 19.0000
v 292.1350 281.4919 19.0000
v 292.4379 281.2847 19.0000
v 292.7401 281.0736 19.0000
v 293.0388 280.8627 19.0000
v 293.3315 280.6561 19.0000
v 293.6156 280.4581 19.0000
v 293.8884 280.2731 19.0000
v 294.1474 280.1052 19.0000
v 294.3900 279.9587 19.0000
v 294.6135 279.8380 19.0000
v 294.8163 279.7470 19.0000
v 295.0005 279.6890 19.0000
v 295.1691 279.6673 19.0000
v 295.3250 279.6849 19.0000
v 295.4714 279.7449 19.0000
v 295.6113 279.8504 19.0000
v 295.7476 280.0047 19.0000
v 295.8834 280.2107 19.0000
v 296.0215 280.4705 19.0000
v 296.1641 280.7810 19.0000
v 296.3131 281.1381 19.0000
v 296.4706 281.5376 19.0000
v 296.6384 281.9754 19.0000
v 296.8187 282.4474 19.0000
v 297.0133 282.9493 19.0000
v 297.2242 283.4769 19.0000
v 297.4532 284.0264 19.0000
v 297.7002 284.5939 19.0000
v 297.9651 285.1760 19.0000
v 298.2478 285.7693 19.0000
v 298.5479 286.3701 19.0000
v 298.8654 286.9750 19.0000
v 299.2000 287.5805 19.0000
v 299.5515 288.1830 19.0000
v 299.9198 288.7796 19.0000
v 300.3055 289.3695 19.0000
v 300.7091 289.9527 19.0000
v 301.1312 290.5290 19.0000
v 301.5725 291.0982 19.0000
v 302.0335 291.6602 19.0000
v 302.5149 292.2148 19.0000
v 303.0173 292.7619 19.0000
v 303.5408 293.3011 19.0000
v 304.0836 293.8312 19.0000
v 304.6434 294.3507 19.0000
v 305.2179 294.8583 19.0000
v 305.8049 295.3524 19.0000
v 306.4021 295.8317 19.0000
v 307.0072 296.2948 19.0000
v 307.6178 296.7401 19.0000
v 308.2320 297.1669 19.0000
v 308.8480 297.5762 19.0000
v 309.4645 297.9700 19.0000
v 310.0799 298.3499 19.0000
v 310.6928 298.7178 19.0000
v 311.3017 299.0754 19.0000
v 311.9052 299.4244 19.0000
v 312.5019 299.7667 19.0000
v 313.0904 300.1036 19.0000
v 313.6700 300.4348 19.0000
v 314.2402 300.7599 19.0000
v 314.8004 301.0781 19.0000
v 315.3501 301.3888 19.0000
v 315.8887 301.6914 19.0000
v 316.4156 301.9853 19.0000
v 316.9304 302.2698 19.0000
v 317.4317 302.5441 19.0000
v 317.9154 302.8065 19.0000
v 318.3769 303.0549 19.0000
v 318.8111 303.2873 19.0000
v 319.2135 303.5018 19.0000
v 319.5790 303.6962 19.0000
v 319.9030 303.8686 19.0000
v 320.1807 304.0170 19.0000
v 320.4107 304.1415 19.0000
v 320.6061 304.2507 19.0000
v 320.7835 304.3551 19.0000
v 320.9595 304.4655 19.0000
v 321.1505 304.5925 19.0000
v 321.3731 304.7466 19.0000
v 321.6440 304.9387 19.0000
v 321.9796 305.1793 19.0000
v 322.3929 305.4764 19.0000
v 322.8819 305.8268 19.0000
v 323.4409 306.2248 19.0000
v 324.0644 306.6644 19.0000
v 324.7467 307.1399 19.0000
v 325.4822 307.6455 19.0000
v 326.2652 308.1754 19.0000
v 327.0901 308.7236 19.0000
v 327.9519 309.2841 19.0000
v 328.8477 309.8498 19.0000
v 329.7751 310.4133 19.0000
v 330.7320 310.9671 19.0000
v 331.7161 311.5039 19.0000
v 332.1511 311.7248 19.0000
v 340.4859 314.5796 19.0000
v 341.1788 314.7199 19.0000
v 341.8374 314.8388 19.0000
v 352.9128 315.7052 19.0000
v 353.2062 315.7012 19.0000
v 353.8554 315.6864 19.0000
v 354.5417 315.6655 19.0000
v 355.2623 315.6405 19.0000
v 356.0122 315.6139 19.0000
v 356.7863 315.5883 19.0000
v 357.5797 315.5662 19.0000
v 358.3873 315.5500 19.0000
v 359.2042 315.5422 19.0000
v 360.0254 315.5454 19.0000
v 360.8449 315.5614 19.0000
v 361.6533 315.5886 19.0000
v 362.4401 315.6249 19.0000
v 363.1950 315.6682 19.0000
v 363.9076 315.7162 19.0000
v 364.5674 315.7668 19.0000
v 365.1641 315.8179 19.0000
v 365.6873 315.8671 19.0000
v 366.1306 315.9130 19.0000
v 366.5037 315.9560 19.0000
v 366.8203 315.9972 19.0000
v 367.0940 316.0378 19.0000
v 367.3385 316.0787 19.0000
v 367.5676 316.1211 19.0000
v 367.7950 316.1660 19.0000
v 368.0343 316.2145 19.0000
v 368.2964 316.2676 19.0000
v 368.5811 316.3258 19.0000
v 368.8855 316.3893 19.0000
v 369.2064 316.4584 19.0000
v 369.5409 316.5336 19.0000
v 369.8860 316.6151 19.0000
v 370.2386 316.7033 19.0000
v 370.5958 316.7984 19.0000
v 370.9556 316.9010 19.0000
v 370.9861 316.9103 19.0000
v 134.7912 243.2409 19.0000
v 134.8539 243.2556 19.0000
v 135.1622 243.3182 19.0000
v 135.4813 243.3743 19.0000
v 135.8093 243.4240 19.0000
v 136.1440 243.4675 19.0000
v 136.4833 243.5052 19.0000
v 136.8252 243.5373 19.0000
v 137.1702 243.5636 19.0000
v 137.5292 243.5826 19.0000
v 137.9158 243.5923 19.0000
v 138.3435 243.5906 19.0000
v 138.8257 243.5758 19.0000
v 139.1984 243.5554 19.0000
v 21.8345 88.5764 18.0000
v 22.5356 90.0400 18.0000
v 24.9956 95.8000 18.0000
v 28.9956 105.6200 18.0000
v 30.1656 107.8700 18.0000
v 31.5456 110.0400 18.0000
v 36.7856 118.1500 18.0000
v 37.4456 119.5900 18.0000
v 38.8256 122.9700 18.0000
v 40.6856 127.6900 18.0000
v 41.5002 129.8433 18.0000
v 56.9923 182.5742 18.0000
v 56.6056 182.8000 18.0000
v 56.1656 183.2600 18.0000
v 56.1156 183.5600 18.0000
v 56.2156 184.0300 18.0000
v 56.5756 184.8900 18.0000
v 57.8356 187.2000 18.0000
v 59.0256 188.9900 18.0000
v 62.1556 193.2600 18.0000
v 70.0116 205.2263 18.0000
v 70.7682 206.9137 18.0000
v 71.4208 208.6398 18.0000
v 71.8309 209.9927 18.0000
v 74.0550 215.6367 18.0000
v 75.0147 218.3217 18.0000
v 75.9692 219.9138 18.0000
v 76.2768 220.2603 18.0000
v 76.8681 220.8991 18.0000
v 77.5140 221.5755 18.0000
v 78.2111 222.2892 18.0000
v 78.9563 223.0396 18.0000
v 79.7461 223.8264 18.0000
v 80.5775 224.6492 18.0000
v 81.4457 225.5059 18.0000
v 82.3415 226.3880 18.0000
v 83.2540 227.2853 18.0000
v 84.1727 228.1875 18.0000
v 85.0868 229.0845 18.0000
v 85.9857 229.9661 18.0000
v 86.8586 230.8221 18.0000
v 87.6949 231.6422 18.0000
v 88.4876 232.4191 18.0000
v 89.2444 233.1570 18.0000
v 89.9768 233.8630 18.0000
v 90.6961 234.5442 18.0000
v 91.4138 235.2076 18.0000
v 92.1414 235.8602 18.0000
v 92.8902 236.5092 18.0000
v 93.6716 237.1615 18.0000
v 94.4931 237.8214 18.0000
v 95.3458 238.4817 18.0000
v 96.2168 239.1322 18.0000
v 97.0933 239.7628 18.0000
v 97.9623 240.3634 18.0000
v 98.8110 240.9238 18.0000
v 99.6266 241.4340 18.0000
v 100.3961 241.8838 18.0000
v 101.1097 242.2660 18.0000
v 101.7705 242.5844 18.0000
v 102.3843 242.8459 18.0000
v 102.9571 243.0573 18.0000
v 103.4950 243.2255 18.0000
v 104.0039 243.3570 18.0000
v 104.4898 243.4589 18.0000
v 104.9587 243.5378 18.0000
v 105.4153 243.5996 18.0000
v 105.8584 243.6462 18.0000
v 106.2855 243.6783 18.0000
v 106.6941 243.6971 18.0000
v 107.0817 243.7032 18.0000
v 107.4458 243.6976 18.0000
v 107.7839 243.6812 18.0000
v 108.0935 243.6549 18.0000
v 108.3750 243.6184 18.0000
v 108.6402 243.5673 18.0000
v 108.9038 243.4958 18.0000
v 109.1805 243.3984 18.0000
v 109.4851 243.2693 18.0000
v 109.8322 243.1030 18.0000
v 110.2365 242.8938 18.0000
v 110.7128 242.6360 18.0000
v 111.2709 242.3268 18.0000
v 111.9003 241.9750 18.0000
v 112.5861 241.5921 18.0000
v 113.3130 241.1895 18.0000
v 114.0657 240.7789 18.0000
v 114.8292 240.3717 18.0000
v 115.5881 239.9796 18.0000
v 116.3274 239.6140 18.0000
v 117.0341 239.2842 18.0000
v 117.7051 238.9908 18.0000
v 118.3394 238.7321 18.0000
v 118.9361 238.5063 18.0000
v 119.4943 238.3119 18.0000
v 120.0131 238.1471 18.0000
v 120.4916 238.0102 18.0000
v 120.9289 237.8995 18.0000
v 121.3252 237.8132 18.0000
v 121.6847 237.7485 18.0000
v 122.0127 237.7025 18.0000
v 122.3148 237.6723 18.0000
v 122.5961 237.6550 18.0000
v 122.8620 237.6477 18.0000
v 123.1178 237.6476 18.0000
v 123.3690 237.6516 18.0000
v 123.4250 237.6530 18.0000
v 215.7704 258.5810 18.0000
v 216.0965 258.8140 18.0000
v 216.4631 259.0640 18.0000
v 216.8237 259.3001 18.0000
v 217.1786 259.5247 18.0000
v 217.5281 259.7399 18.0000
v 217.8725 259.9483 18.0000
v 218.2121 260.1521 18.0000
v 218.5485 260.3537 18.0000
v 218.8885 260.5558 18.0000
v 219.2402 260.7612 18.0000
v 219.6117 260.9726 18.0000
v 220.0110 261.1927 18.0000
v 220.4464 261.4243 18.0000
v 220.9258 261.6701 18.0000
v 221.4573 261.9330 18.0000
v 222.0462 262.2143 18.0000
v 222.6860 262.5110 18.0000
v 223.3674 262.8185 18.0000
v 224.0808 263.1324 18.0000
v 224.8170 263.4483 18.0000
v 225.5666 263.7617 18.0000
v 226.3203 264.0682 18.0000
v 227.0686 264.3634 18.0000
v 227.8037 264.6436 18.0000
v 228.5242 264.9088 18.0000
v 229.2302 265.1600 18.0000
v 229.9217 265.3979 18.0000
v 230.5988 265.6234 18.0000
v 231.2616 265.8374 18.0000
v 231.7194 265.9809 18.0000
v 131.4706 243.0687 18.0000
v 131.5305 243.1206 18.0000
v 131.7086 243.2695 18.0000
v 131.8887 243.4139 18.0000
v 132.0714 243.5538 18.0000
v 132.2570 243.6889 18.0000
v 132.4460 243.8188 18.0000
v 132.6386 243.9435 18.0000
v 132.8353 244.0625 18.0000
v 133.0366 244.1759 18.0000
v 133.2427 244.2839 18.0000
v 133.4539 244.3868 18.0000
v 133.6707 244.4852 18.0000
v 133.8933 244.5793 18.0000
v 134.1220 244.6697 18.0000
v 134.3571 244.7567 18.0000
v 134.5991 244.8407 18.0000
v 134.8480 244.9220 18.0000
v 135.1036 245.0004 18.0000
v 135.3654 245.0758 18.0000
v 135.6331 245.1478 18.0000
v 135.9061 245.2163 18.0000
v 136.1841 245.2809 18.0000
v 136.4665 245.3413 18.0000
v 136.7531 245.3975 18.0000
v 137.0428 245.4491 18.0000
v 137.3323 245.4963 18.0000
v 137.6180 245.5394 18.0000
v 137.8960 245.5786 18.0000
v 138.1627 245.6142 18.0000
v 138.4142 245.6464 18.0000
v 138.6468 245.6754 18.0000
v 138.8568 245.7016 18.0000
v 139.0447 245.7256 18.0000
v 139.2290 245.7503 18.0000
v 139.4325 245.7792 18.0000
v 139.6778 245.8158 18.0000
v 139.9879 245.8633 18.0000
v 140.3854 245.9253 18.0000
v 140.8931 246.0052 18.0000
v 141.5339 246.1063 18.0000
v 142.3219 246.2309 18.0000
v 143.2364 246.3757 18.0000
v 144.2483 246.5364 18.0000
v 144.6543 246.6011 18.0000
v 269.3688 279.9702 18.0000
v 269.4699 280.0266 18.0000
v 270.1156 280.3777 18.0000
v 270.7345 280.7046 18.0000
v 271.3387 281.0132 18.0000
v 271.9402 281.3097 18.0000
v 272.5510 281.5998 18.0000
v 273.1833 281.8898 18.0000
v 273.8490 282.1854 18.0000
v 274.5556 282.4906 18.0000
v 275.2923 282.8016 18.0000
v 276.0434 283.1121 18.0000
v 276.7936 283.4163 18.0000
v 277.5273 283.7080 18.0000
v 278.2290 283.9812 18.0000
v 278.8833 284.2300 18.0000
v 279.4747 284.4481 18.0000
v 279.9919 284.6314 18.0000
v 280.4410 284.7821 18.0000
v 280.8323 284.9041 18.0000
v 281.1760 285.0015 18.0000
v 281.4826 285.0781 18.0000
v 281.7622 285.1381 18.0000
v 282.0253 285.1852 18.0000
v 282.2820 285.2236 18.0000
v 282.5411 285.2565 18.0000
v 282.8041 285.2843 18.0000
v 283.0712 285.3068 18.0000
v 283.3423 285.3237 18.0000
v 283.6175 285.3348 18.0000
v 283.8966 285.3399 18.0000
v 284.1798 285.3386 18.0000
v 284.4669 285.3307 18.0000
v 284.7582 285.3161 18.0000
v 285.0541 285.2954 18.0000
v 285.3551 285.2690 18.0000
v 285.6618 285.2376 18.0000
v 285.9748 285.2018 18.0000
v 286.2946 285.1621 18.0000
v 286.6218 285.1193 18.0000
v 286.9570 285.0739 18.0000
v 287.2999 285.0263 18.0000
v 287.6474 284.9758 18.0000
v 287.9954 284.9218 18.0000
v 288.3400 284.8633 18.0000
v 288.6771 284.7996 18.0000
v 289.0028 284.7299 18.0000
v 289.3131 284.6533 18.0000
v 289.6041 284.5692 18.0000
v 289.8728 284.4769 18.0000
v 290.1211 284.3772 18.0000
v 290.3519 284.2711 18.0000
v 290.5683 284.1598 18.0000
v 290.7732 284.0443 18.0000
v 290.9696 283.9256 18.0000
v 291.1604 283.8048 18.0000
v 291.3487 283.6829 18.0000
v 291.5369 283.5609 18.0000
v 291.7262 283.4391 18.0000
v 291.9171 283.3176 18.0000
v 292.1103 283.1967 18.0000
v 292.3063 283.0765 18.0000
v 292.5057 282.9573 18.0000
v 292.7092 282.8391 18.0000
v 292.9174 282.7222 18.0000
v 293.1302 282.6072 18.0000
v 293.3442 282.4963 18.0000
v 293.5557 282.3920 18.0000
v 293.7607 282.2971 18.0000
v 293.9551 282.2140 18.0000
v 294.1352 282.1455 18.0000
v 294.2969 282.0941 18.0000
v 294.4363 282.0625 18.0000
v 294.5507 282.0528 18.0000
v 294.6425 282.0651 18.0000
v 294.7155 282.0991 18.0000
v 294.7733 282.1547 18.0000
v 294.8197 282.2313 18.0000
v 294.8582 282.3289 18.0000
v 294.8927 282.4469 18.0000
v 294.9267 282.5852 18.0000
v 294.9634 282.7433 18.0000
v 295.0032 282.9206 18.0000
v 295.0459 283.1160 18.0000
v 295.0915 283.3289 18.0000
v 295.1397 283.5584 18.0000
v 295.1904 283.8037 18.0000
v 295.2435 284.0638 18.0000
v 295.2987 284.3381 18.0000
v 295.3561 284.6253 18.0000
v 295.4167 284.9231 18.0000
v 295.4816 285.2291 18.0000
v 295.5521 285.5405 18.0000
v 295.6291 285.8548 18.0000
v 295.7140 286.1694 18.0000
v 295.8079 286.4818 18.0000
v 295.9119 286.7893 18.0000
v 296.0274 287.0907 18.0000
v 296.1560 287.3895 18.0000
v 296.2995 287.6909 18.0000
v 296.4599 287.9997 18.0000
v 296.6390 288.3210 18.0000
v 296.8386 288.6597 18.0000
v 297.0606 289.0208 18.0000
v 297.3068 289.4092 18.0000
v 297.5779 289.8280 18.0000
v 297.8707 290.2719 18.0000
v 298.1806 290.7339 18.0000
v 298.5032 291.2069 18.0000
v 298.8341 291.6836 18.0000
v 299.1688 292.1570 18.0000
v 299.5028 292.6199 18.0000
v 299.8317 293.0652 18.0000
v 300.1518 293.4870 18.0000
v 300.4624 293.8847 18.0000
v 300.7636 294.2589 18.0000
v 301.0555 294.6102 18.0000
v 301.3382 294.9392 18.0000
v 301.6117 295.2466 18.0000
v 301.8761 295.5329 18.0000
v 302.1316 295.7988 18.0000
v 302.3792 296.0453 18.0000
v 302.6249 296.2756 18.0000
v 302.8755 296.4929 18.0000
v 303.1381 296.7009 18.0000
v 303.4194 296.9030 18.0000
v 303.7266 297.1027 18.0000
v 304.0664 297.3035 18.0000
v 304.4459 297.5088 18.0000
v 304.8699 297.7217 18.0000
v 305.3351 297.9436 18.0000
v 305.8360 298.1754 18.0000
v 306.3671 298.4182 18.0000
v 306.9230 298.6727 18.0000
v 307.4982 298.9400 18.0000
v 308.0873 299.2211 18.0000
v 308.6848 299.5169 18.0000
v 309.2855 299.8275 18.0000
v 309.8845 300.1497 18.0000
v 310.4772 300.4797 18.0000
v 311.0589 300.8133 18.0000
v 311.6249 301.1467 18.0000
v 312.1705 301.4757 18.0000
v 312.6913 301.7966 18.0000
v 313.1823 302.1052 18.0000
v 313.6408 302.3988 18.0000
v 314.0709 302.6794 18.0000
v 314.4785 302.9502 18.0000
v 314.8694 303.2145 18.0000
v 315.2496 303.4754 18.0000
v 315.6250 303.7362 18.0000
v 316.0013 304.0001 18.0000
v 316.3847 304.2702 18.0000
v 316.7803 304.5497 18.0000
v 317.1913 304.8401 18.0000
v 317.6203 305.1429 18.0000
v 318.0700 305.4597 18.0000
v 318.5428 305.7919 18.0000
v 319.0414 306.1410 18.0000
v 319.5685 306.5084 18.0000
v 320.1265 306.8956 18.0000
v 320.7177 307.3036 18.0000
v 321.3427 307.7309 18.0000
v 322.0018 308.1759 18.0000
v 322.6951 308.6367 18.0000
v 323.4229 309.1114 18.0000
v 324.1855 309.5982 18.0000
v 324.9830 310.0953 18.0000
v 325.8157 310.6008 18.0000
v 326.6645 311.1009 18.0000
v 6.0537 97.4921 12.0000
v 8.4156 100.0100 12.0000
v 8.7256 100.7400 12.0000
v 9.2656 102.9300 12.0000
v 10.2056 107.5600 12.0000
v 10.9056 109.7900 12.0000
v 11.9056 111.9300 12.0000
v 15.6056 117.2700 12.0000
v 17.0256 119.1700 12.0000
v 17.4356 119.9200 12.0000
v 18.0456 121.6700 12.0000
v 18.5356 123.5700 12.0000
v 18.6156 124.9300 12.0000
v 18.2856 126.0100 12.0000
v 17.1056 128.4500 12.0000
v 16.9456 129.3300 12.0000
v 16.9256 130.7400 12.0000
v 17.0456 132.1600 12.0000
v 17.5056 133.9000 12.0000
v 18.2556 135.9100 12.0000
v 20.4156 141.0400 12.0000
v 22.6056 148.1600 12.0000
v 23.7756 150.5700 12.0000
v 25.2256 152.9500 12.0000
v 34.5156 167.2700 12.0000
v 36.2956 170.5600 12.0000
v 38.0756 174.1000 12.0000
v 38.4756 175.3300 12.0000
v 38.6256 176.2900 12.0000
v 39.1458 181.1762 12.0000
v 40.9481 186.2415 12.0000
v 40.9856 186.3000 12.0000
v 41.9156 187.4000 12.0000
v 43.9156 189.3000 12.0000
v 47.7356 192.2600 12.0000
v 48.2256 192.9300 12.0000
v 51.8856 198.5500 12.0000
v 53.6456 201.5200 12.0000
v 55.5350 204.9635 12.0000
v 56.9308 206.9237 12.0000
v 62.1109 213.6468 12.0000
v 66.5256 218.5948 12.0000
v 70.6637 223.0231 12.0000
v 70.9999 223.4019 12.0000
v 71.7947 224.2675 12.0000
v 72.6245 225.1416 12.0000
v 73.4983 226.0337 12.0000
v 74.4250 226.9528 12.0000
v 75.4138 227.9083 12.0000
v 76.4736 228.9095 12.0000
v 77.6090 229.9617 12.0000
v 78.8066 231.0551 12.0000
v 80.0485 232.1761 12.0000
v 81.3168 233.3109 12.0000
v 82.5937 234.4460 12.0000
v 83.8613 235.5675 12.0000
v 85.1017 236.6618 12.0000
v 86.2969 237.7152 12.0000
v 87.4324 238.7162 12.0000
v 88.5060 239.6616 12.0000
v 89.5186 240.5504 12.0000
v 90.4712 241.3815 12.0000
v 91.3650 242.1539 12.0000
v 92.2009 242.8666 12.0000
v 92.9798 243.5185 12.0000
v 93.7029 244.1085 12.0000
v 94.3718 244.6368 12.0000
v 94.9907 245.1077 12.0000
v 95.5647 245.5267 12.0000
v 96.0988 245.8993 12.0000
v 96.5978 246.2310 12.0000
v 97.0669 246.5273 12.0000
v 97.5108 246.7936 12.0000
v 97.9347 247.0354 12.0000
v 98.3427 247.2575 12.0000
v 98.7359 247.4614 12.0000
v 99.1144 247.6481 12.0000
v 99.4786 247.8183 12.0000
v 99.8288 247.9731 12.0000
v 100.1652 248.1131 12.0000
v 100.4881 248.2393 12.0000
v 100.7976 248.3526 12.0000
v 101.0950 248.4538 12.0000
v 101.3845 248.5442 12.0000
v 101.6710 248.6251 12.0000
v 101.9598 248.6978 12.0000
v 102.2558 248.7635 12.0000
v 102.5641 248.8237 12.0000
v 102.8898 248.8794 12.0000
v 103.2380 248.9322 12.0000
v 103.6114 248.9829 12.0000
v 104.0039 249.0315 12.0000
v 104.4072 249.0777 12.0000
v 104.8128 249.1210 12.0000
v 105.2124 249.1610 12.0000
v 105.5975 249.1975 12.0000
v 105.9598 249.2300 12.0000
v 106.2908 249.2582 12.0000
v 106.5850 249.2819 12.0000
v 106.8476 249.3019 12.0000
v 107.0867 249.3192 12.0000
v 107.3103 249.3348 12.0000
v 107.5265 249.3496 12.0000
v 107.7434 249.3647 12.0000
v 107.9690 249.3811 12.0000
v 108.2113 249.3997 12.0000
v 108.4767 249.4212 12.0000
v 108.7642 249.4451 12.0000
v 109.0712 249.4706 12.0000
v 109.3951 249.4968 12.0000
v 109.7333 249.5228 12.0000
v 110.0831 249.5479 12.0000
v 110.4418 249.5712 12.0000
v 110.8069 249.5918 12.0000
v 111.1760 249.6089 12.0000
v 111.5478 249.6216 12.0000
v 111.9217 249.6287 12.0000
v 112.2968 249.6293 12.0000
v 112.6721 249.6223 12.0000
v 113.0469 249.6068 12.0000
v 113.4203 249.5818 12.0000
v 113.7915 249.5462 12.0000
v 114.1596 249.4994 12.0000
v 114.5238 249.4426 12.0000
v 114.8835 249.3773 12.0000
v 115.2378 249.3052 12.0000
v 115.5859 249.2277 12.0000
v 115.9271 249.1463 12.0000
v 116.2607 249.0628 12.0000
v 116.5858 248.9785 12.0000
v 116.9020 248.8951 12.0000
v 117.2096 248.8140 12.0000
v 117.5093 248.7364 12.0000
v 117.8018 248.6639 12.0000
v 118.0877 248.5977 12.0000
v 118.3678 248.5392 12.0000
v 118.6425 248.4898 12.0000
v 118.9127 248.4508 12.0000
v 119.1789 248.4235 12.0000
v 119.4415 248.4083 12.0000
v 119.7009 248.4054 12.0000
v 119.9576 248.4152 12.0000
v 120.2118 248.4379 12.0000
v 120.4640 248.4738 12.0000
v 120.7146 248.5232 12.0000
v 120.9639 248.5863 12.0000
v 121.2124 248.6632 12.0000
v 121.4610 248.7534 12.0000
v 121.7103 248.8560 12.0000
v 121.9615 248.9704 12.0000
v 122.2153 249.0957 12.0000
v 122.4725 249.2312 12.0000
v 122.7342 249.3761 12.0000
v 123.0011 249.5296 12.0000
v 123.2741 249.6909 12.0000
v 123.5539 249.8589 12.0000
v 123.8412 250.0320 12.0000
v 124.1366 250.2091 12.0000
v 124.4407 250.3889 12.0000
v 124.7542 250.5699 12.0000
v 125.0779 250.7510 12.0000
v 125.4123 250.9308 12.0000
v 125.7574 251.1080 12.0000
v 126.1108 251.2820 12.0000
v 126.4692 251.4521 12.0000
v 126.8295 251.6175 12.0000
v 127.1885 251.7777 12.0000
v 127.5429 251.9320 12.0000
v 127.8897 252.0797 12.0000
v 128.2257 252.2202 12.0000
v 128.5489 252.3530 12.0000
v 128.8628 252.4782 12.0000
v 129.1719 252.5964 12.0000
v 129.4810 252.7078 12.0000
v 129.7946 252.8128 12.0000
v 130.1175 252.9119 12.0000
v 130.4543 253.0054 12.0000
v 130.8097 253.0936 12.0000
v 131.1866 253.1772 12.0000
v 131.5814 253.2566 12.0000
v 131.9885 253.3327 12.0000
v 132.4027 253.4061 12.0000
v 132.8185 253.4775 12.0000
v 133.2306 253.5478 12.0000
v 133.6335 253.6175 12.0000
v 134.0219 253.6875 12.0000
v 134.3927 253.7588 12.0000
v 134.7521 253.8343 12.0000
v 135.1087 253.9171 12.0000
v 135.4712 254.0104 12.0000
v 135.8481 254.1175 12.0000
v 136.2480 254.2416 12.0000
v 136.6795 254.3858 12.0000
v 137.1512 254.5533 12.0000
v 137.6700 254.7461 12.0000
v 138.2352 254.9611 12.0000
v 138.8445 255.1939 12.0000
v 139.4958 255.4401 12.0000
v 140.1866 255.6953 12.0000
v 140.9147 255.9551 12.0000
v 141.6778 256.2151 12.0000
v 142.4734 256.4711 12.0000
v 143.2979 256.7192 12.0000
v 144.1411 256.9593 12.0000
v 144.9916 257.1917 12.0000
v 145.8376 257.4167 12.0000
v 146.6678 257.6349 12.0000
v 147.4704 257.8466 12.0000
v 148.2339 258.0521 12.0000
v 148.9468 258.2521 12.0000
v 149.6022 258.4467 12.0000
v 150.2131 258.6364 12.0000
v 150.7967 258.8217 12.0000
v 151.3708 259.0029 12.0000
v 151.9528 259.1803 12.0000
v 152.5604 259.3545 12.0000
v 153.2109 259.5257 12.0000
v 153.9221 259.6944 12.0000
v 154.7057 259.8606 12.0000
v 155.5516 260.0233 12.0000
v 156.4436 260.1811 12.0000
v 157.3658 260.3325 12.0000
v 158.3022 260.4762 12.0000
v 159.2368 260.6108 12.0000
v 160.1537 260.7350 12.0000
v 161.0369 260.8472 12.0000
v 161.8728 260.9462 12.0000
v 162.6572 261.0315 12.0000
v 163.3885 261.1022 12.0000
v 164.0648 261.1580 12.0000
v 164.6845 261.1982 12.0000
v 165.2458 261.2223 12.0000
v 165.7470 261.2297 12.0000
v 166.1864 261.2197 12.0000
v 166.5638 261.1922 12.0000
v 166.8856 261.1478 12.0000
v 167.1599 261.0876 12.0000
v 167.3948 261.0124 12.0000
v 167.5983 260.9233 12.0000
v 167.7785 260.8213 12.0000
v 167.9434 260.7073 12.0000
v 168.1011 260.5824 12.0000
v 168.2581 260.4477 12.0000
v 168.4145 260.3056 12.0000
v 168.5692 260.1583 12.0000
v 168.7209 260.0083 12.0000
v 168.8681 259.8582 12.0000
v 169.0096 259.7103 12.0000
v 169.1441 259.5671 12.0000
v 169.2703 259.4310 12.0000
v 169.3875 259.3038 12.0000
v 169.4970 259.1847 12.0000
v 169.6011 259.0722 12.0000
v 169.7016 258.9649 12.0000
v 169.8006 258.8613 12.0000
v 169.9002 258.7598 12.0000
v 170.0025 258.6591 12.0000
v 170.1094 258.5576 12.0000
v 170.2223 258.4545 12.0000
v 170.3394 258.3511 12.0000
v 170.4583 258.2494 12.0000
v 170.5767 258.1513 12.0000
v 170.6920 258.0588 12.0000
v 170.8019 257.9737 12.0000
v 170.9039 257.8980 12.0000
v 170.9956 257.8337 12.0000
v 171.0754 257.7823 12.0000
v 171.1450 257.7442 12.0000
v 171.2071 257.7194 12.0000
v 171.2642 257.7076 12.0000
v 171.3189 257.7090 12.0000
v 171.3739 257.7235 12.0000
v 171.4317 257.7510 12.0000
v 171.4948 257.7914 12.0000
v 171.5654 257.8446 12.0000
v 171.6433 257.9094 12.0000
v 171.7276 257.9844 12.0000
v 171.8176 258.0683 12.0000
v 171.9127 258.1597 12.0000
v 172.0119 258.2573 12.0000
v 172.1146 258.3598 12.0000
v 172.2200 258.4659 12.0000
v 172.3275 258.5743 12.0000
v 172.4369 258.6848 12.0000
v 172.5484 258.7977 12.0000
v 172.6619 258.9127 12.0000
v 172.7774 259.0300 12.0000
v 172.8951 259.1497 12.0000
v 173.0148 259.2716 12.0000
v 173.1367 259.3959 12.0000
v 173.2606 259.5224 12.0000
v 173.3860 259.6505 12.0000
v 173.5121 259.7792 12.0000
v 173.6383 259.9077 12.0000
v 173.7639 260.0351 12.0000
v 173.8881 260.1605 12.0000
v 174.0102 260.2832 12.0000
v 174.1296 260.4021 12.0000
v 174.2461 260.5171 12.0000
v 174.3623 260.6296 12.0000
v 174.4814 260.7420 12.0000
v 174.6063 260.8564 12.0000
v 174.7404 260.9750 12.0000
v 174.8867 261.1000 12.0000
v 175.0483 261.2335 12.0000
v 175.2283 261.3778 12.0000
v 175.4284 261.5339 12.0000
v 175.6436 261.6985 12.0000
v 175.8675 261.8671 12.0000
v 176.0934 262.0354 12.0000
v 176.3149 262.1989 12.0000
v 176.5255 262.3532 12.0000
v 176.7187 262.4938 12.0000
v 176.8881 262.6163 12.0000
v 177.0296 262.7180 12.0000
v 177.1496 262.8024 12.0000
v 177.2573 262.8748 12.0000
v 177.3616 262.9404 12.0000
v 177.4714 263.0047 12.0000
v 177.5959 263.0727 12.0000
v 177.7439 263.1499 12.0000
v 177.9245 263.2414 12.0000
v 178.1440 263.3510 12.0000
v 178.3975 263.4763 12.0000
v 178.6777 263.6135 12.0000
v 178.9769 263.7588 12.0000
v 179.2878 263.9082 12.0000
v 179.6028 264.0580 12.0000
v 179.9143 264.2042 12.0000
v 180.2150 264.3429 12.0000
v 180.4989 264.4711 12.0000
v 180.7661 264.5886 12.0000
v 181.0186 264.6960 12.0000
v 181.2581 264.7939 12.0000
v 181.4864 264.8829 12.0000
v 181.7053 264.9636 12.0000
v 181.9165 265.0365 12.0000
v 182.1220 265.1024 12.0000
v 182.3241 265.1619 12.0000
v 182.5275 265.2165 12.0000
v 182.7377 265.2678 12.0000
v 182.9600 265.3175 12.0000
v 183.1998 265.3670 12.0000
v 183.4625 265.4182 12.0000
v 183.7535 265.4724 12.0000
v 184.0781 265.5315 12.0000
v 184.4406 265.5966 12.0000
v 184.8405 265.6677 12.0000
v 185.2762 265.7445 12.0000
v 185.7459 265.8265 12.0000
v 186.2481 265.9134 12.0000
v 186.7811 266.0048 12.0000
v 187.3433 266.1004 12.0000
v 187.9330 266.1997 12.0000
v 188.5485 266.3023 12.0000
v 189.1879 266.4069 12.0000
v 189.8491 266.5122 12.0000
v 190.5302 266.6167 12.0000
v 191.2292 266.7192 12.0000
v 191.9440 266.8182 12.0000
v 192.6727 266.9123 12.0000
v 193.4132 267.0003 12.0000
v 194.1625 267.0809 12.0000
v 194.9138 267.1544 12.0000
v 195.6591 267.2210 12.0000
v 196.3904 267.2812 12.0000
v 197.0999 267.3353 12.0000
v 197.7797 267.3837 12.0000
v 198.4218 267.4267 12.0000
v 199.0183 267.4648 12.0000
v 199.5632 267.4984 12.0000
v 200.0583 267.5279 12.0000
v 200.5071 267.5539 12.0000
v 200.9134 267.5770 12.0000
v 201.2807 267.5978 12.0000
v 201.6128 267.6168 12.0000
v 201.9133 267.6346 12.0000
v 202.1857 267.6517 12.0000
v 202.4359 267.6691 12.0000
v 202.6778 267.6893 12.0000
v 202.9272 267.7150 12.0000
v 203.2002 267.7491 12.0000
v 203.5127 267.7944 12.0000
v 203.8807 267.8539 12.0000
v 204.3201 267.9302 12.0000
v 204.8469 268.0263 12.0000
v 205.4703 268.1438 12.0000
v 206.1718 268.2793 12.0000
v 206.9266 268.4281 12.0000
v 207.7093 268.5857 12.0000
v 208.4950 268.7474 12.0000
v 209.2585 268.9087 12.0000
v 209.9747 269.0650 12.0000
v 210.6184 269.2115 12.0000
v 211.1707 269.3449 12.0000
v 211.6361 269.4658 12.0000
v 212.0257 269.5759 12.0000
v 212.3500 269.6771 12.0000
v 212.6200 269.7712 12.0000
v 212.8464 269.8598 12.0000
v 213.0401 269.9449 12.0000
v 213.2117 270.0282 12.0000
v 213.3726 270.1119 12.0000
v 213.5363 270.2008 12.0000
v 213.7168 270.2998 12.0000
v 213.9281 270.4140 12.0000
v 214.1843 270.5485 12.0000
v 214.4992 270.7085 12.0000
v 214.8871 270.8990 12.0000
v 215.3618 271.1250 12.0000
v 215.9315 271.3894 12.0000
v 216.5807 271.6854 12.0000
v 217.2881 272.0038 12.0000
v 218.0325 272.3354 12.0000
v 218.7924 272.6712 12.0000
v 219.5466 273.0021 12.0000
v 220.2737 273.3188 12.0000
v 220.9524 273.6122 12.0000
v 221.5667 273.8756 12.0000
v 222.1225 274.1114 12.0000
v 222.6309 274.3247 12.0000
v 223.1029 274.5203 12.0000
v 223.5497 274.7030 12.0000
v 223.9826 274.8778 12.0000
v 224.4125 275.0495 12.0000
v 224.8507 275.2231 12.0000
v 225.3070 275.4025 12.0000
v 225.7869 275.5875 12.0000
v 226.2943 275.7772 12.0000
v 226.8333 275.9705 12.0000
v 227.4080 276.1662 12.0000
v 228.0226 276.3634 12.0000
v 228.6810 276.5610 12.0000
v 229.3873 276.7579 12.0000
v 230.1428 276.9531 12.0000
v 230.9374 277.1451 12.0000
v 231.7579 277.3325 12.0000
v 232.5914 277.5138 12.0000
v 233.4248 277.6877 12.0000
v 234.2451 277.8528 12.0000
v 235.0392 278.0075 12.0000
v 235.7943 278.1505 12.0000
v 236.5005 278.2808 12.0000
v 237.1623 278.3997 12.0000
v 237.7871 278.5091 12.0000
v 238.3826 278.6106 12.0000
v 238.9565 278.7061 12.0000
v 239.5164 278.7974 12.0000
v 240.0699 278.8863 12.0000
v 240.6246 278.9745 12.0000
v 241.1867 279.0635 12.0000
v 241.7567 279.1539 12.0000
v 242.3334 279.2458 12.0000
v 242.9159 279.3394 12.0000
v 243.5031 279.4348 12.0000
v 244.0940 279.5323 12.0000
v 244.6875 279.6320 12.0000
v 245.2826 279.7341 12.0000
v 245.8789 279.8391 12.0000
v 246.4790 279.9493 12.0000
v 247.0861 280.0670 12.0000
v 247.7034 280.1949 12.0000
v 248.3342 280.3354 12.0000
v 248.9816 280.4910 12.0000
v 249.6490 280.6642 12.0000
v 250.3396 280.8576 12.0000
v 251.0554 281.0730 12.0000
v 251.7946 281.3099 12.0000
v 252.5541 281.5670 12.0000
v 253.3307 281.8432 12.0000
v 254.1215 282.1372 12.0000
v 254.9233 282.4478 12.0000
v 255.7331 282.7740 12.0000
v 256.5478 283.1143 12.0000
v 257.3636 283.4670 12.0000
v 258.1737 283.8274 12.0000
v 258.9703 284.1901 12.0000
v 259.7459 284.5497 12.0000
v 260.4928 284.9009 12.0000
v 261.2034 285.2383 12.0000
v 261.8700 285.5565 12.0000
v 262.4851 285.8501 12.0000
v 263.0445 286.1158 12.0000
v 263.5581 286.3580 12.0000
v 264.0394 286.5833 12.0000
v 264.5018 286.7981 12.0000
v 264.9589 287.0090 12.0000
v 265.4240 287.2223 12.0000
v 265.9105 287.4446 12.0000
v 266.4321 287.6824 12.0000
v 266.9973 287.9399 12.0000
v 267.5958 288.2125 12.0000
v 268.2126 288.4934 12.0000
v 268.8327 288.7757 12.0000
v 269.4409 289.0525 12.0000
v 270.0223 289.3170 12.0000
v 270.5616 289.5624 12.0000
v 271.0440 289.7818 12.0000
v 271.4603 289.9708 12.0000
v 271.8258 290.1352 12.0000
v 272.1617 290.2829 12.0000
v 272.4893 290.4221 12.0000
v 272.8296 290.5610 12.0000
v 273.2041 290.7076 12.0000
v 273.6339 290.8701 12.0000
v 274.1402 291.0567 12.0000
v 274.7366 291.2725 12.0000
v 275.4063 291.5117 12.0000
v 276.1245 291.7654 12.0000
v 276.8668 292.0250 12.0000
v 277.6086 292.2815 12.0000
v 278.3252 292.5263 12.0000
v 278.9922 292.7505 12.0000
v 279.5848 292.9454 12.0000
v 280.0853 293.1043 12.0000
v 280.5025 293.2294 12.0000
v 280.8518 293.3250 12.0000
v 281.1490 293.3953 12.0000
v 281.4095 293.4446 12.0000
v 281.6488 293.4773 12.0000
v 281.8825 293.4976 12.0000
v 282.1262 293.5099 12.0000
v 282.3919 293.5175 12.0000
v 282.6778 293.5209 12.0000
v 282.9788 293.5197 12.0000
v 283.2896 293.5133 12.0000
v 283.6050 293.5014 12.0000
v 283.9197 293.4834 12.0000
v 284.2285 293.4591 12.0000
v 284.5263 293.4278 12.0000
v 284.8092 293.3894 12.0000
v 285.0791 293.3443 12.0000
v 285.3395 293.2929 12.0000
v 285.5938 293.2360 12.0000
v 285.8453 293.1740 12.0000
v 286.0975 293.1075 12.0000
v 286.3538 293.0371 12.0000
v 286.6175 292.9633 12.0000
v 286.8907 292.8869 12.0000
v 287.1704 292.8088 12.0000
v 287.4520 292.7304 12.0000
v 287.7313 292.6527 12.0000
v 288.0038 292.5770 12.0000
v 288.2652 292.5044 12.0000
v 288.5109 292.4362 12.0000
v 288.7365 292.3735 12.0000
v 288.9390 292.3174 12.0000
v 289.1197 292.2682 12.0000
v 289.2814 292.2264 12.0000
v 289.4266 292.1923 12.0000
v 289.5582 292.1660 12.0000
v 289.6788 292.1480 12.0000
v 289.7911 292.1385 12.0000
v 289.8978 292.1379 12.0000
v 290.0010 292.1464 12.0000
v 290.1010 292.1636 12.0000
v 290.1975 292.1891 12.0000
v 290.2903 292.2226 12.0000
v 290.3791 292.2635 12.0000
v 290.4636 292.3116 12.0000
v 290.5436 292.3665 12.0000
v 290.6187 292.4276 12.0000
v 290.6891 292.4952 12.0000
v 290.7560 292.5723 12.0000
v 290.8210 292.6624 12.0000
v 290.8856 292.7689 12.0000
v 290.9514 292.8956 12.0000
v 291.0201 293.0459 12.0000
v 291.0932 293.2233 12.0000
v 291.1722 293.4314 12.0000
v 291.2583 293.6723 12.0000
v 291.3511 293.9419 12.0000
v 291.4496 294.2348 12.0000
v 291.5528 294.5456 12.0000
v 291.6599 294.8688 12.0000
v 291.7699 295.1989 12.0000
v 291.8819 295.5304 12.0000
v 291.9950 295.8578 12.0000
v 292.1086 296.1771 12.0000
v 292.2233 296.4889 12.0000
v 292.3402 296.7955 12.0000
v 292.4602 297.0989 12.0000
v 292.5843 297.4012 12.0000
v 292.7134 297.7044 12.0000
v 292.8487 298.0109 12.0000
v 292.9910 298.3225 12.0000
v 293.1408 298.6404 12.0000
v 293.2961 298.9619 12.0000
v 293.4546 299.2830 12.0000
v 293.6136 299.5999 12.0000
v 293.7707 299.9088 12.0000
v 293.9235 300.2059 12.0000
v 294.0695 300.4874 12.0000
v 294.2061 300.7493 12.0000
v 294.3318 300.9892 12.0000
v 294.4486 301.2099 12.0000
v 294.5593 301.4156 12.0000
v 294.6668 301.6105 12.0000
v 294.7740 301.7985 12.0000
v 294.8838 301.9840 12.0000
v 294.9990 302.1711 12.0000
v 295.1224 302.3638 12.0000
v 295.2565 302.5654 12.0000
v 295.4016 302.7748 12.0000
v 295.5575 302.9899 12.0000
v 295.7239 303.2087 12.0000
v 295.9008 303.4292 12.0000
v 296.0879 303.6494 12.0000
v 296.2850 303.8670 12.0000
v 296.4920 304.0802 12.0000
v 296.7087 304.2875 12.0000
v 296.9351 304.4904 12.0000
v 297.1712 304.6907 12.0000
v 297.4173 304.8907 12.0000
v 297.6732 305.0922 12.0000
v 297.9391 305.2973 12.0000
v 298.2151 305.5082 12.0000
v 298.5012 305.7267 12.0000
v 298.7970 305.9541 12.0000
v 299.1002 306.1877 12.0000
v 299.4082 306.4242 12.0000
v 299.7182 306.6602 12.0000
v 300.0275 306.8920 12.0000
v 300.3334 307.1164 12.0000
v 300.6332 307.3299 12.0000
v 300.9241 307.5290 12.0000
v 301.2054 307.7115 12.0000
v 301.4837 307.8803 12.0000
v 301.7675 308.0395 12.0000
v 302.0655 308.1931 12.0000
v 302.3860 308.3453 12.0000
v 302.7378 308.5001 12.0000
v 303.1293 308.6617 12.0000
v 303.5690 308.8340 12.0000
v 304.0619 309.0196 12.0000
v 304.5980 309.2142 12.0000
v 305.1636 309.4119 12.0000
v 305.7449 309.6067 12.0000
v 306.3285 309.7928 12.0000
v 306.9006 309.9642 12.0000
v 307.4475 310.1151 12.0000
v 307.9555 310.2394 12.0000
v 308.4142 310.3332 12.0000
v 308.8251 310.3991 12.0000
v 309.1932 310.4420 12.0000
v 309.5231 310.4664 12.0000
v 309.8198 310.4770 12.0000
v 310.0880 310.4784 12.0000
v 310.3324 310.4753 12.0000
v 310.5580 310.4724 12.0000
v 310.7708 310.4746 12.0000
v 310.9818 310.4878 12.0000
v 311.2033 310.5184 12.0000
v 311.4478 310.5725 12.0000
v 311.7275 310.6565 12.0000
v 312.0548 310.7766 12.0000
v 312.4420 310.9390 12.0000
v 312.9015 311.1501 12.0000
v 313.4412 311.4141 12.0000
v 314.0520 311.7274 12.0000
v 314.7206 312.0844 12.0000
v 315.4336 312.4797 12.0000
v 316.1774 312.9076 12.0000
v 316.9387 313.3625 12.0000
v 317.7041 313.8390 12.0000
v 318.4602 314.3314 12.0000
v 319.1949 314.8339 12.0000
v 319.5238 315.0691 12.0000
v 5.1856 97.9826 11.0000
v 5.4256 98.2400 11.0000
v 7.4756 100.9400 11.0000
v 7.6356 101.4600 11.0000
v 8.2856 103.5000 11.0000
v 10.1556 110.0300 11.0000
v 11.2556 112.8700 11.0000
v 14.1756 118.2400 11.0000
v 15.5556 120.6200 11.0000
v 16.0556 122.0300 11.0000
v 16.3956 123.5000 11.0000
v 16.5256 124.8900 11.0000
v 16.3956 125.8800 11.0000
v 15.8556 127.8700 11.0000
v 15.7556 129.0300 11.0000
v 15.7556 130.5900 11.0000
v 15.9556 132.2600 11.0000
v 16.4056 133.8800 11.0000
v 17.2656 136.2800 11.0000
v 19.3356 140.9600 11.0000
v 19.6856 142.2700 11.0000
v 21.5371 148.7502 11.0000
v 30.3604 162.8770 11.0000
v 31.0756 163.9200 11.0000
v 32.7376 166.6830 11.0000
v 42.3643 190.2217 11.0000
v 43.3556 191.1600 11.0000
v 46.8856 194.0600 11.0000
v 48.9656 196.8700 11.0000
v 50.6756 199.3600 11.0000
v 52.3756 202.3700 11.0000
v 53.6435 204.8431 11.0000
v 55.7671 207.6677 11.0000
v 60.7261 214.2400 11.0000
v 64.7953 218.4976 11.0000
v 70.0567 223.7938 11.0000
v 70.7125 224.5252 11.0000
v 71.5573 225.4390 11.0000
v 72.4504 226.3748 11.0000
v 73.4026 227.3411 11.0000
v 74.4243 228.3464 11.0000
v 75.5263 229.3989 11.0000
v 76.7141 230.5034 11.0000
v 77.9722 231.6492 11.0000
v 79.2803 232.8218 11.0000
v 80.6178 234.0068 11.0000
v 81.9642 235.1898 11.0000
v 83.2990 236.3562 11.0000
v 84.6017 237.4918 11.0000
v 85.8519 238.5819 11.0000
v 87.0327 239.6145 11.0000
v 88.1420 240.5863 11.0000
v 89.1815 241.4964 11.0000
v 90.1529 242.3441 11.0000
v 91.0576 243.1282 11.0000
v 91.8975 243.8480 11.0000
v 92.6740 244.5026 11.0000
v 93.3889 245.0910 11.0000
v 94.0446 245.6134 11.0000
v 94.6466 246.0749 11.0000
v 95.2013 246.4814 11.0000
v 95.7152 246.8390 11.0000
v 96.1946 247.1537 11.0000
v 96.6459 247.4316 11.0000
v 97.0755 247.6788 11.0000
v 97.4898 247.9012 11.0000
v 97.8942 248.1042 11.0000
v 98.2903 248.2900 11.0000
v 98.6784 248.4599 11.0000
v 99.0591 248.6153 11.0000
v 99.4330 248.7578 11.0000
v 99.8006 248.8886 11.0000
v 100.1623 249.0092 11.0000
v 100.5187 249.1209 11.0000
v 100.8705 249.2251 11.0000
v 101.2195 249.3224 11.0000
v 101.5675 249.4132 11.0000
v 101.9166 249.4981 11.0000
v 102.2685 249.5774 11.0000
v 102.6254 249.6518 11.0000
v 102.9891 249.7215 11.0000
v 103.3616 249.7873 11.0000
v 103.7433 249.8493 11.0000
v 104.1290 249.9074 11.0000
v 104.5121 249.9614 11.0000
v 104.8857 250.0111 11.0000
v 105.2432 250.0560 11.0000
v 105.5779 250.0961 11.0000
v 105.8832 250.1309 11.0000
v 106.1522 250.1602 11.0000
v 106.3812 250.1841 11.0000
v 106.5778 250.2035 11.0000
v 106.7525 250.2196 11.0000
v 106.9160 250.2337 11.0000
v 107.0786 250.2471 11.0000
v 107.2509 250.2610 11.0000
v 107.4435 250.2766 11.0000
v 107.6668 250.2953 11.0000
v 107.9283 250.3178 11.0000
v 108.2229 250.3435 11.0000
v 108.5426 250.3714 11.0000
v 108.8791 250.4004 11.0000
v 109.2245 250.4295 11.0000
v 109.5704 250.4577 11.0000
v 109.9088 250.4839 11.0000
v 110.2316 250.5070 11.0000
v 110.5329 250.5263 11.0000
v 110.8165 250.5414 11.0000
v 111.0883 250.5524 11.0000
v 111.3542 250.5590 11.0000
v 111.6203 250.5614 11.0000
v 111.8926 250.5594 11.0000
v 112.1770 250.5530 11.0000
v 112.4796 250.5420 11.0000
v 112.8043 250.5266 11.0000
v 113.1481 250.5072 11.0000
v 113.5056 250.4845 11.0000
v 113.8718 250.4592 11.0000
v 114.2415 250.4317 11.0000
v 114.6096 250.4028 11.0000
v 114.9709 250.3731 11.0000
v 115.3203 250.3432 11.0000
v 115.6539 250.3138 11.0000
v 115.9730 250.2855 11.0000
v 116.2805 250.2591 11.0000
v 116.5789 250.2352 11.0000
v 116.8710 250.2147 11.0000
v 117.1594 250.1981 11.0000
v 117.4468 250.1862 11.0000
v 117.7360 250.1798 11.0000
v 118.0287 250.1794 11.0000
v 118.3240 250.1850 11.0000
v 118.6201 250.1969 11.0000
v 118.9152 250.2148 11.0000
v 119.2074 250.2389 11.0000
v 119.4949 250.2691 11.0000
v 119.7760 250.3054 11.0000
v 120.0488 250.3479 11.0000
v 120.3121 250.3964 11.0000
v 120.5665 250.4507 11.0000
v 120.8132 250.5101 11.0000
v 121.0534 250.5744 11.0000
v 121.2884 250.6431 11.0000
v 121.5194 250.7157 11.0000
v 121.7474 250.7918 11.0000
v 121.9739 250.8710 11.0000
v 122.1999 250.9529 11.0000
v 122.4262 251.0378 11.0000
v 122.6537 251.1259 11.0000
v 122.8833 251.2177 11.0000
v 123.1157 251.3134 11.0000
v 123.3518 251.4134 11.0000
v 123.5923 251.5180 11.0000
v 123.8382 251.6275 11.0000
v 124.0906 251.7423 11.0000
v 124.3518 251.8624 11.0000
v 124.6248 251.9881 11.0000
v 124.9123 252.1196 11.0000
v 125.2171 252.2570 11.0000
v 125.5420 252.4005 11.0000
v 125.8898 252.5502 11.0000
v 126.2632 252.7063 11.0000
v 126.6647 252.8690 11.0000
v 127.0945 253.0383 11.0000
v 127.5526 253.2142 11.0000
v 128.0388 253.3969 11.0000
v 128.5530 253.5864 11.0000
v 129.0952 253.7827 11.0000
v 129.6652 253.9859 11.0000
v 130.2629 254.1961 11.0000
v 130.8859 254.4125 11.0000
v 131.5223 254.6316 11.0000
v 132.1581 254.8492 11.0000
v 132.7791 255.0607 11.0000
v 133.3713 255.2621 11.0000
v 133.9204 255.4489 11.0000
v 134.4124 255.6168 11.0000
v 134.8332 255.7616 11.0000
v 135.1744 255.8808 11.0000
v 135.4513 255.9802 11.0000
v 135.6847 256.0672 11.0000
v 135.8957 256.1496 11.0000
v 136.1052 256.2349 11.0000
v 136.3342 256.3306 11.0000
v 136.6037 256.4445 11.0000
v 136.9347 256.5840 11.0000
v 137.3436 256.7548 11.0000
v 137.8294 256.9542 11.0000
v 138.3862 257.1774 11.0000
v 139.0085 257.4199 11.0000
v 139.6906 257.6770 11.0000
v 140.4269 257.9439 11.0000
v 141.2116 258.2159 11.0000
v 142.0392 258.4885 11.0000
v 142.9022 258.7572 11.0000
v 143.7855 259.0197 11.0000
v 144.6725 259.2739 11.0000
v 145.5461 259.5176 11.0000
v 146.3897 259.7488 11.0000
v 147.1864 259.9654 11.0000
v 147.9195 260.1654 11.0000
v 148.5720 260.3467 11.0000
v 149.1346 260.5082 11.0000
v 149.6271 260.6526 11.0000
v 150.0768 260.7837 11.0000
v 150.5109 260.9053 11.0000
v 150.9568 261.0210 11.0000
v 151.4417 261.1347 11.0000
v 151.9929 261.2500 11.0000
v 152.6375 261.3708 11.0000
v 153.3948 261.4996 11.0000
v 154.2513 261.6348 11.0000
v 155.1854 261.7736 11.0000
v 156.1754 261.9132 11.0000
v 157.1998 262.0508 11.0000
v 158.2370 262.1837 11.0000
v 159.2654 262.3089 11.0000
v 160.2634 262.4239 11.0000
v 161.2121 262.5262 11.0000
v 162.1037 262.6158 11.0000
v 162.9332 262.6932 11.0000
v 163.6956 262.7586 11.0000
v 164.3858 262.8126 11.0000
v 164.9987 262.8555 11.0000
v 165.5294 262.8878 11.0000
v 165.9727 262.9099 11.0000
v 166.3268 262.9220 11.0000
v 166.6025 262.9234 11.0000
v 166.8140 262.9133 11.0000
v 166.9753 262.8908 11.0000
v 167.1005 262.8551 11.0000
v 167.2035 262.8053 11.0000
v 167.2984 262.7406 11.0000
v 167.3994 262.6600 11.0000
v 167.5173 262.5634 11.0000
v 167.6508 262.4529 11.0000
v 167.7956 262.3314 11.0000
v 167.9473 262.2017 11.0000
v 168.1014 262.0667 11.0000
v 168.2535 261.9291 11.0000
v 168.3992 261.7919 11.0000
v 168.5342 261.6577 11.0000
v 168.6553 261.5288 11.0000
v 168.7650 261.4040 11.0000
v 168.8669 261.2814 11.0000
v 168.9647 261.1593 11.0000
v 169.0623 261.0358 11.0000
v 169.1631 260.9091 11.0000
v 169.2711 260.7772 11.0000
v 169.3898 260.6385 11.0000
v 169.5218 260.4918 11.0000
v 169.6645 260.3390 11.0000
v 169.8144 260.1829 11.0000
v 169.9675 260.0262 11.0000
v 170.1202 259.8715 11.0000
v 170.2689 259.7217 11.0000
v 170.4097 259.5794 11.0000
v 170.5390 259.4473 11.0000
v 170.6541 259.3278 11.0000
v 170.7564 259.2218 11.0000
v 170.8487 259.1298 11.0000
v 170.9333 259.0523 11.0000
v 171.0130 258.9899 11.0000
v 171.0902 258.9432 11.0000
v 171.1675 258.9126 11.0000
v 171.2476 258.8987 11.0000
v 171.3326 258.9018 11.0000
v 171.4236 258.9220 11.0000
v 171.5215 258.9589 11.0000
v 171.6271 259.0123 11.0000
v 171.7411 259.0820 11.0000
v 171.8644 259.1677 11.0000
v 171.9978 259.2692 11.0000
v 172.1421 259.3862 11.0000
v 172.2977 259.5182 11.0000
v 172.4632 259.6635 11.0000
v 172.6369 259.8199 11.0000
v 172.8170 259.9853 11.0000
v 173.0018 260.1577 11.0000
v 173.1895 260.3350 11.0000
v 173.3783 260.5151 11.0000
v 173.5666 260.6960 11.0000
v 173.7527 260.8758 11.0000
v 173.9361 261.0540 11.0000
v 174.1163 261.2302 11.0000
v 174.2931 261.4042 11.0000
v 174.4660 261.5757 11.0000
v 174.6346 261.7443 11.0000
v 174.7986 261.9098 11.0000
v 174.9576 262.0720 11.0000
v 175.1114 262.2304 11.0000
v 175.2606 262.3852 11.0000
v 175.4061 262.5364 11.0000
v 175.5485 262.6840 11.0000
v 175.6888 262.8280 11.0000
v 175.8277 262.9685 11.0000
v 175.9661 263.1055 11.0000
v 176.1047 263.2391 11.0000
v 176.2447 263.3695 11.0000
v 176.3886 263.4977 11.0000
v 176.5394 263.6252 11.0000
v 176.7000 263.7533 11.0000
v 176.8732 263.8832 11.0000
v 177.0620 264.0163 11.0000
v 177.2693 264.1538 11.0000
v 177.4980 264.2972 11.0000
v 177.7498 264.4472 11.0000
v 178.0222 264.6026 11.0000
v 178.3114 264.7615 11.0000
v 178.6136 264.9222 11.0000
v 178.9251 265.0829 11.0000
v 179.2423 265.2418 11.0000
v 179.5612 265.3971 11.0000
v 179.8783 265.5470 11.0000
v 180.1900 265.6900 11.0000
v 180.4936 265.8252 11.0000
v 180.7867 265.9519 11.0000
v 181.0670 266.0695 11.0000
v 181.3321 266.1772 11.0000
v 181.5795 266.2745 11.0000
v 181.8069 266.3606 11.0000
v 182.0118 266.4349 11.0000
v 182.1940 266.4972 11.0000
v 182.3609 266.5498 11.0000
v 182.5224 266.5952 11.0000
v 182.6880 266.6363 11.0000
v 182.8675 266.6756 11.0000
v 183.0705 266.7158 11.0000
v 183.3068 266.7597 11.0000
v 183.5859 266.8100 11.0000
v 183.9155 266.8687 11.0000
v 184.2948 266.9362 11.0000
v 184.7210 267.0121 11.0000
v 185.1913 267.0960 11.0000
v 185.7028 267.1878 11.0000
v 186.2528 267.2870 11.0000
v 186.8384 267.3934 11.0000
v 187.4567 267.5067 11.0000
v 188.1051 267.6262 11.0000
v 188.7817 267.7503 11.0000
v 189.4844 267.8769 11.0000
v 190.2116 268.0040 11.0000
v 190.9613 268.1295 11.0000
v 191.7317 268.2516 11.0000
v 192.5210 268.3680 11.0000
v 193.3272 268.4769 11.0000
v 194.1467 268.5766 11.0000
v 194.9687 268.6670 11.0000
v 195.7802 268.7484 11.0000
v 196.5685 268.8211 11.0000
v 197.3210 268.8854 11.0000
v 198.0247 268.9416 11.0000
v 198.6669 268.9901 11.0000
v 199.2349 269.0311 11.0000
v 199.7195 269.0650 11.0000
v 200.1265 269.0927 11.0000
v 200.4652 269.1149 11.0000
v 200.7449 269.1327 11.0000
v 200.9750 269.1468 11.0000
v 201.1649 269.1583 11.0000
v 201.3239 269.1679 11.0000
v 201.4614 269.1765 11.0000
v 201.5881 269.1856 11.0000
v 201.7203 269.1980 11.0000
v 201.8754 269.2172 11.0000
v 202.0711 269.2466 11.0000
v 202.3250 269.2897 11.0000
v 202.6546 269.3499 11.0000
v 203.0775 269.4306 11.0000
v 203.6114 269.5352 11.0000
v 204.2655 269.6656 11.0000
v 205.0164 269.8170 11.0000
v 205.8323 269.9832 11.0000
v 206.6813 270.1577 11.0000
v 207.5319 270.3343 11.0000
v 208.3521 270.5067 11.0000
v 209.1102 270.6685 11.0000
v 209.7746 270.8134 11.0000
v 210.3212 270.9367 11.0000
v 210.7571 271.0396 11.0000
v 211.0975 271.1251 11.0000
v 211.3573 271.1962 11.0000
v 211.5515 271.2556 11.0000
v 211.6952 271.3063 11.0000
v 211.8032 271.3512 11.0000
v 211.8906 271.3931 11.0000
v 211.9725 271.4355 11.0000
v 212.0645 271.4836 11.0000
v 212.1823 271.5431 11.0000
v 212.3415 271.6197 11.0000
v 212.5580 271.7191 11.0000
v 212.8474 271.8471 11.0000
v 213.2254 272.0092 11.0000
v 213.7076 272.2113 11.0000
v 214.3034 272.4565 11.0000
v 214.9959 272.7384 11.0000
v 215.7619 273.0481 11.0000
v 216.5781 273.3766 11.0000
v 217.4214 273.7149 11.0000
v 218.2683 274.0541 11.0000
v 219.0957 274.3852 11.0000
v 219.8803 274.6994 11.0000
v 220.6042 274.9896 11.0000
v 221.2705 275.2567 11.0000
v 221.8878 275.5039 11.0000
v 222.4646 275.7339 11.0000
v 223.0093 275.9497 11.0000
v 223.5306 276.1543 11.0000
v 224.0368 276.3506 11.0000
v 224.5365 276.5416 11.0000
v 225.0378 276.7297 11.0000
v 225.5468 276.9157 11.0000
v 226.0693 277.0999 11.0000
v 226.6109 277.2826 11.0000
v 227.1775 277.4642 11.0000
v 227.7747 277.6449 11.0000
v 228.4082 277.8250 11.0000
v 229.0838 278.0049 11.0000
v 229.8047 278.1847 11.0000
v 230.5644 278.3634 11.0000
v 231.3539 278.5400 11.0000
v 232.1642 278.7135 11.0000
v 232.9864 278.8827 11.0000
v 233.8114 279.0467 11.0000
v 234.6302 279.2042 11.0000
v 235.4339 279.3543 11.0000
v 236.2144 279.4960 11.0000
v 236.9675 279.6293 11.0000
v 237.6900 279.7541 11.0000
v 238.3787 279.8706 11.0000
v 239.0303 279.9786 11.0000
v 239.6416 280.0784 11.0000
v 240.2094 280.1699 11.0000
v 240.7305 280.2532 11.0000
v 241.2043 280.3287 11.0000
v 241.6412 280.3982 11.0000
v 242.0543 280.4640 11.0000
v 242.4567 280.5283 11.0000
v 242.8615 280.5933 11.0000
v 243.2818 280.6613 11.0000
v 243.7307 280.7345 11.0000
v 244.2213 280.8150 11.0000
v 244.7633 280.9048 11.0000
v 245.3530 281.0049 11.0000
v 245.9834 281.1157 11.0000
v 246.6475 281.2378 11.0000
v 247.3383 281.3718 11.0000
v 248.0487 281.5183 11.0000
v 248.7717 281.6778 11.0000
v 249.5002 281.8509 11.0000
v 250.2288 282.0382 11.0000
v 250.9580 282.2403 11.0000
v 251.6901 282.4578 11.0000
v 252.4271 282.6914 11.0000
v 253.1711 282.9417 11.0000
v 253.9244 283.2093 11.0000
v 254.6890 283.4949 11.0000
v 255.4670 283.7991 11.0000
v 256.2590 284.1215 11.0000
v 257.0587 284.4579 11.0000
v 257.8581 284.8033 11.0000
v 258.6494 285.1523 11.0000
v 259.4247 285.4999 11.0000
v 260.1761 285.8408 11.0000
v 260.8956 286.1698 11.0000
v 261.5753 286.4819 11.0000
v 262.2103 286.7734 11.0000
v 262.8075 287.0473 11.0000
v 263.3769 287.3080 11.0000
v 263.9282 287.5602 11.0000
v 264.4714 287.8082 11.0000
v 265.0164 288.0567 11.0000
v 265.5730 288.3101 11.0000
v 266.1512 288.5730 11.0000
v 266.7568 288.8481 11.0000
v 267.3800 289.1309 11.0000
v 268.0068 289.4152 11.0000
v 268.6234 289.6948 11.0000
v 269.2158 289.9633 11.0000
v 269.7702 290.2144 11.0000
v 270.2727 290.4420 11.0000
v 270.7093 290.6398 11.0000
v 271.0727 290.8041 11.0000
v 271.3809 290.9418 11.0000
v 271.6585 291.0627 11.0000
v 271.9301 291.1761 11.0000
v 272.2202 291.2917 11.0000
v 272.5533 291.4191 11.0000
v 272.9541 291.5677 11.0000
v 273.4471 291.7473 11.0000
v 274.0481 291.9641 11.0000
v 274.7378 292.2110 11.0000
v 275.4882 292.4778 11.0000
v 276.2712 292.7542 11.0000
v 277.0589 293.0299 11.0000
v 277.8231 293.2946 11.0000
v 278.5360 293.5380 11.0000
v 279.1693 293.7499 11.0000
v 279.7023 293.9223 11.0000
v 280.1427 294.0576 11.0000
v 280.5054 294.1605 11.0000
v 280.8052 294.2355 11.0000
v 281.0570 294.2875 11.0000
v 281.2757 294.3210 11.0000
v 281.4762 294.3409 11.0000
v 281.6734 294.3517 11.0000
v 281.8793 294.3575 11.0000
v 282.0950 294.3592 11.0000
v 282.3187 294.3572 11.0000
v 282.5486 294.3517 11.0000
v 282.7831 294.3431 11.0000
v 283.0203 294.3316 11.0000
v 283.2585 294.3175 11.0000
v 283.4959 294.3011 11.0000
v 283.7310 294.2827 11.0000
v 283.9628 294.2625 11.0000
v 284.1906 294.2406 11.0000
v 284.4138 294.2173 11.0000
v 284.6315 294.1926 11.0000
v 284.8432 294.1668 11.0000
v 285.0480 294.1400 11.0000
v 285.2452 294.1123 11.0000
v 285.4347 294.0841 11.0000
v 285.6182 294.0551 11.0000
v 285.7978 294.0253 11.0000
v 285.9759 293.9946 11.0000
v 286.1545 293.9630 11.0000
v 286.3361 293.9303 11.0000
v 286.5227 293.8965 11.0000
v 286.7167 293.8616 11.0000
v 286.9194 293.8254 11.0000
v 287.1294 293.7881 11.0000
v 287.3443 293.7499 11.0000
v 287.5619 293.7109 11.0000
v 287.7799 293.6713 11.0000
v 287.9959 293.6312 11.0000
v 288.2078 293.5909 11.0000
v 288.4132 293.5504 11.0000
v 288.6102 293.5103 11.0000
v 288.7987 293.4724 11.0000
v 288.9786 293.4385 11.0000
v 289.1502 293.4109 11.0000
v 289.3137 293.3915 11.0000
v 289.4691 293.3824 11.0000
v 289.6166 293.3855 11.0000
v 289.7565 293.4031 11.0000
v 289.8888 293.4365 11.0000
v 290.0137 293.4852 11.0000
v 290.1313 293.5481 11.0000
v 290.2419 293.6240 11.0000
v 290.3456 293.7117 11.0000
v 290.4426 293.8102 11.0000
v 290.5330 293.9184 11.0000
v 290.6170 294.0350 11.0000
v 290.6949 294.1594 11.0000
v 290.7680 294.2921 11.0000
v 290.8375 294.4343 11.0000
v 290.9048 294.5869 11.0000
v 290.9713 294.7510 11.0000
v 291.0382 294.9277 11.0000
v 291.1068 295.1179 11.0000
v 291.1787 295.3227 11.0000
v 291.2545 295.5424 11.0000
v 291.3332 295.7744 11.0000
v 291.4133 296.0154 11.0000
v 291.4932 296.2621 11.0000
v 291.5713 296.5112 11.0000
v 291.6461 296.7593 11.0000
v 291.7161 297.0032 11.0000
v 291.7797 297.2396 11.0000
v 291.8359 297.4660 11.0000
v 291.8864 297.6839 11.0000
v 291.9334 297.8954 11.0000
v 291.9791 298.1029 11.0000
v 292.0257 298.3087 11.0000
v 292.0755 298.5149 11.0000
v 292.1307 298.7239 11.0000
v 292.1935 298.9379 11.0000
v 292.2657 299.1585 11.0000
v 292.3469 299.3841 11.0000
v 292.4361 299.6127 11.0000
v 292.5326 299.8418 11.0000
v 292.6354 300.0694 11.0000
v 292.7437 300.2931 11.0000
v 292.8567 300.5109 11.0000
v 292.9733 300.7203 11.0000
v 293.0932 300.9205 11.0000
v 293.2173 301.1147 11.0000
v 293.3468 301.3077 11.0000
v 293.4831 301.5041 11.0000
v 293.6275 301.7086 11.0000
v 293.7813 301.9256 11.0000
v 293.9457 302.1600 11.0000
v 294.1222 302.4162 11.0000
v 294.3112 302.6968 11.0000
v 294.5101 302.9963 11.0000
v 294.7155 303.3068 11.0000
v 294.9241 303.6206 11.0000
v 295.1324 303.9301 11.0000
v 295.3372 304.2274 11.0000
v 295.5349 304.5050 11.0000
v 295.7222 304.7550 11.0000
v 295.8974 304.9724 11.0000
v 296.0650 305.1630 11.0000
v 296.2314 305.3353 11.0000
v 296.4027 305.4977 11.0000
v 296.5853 305.6588 11.0000
v 296.7853 305.8269 11.0000
v 297.0091 306.0107 11.0000
v 297.2628 306.2185 11.0000
v 297.5508 306.4562 11.0000
v 297.8688 306.7194 11.0000
v 298.2110 307.0011 11.0000
v 298.5712 307.2941 11.0000
v 298.9433 307.5916 11.0000
v 299.3212 307.8863 11.0000
v 299.6989 308.1713 11.0000
v 300.0703 308.4396 11.0000
v 300.4312 308.6857 11.0000
v 300.7856 308.9106 11.0000
v 301.1390 309.1170 11.0000
v 301.4974 309.3075 11.0000
v 301.8664 309.4847 11.0000
v 302.2518 309.6513 11.0000
v 302.6594 309.8100 11.0000
v 303.0949 309.9633 11.0000
v 303.5618 310.1131 11.0000
v 304.0548 310.2579 11.0000
v 304.5662 310.3955 11.0000
v 305.0882 310.5234 11.0000
v 305.6133 310.6395 11.0000
v 306.1338 310.7415 11.0000
v 306.6421 310.8271 11.0000
v 307.1304 310.8939 11.0000
v 307.5926 310.9407 11.0000
v 308.0283 310.9698 11.0000
v 308.4386 310.9849 11.0000
v 308.8247 310.9892 11.0000
v 309.1875 310.9862 11.0000
v 309.5283 310.9793 11.0000
v 309.8481 310.9720 11.0000
v 310.1480 310.9677 11.0000
v 310.4307 310.9700 11.0000
v 310.7055 310.9839 11.0000
v 310.9833 311.0143 11.0000
v 311.2749 311.0665 11.0000
v 311.5912 311.1454 11.0000
v 311.9431 311.2562 11.0000
v 312.3413 311.4040 11.0000
v 312.7969 311.5939 11.0000
v 313.3172 311.8296 11.0000
v 313.8956 312.1095 11.0000
v 314.5221 312.4304 11.0000
v 315.1867 312.7894 11.0000
v 315.8793 313.1834 11.0000
v 316.5899 313.6093 11.0000
v 317.3085 314.0641 11.0000
v 318.0250 314.5448 11.0000
v 318.7301 315.0474 11.0000
v 318.8663 315.1497 11.0000
v 2.6397 99.4210 8.0000
v 2.7756 99.6000 8.0000
v 4.4856 102.3700 8.0000
v 5.2456 103.8900 8.0000
v 6.4456 106.8300 8.0000
v 8.0156 110.9700 8.0000
v 12.3956 123.1200 8.0000
v 12.7056 125.3400 8.0000
v 13.3456 131.3300 8.0000
v 13.4714 131.8616 8.0000
v 44.6752 196.7163 8.0000
v 44.7556 196.7900 8.0000
v 46.1756 198.4500 8.0000
v 48.0856 201.5800 8.0000
v 49.3156 204.3000 8.0000
v 50.0530 205.9936 8.0000
v 53.2672 211.5776 8.0000
v 57.3752 216.3445 8.0000
v 63.9499 223.1505 8.0000
v 67.8642 226.5773 8.0000
v 68.3126 227.0596 8.0000
v 68.8411 227.6206 8.0000
v 69.3703 228.1726 8.0000
v 69.9102 228.7232 8.0000
v 70.4709 229.2797 8.0000
v 71.0622 229.8497 8.0000
v 71.6942 230.4405 8.0000
v 72.3767 231.0596 8.0000
v 73.1199 231.7144 8.0000
v 73.9304 232.4106 8.0000
v 74.8027 233.1469 8.0000
v 75.7279 233.9200 8.0000
v 76.6971 234.7268 8.0000
v 77.7016 235.5640 8.0000
v 78.7326 236.4286 8.0000
v 79.7812 237.3172 8.0000
v 80.8386 238.2268 8.0000
v 81.8965 239.1533 8.0000
v 82.9491 240.0887 8.0000
v 83.9910 241.0245 8.0000
v 85.0170 241.9517 8.0000
v 86.0217 242.8618 8.0000
v 86.9997 243.7459 8.0000
v 87.9459 244.5952 8.0000
v 88.8547 245.4012 8.0000
v 89.7224 246.1567 8.0000
v 90.5503 246.8624 8.0000
v 91.3411 247.5206 8.0000
v 92.0977 248.1335 8.0000
v 92.8229 248.7036 8.0000
v 93.5193 249.2331 8.0000
v 94.1899 249.7243 8.0000
v 94.8373 250.1797 8.0000
v 95.4639 250.6014 8.0000
v 96.0699 250.9912 8.0000
v 96.6553 251.3509 8.0000
v 97.2197 251.6822 8.0000
v 97.7631 251.9869 8.0000
v 98.2852 252.2666 8.0000
v 98.7859 252.5231 8.0000
v 99.2650 252.7582 8.0000
v 99.7227 252.9734 8.0000
v 100.1604 253.1703 8.0000
v 100.5803 253.3503 8.0000
v 100.9842 253.5148 8.0000
v 101.3741 253.6652 8.0000
v 101.7519 253.8030 8.0000
v 102.1195 253.9296 8.0000
v 102.4789 254.0463 8.0000
v 102.8322 254.1545 8.0000
v 103.1825 254.2547 8.0000
v 103.5330 254.3473 8.0000
v 103.8870 254.4327 8.0000
v 104.2477 254.5114 8.0000
v 104.6184 254.5838 8.0000
v 105.0023 254.6502 8.0000
v 105.4026 254.7110 8.0000
v 105.8221 254.7667 8.0000
v 106.2612 254.8173 8.0000
v 106.7198 254.8630 8.0000
v 107.1977 254.9038 8.0000
v 107.6947 254.9399 8.0000
v 108.2109 254.9714 8.0000
v 108.7460 254.9983 8.0000
v 109.2999 255.0208 8.0000
v 109.8714 255.0391 8.0000
v 110.4549 255.0545 8.0000
v 111.0436 255.0684 8.0000
v 111.6308 255.0822 8.0000
v 112.2097 255.0974 8.0000
v 112.7737 255.1154 8.0000
v 113.3161 255.1376 8.0000
v 113.8300 255.1654 8.0000
v 114.3111 255.2000 8.0000
v 114.7640 255.2409 8.0000
v 115.1959 255.2875 8.0000
v 115.6136 255.3390 8.0000
v 116.0243 255.3947 8.0000
v 116.4348 255.4540 8.0000
v 116.8523 255.5160 8.0000
v 117.2838 255.5800 8.0000
v 117.7346 255.6458 8.0000
v 118.2041 255.7140 8.0000
v 118.6897 255.7860 8.0000
v 119.1893 255.8629 8.0000
v 119.7003 255.9459 8.0000
v 120.2204 256.0361 8.0000
v 120.7473 256.1348 8.0000
v 121.2786 256.2431 8.0000
v 121.8128 256.3619 8.0000
v 122.3519 256.4905 8.0000
v 122.8987 256.6281 8.0000
v 123.4563 256.7737 8.0000
v 124.0273 256.9264 8.0000
v 124.6147 257.0853 8.0000
v 125.2214 257.2494 8.0000
v 125.8503 257.4179 8.0000
v 126.5023 257.5897 8.0000
v 127.1713 257.7641 8.0000
v 127.8491 257.9403 8.0000
v 128.5278 258.1176 8.0000
v 129.1992 258.2950 8.0000
v 129.8552 258.4720 8.0000
v 130.4879 258.6475 8.0000
v 131.0891 258.8210 8.0000
v 131.6531 258.9919 8.0000
v 132.1829 259.1614 8.0000
v 132.6840 259.3309 8.0000
v 133.1618 259.5020 8.0000
v 133.6217 259.6760 8.0000
v 134.0691 259.8545 8.0000
v 134.5095 260.0390 8.0000
v 134.9482 260.2309 8.0000
v 135.3917 260.4318 8.0000
v 135.8503 260.6430 8.0000
v 136.3356 260.8662 8.0000
v 136.8590 261.1028 8.0000
v 137.4320 261.3542 8.0000
v 138.0660 261.6221 8.0000
v 138.7724 261.9079 8.0000
v 139.5628 262.2130 8.0000
v 140.4425 262.5375 8.0000
v 141.3925 262.8749 8.0000
v 142.3880 263.2175 8.0000
v 143.4039 263.5571 8.0000
v 144.4153 263.8861 8.0000
v 145.3972 264.1964 8.0000
v 146.3245 264.4801 8.0000
v 147.1724 264.7294 8.0000
v 147.9252 264.9387 8.0000
v 148.6045 265.1121 8.0000
v 149.2416 265.2560 8.0000
v 149.8673 265.3768 8.0000
v 150.5128 265.4810 8.0000
v 151.2091 265.5751 8.0000
v 151.9873 265.6654 8.0000
v 152.8784 265.7584 8.0000
v 153.9027 265.8591 8.0000
v 155.0370 265.9662 8.0000
v 156.2474 266.0771 8.0000
v 157.4998 266.1891 8.0000
v 158.7604 266.2996 8.0000
v 159.9950 266.4058 8.0000
v 161.1699 266.5051 8.0000
v 162.2509 266.5948 8.0000
v 163.2113 266.6726 8.0000
v 164.0531 266.7376 8.0000
v 164.7853 266.7891 8.0000
v 165.4170 266.8266 8.0000
v 165.9574 266.8495 8.0000
v 166.4156 266.8571 8.0000
v 166.8007 266.8489 8.0000
v 167.1218 266.8243 8.0000
v 167.3882 266.7829 8.0000
v 167.6093 266.7244 8.0000
v 167.7951 266.6491 8.0000
v 167.9552 266.5569 8.0000
v 168.0993 266.4478 8.0000
v 168.2372 266.3219 8.0000
v 168.3787 266.1792 8.0000
v 168.5334 266.0199 8.0000
v 168.7084 265.8444 8.0000
v 168.9005 265.6557 8.0000
v 169.1035 265.4573 8.0000
v 169.3115 265.2527 8.0000
v 169.5184 265.0453 8.0000
v 169.7183 264.8388 8.0000
v 169.9051 264.6365 8.0000
v 170.0729 264.4419 8.0000
v 170.2172 264.2580 8.0000
v 170.3399 264.0849 8.0000
v 170.4445 263.9223 8.0000
v 170.5345 263.7697 8.0000
v 170.6134 263.6269 8.0000
v 170.6846 263.4933 8.0000
v 170.7517 263.3687 8.0000
v 170.8180 263.2526 8.0000
v 170.8867 263.1451 8.0000
v 170.9586 263.0483 8.0000
v 171.0341 262.9650 8.0000
v 171.1136 262.8977 8.0000
v 171.1975 262.8491 8.0000
v 171.2863 262.8217 8.0000
v 171.3803 262.8183 8.0000
v 171.4800 262.8414 8.0000
v 171.5854 262.8926 8.0000
v 171.6954 262.9688 8.0000
v 171.8086 263.0656 8.0000
v 171.9236 263.1790 8.0000
v 172.0389 263.3046 8.0000
v 172.1532 263.4382 8.0000
v 172.2649 263.5756 8.0000
v 172.3728 263.7125 8.0000
v 172.4760 263.8459 8.0000
v 172.5771 263.9769 8.0000
v 172.6794 264.1081 8.0000
v 172.7860 264.2417 8.0000
v 172.9003 264.3801 8.0000
v 173.0255 264.5258 8.0000
v 173.1648 264.6812 8.0000
v 173.3214 264.8485 8.0000
v 173.4972 265.0292 8.0000
v 173.6880 265.2199 8.0000
v 173.8881 265.4165 8.0000
v 174.0920 265.6146 8.0000
v 174.2940 265.8100 8.0000
v 174.4884 265.9983 8.0000
v 174.6697 266.1753 8.0000
v 174.8323 266.3367 8.0000
v 174.9725 266.4797 8.0000
v 175.0955 266.6076 8.0000
v 175.2085 266.7250 8.0000
v 175.3185 266.8368 8.0000
v 175.4328 266.9477 8.0000
v 175.5584 267.0625 8.0000
v 175.7026 267.1858 8.0000
v 175.8725 267.3224 8.0000
v 176.0736 267.4758 8.0000
v 176.3040 267.6441 8.0000
v 176.5606 267.8242 8.0000
v 176.8398 268.0127 8.0000
v 177.1382 268.2066 8.0000
v 177.4524 268.4026 8.0000
v 177.7790 268.5976 8.0000
v 178.1146 268.7884 8.0000
v 178.4558 268.9721 8.0000
v 178.7990 269.1472 8.0000
v 179.1407 269.3125 8.0000
v 179.4774 269.4668 8.0000
v 179.8056 269.6089 8.0000
v 180.1217 269.7377 8.0000
v 180.4222 269.8518 8.0000
v 180.7036 269.9501 8.0000
v 180.9643 270.0323 8.0000
v 181.2110 270.1014 8.0000
v 181.4522 270.1613 8.0000
v 181.6967 270.2158 8.0000
v 181.9530 270.2689 8.0000
v 182.2298 270.3244 8.0000
v 182.5357 270.3863 8.0000
v 182.8793 270.4583 8.0000
v 183.2675 270.5436 8.0000
v 183.6997 270.6413 8.0000
v 184.1736 270.7500 8.0000
v 184.6870 270.8681 8.0000
v 185.2375 270.9939 8.0000
v 185.8229 271.1260 8.0000
v 186.4407 271.2627 8.0000
v 187.0888 271.4025 8.0000
v 187.7653 271.5440 8.0000
v 188.4710 271.6871 8.0000
v 189.2069 271.8317 8.0000
v 189.9744 271.9779 8.0000
v 190.7747 272.1257 8.0000
v 191.6089 272.2751 8.0000
v 192.4782 272.4262 8.0000
v 193.3839 272.5791 8.0000
v 194.3273 272.7340 8.0000
v 195.3094 272.8929 8.0000
v 196.3317 273.0580 8.0000
v 197.3955 273.2314 8.0000
v 198.5020 273.4153 8.0000
v 199.6526 273.6120 8.0000
v 200.8485 273.8236 8.0000
v 202.0910 274.0524 8.0000
v 203.3782 274.2996 8.0000
v 204.6949 274.5626 8.0000
v 206.0229 274.8379 8.0000
v 207.3438 275.1218 8.0000
v 208.6393 275.4108 8.0000
v 209.8910 275.7015 8.0000
v 211.0806 275.9901 8.0000
v 212.1898 276.2732 8.0000
v 213.2054 276.5479 8.0000
v 214.1351 276.8143 8.0000
v 214.9918 277.0731 8.0000
v 215.7882 277.3250 8.0000
v 216.5372 277.5709 8.0000
v 217.2517 277.8115 8.0000
v 217.9446 278.0476 8.0000
v 218.6286 278.2799 8.0000
v 219.3143 278.5091 8.0000
v 220.0034 278.7359 8.0000
v 220.6950 278.9608 8.0000
v 221.3885 279.1842 8.0000
v 222.0832 279.4068 8.0000
v 222.7783 279.6292 8.0000
v 223.4731 279.8518 8.0000
v 224.1669 280.0751 8.0000
v 224.8587 280.2994 8.0000
v 225.5461 280.5229 8.0000
v 226.2265 280.7434 8.0000
v 226.8972 280.9588 8.0000
v 227.5557 281.1670 8.0000
v 228.1994 281.3657 8.0000
v 228.8254 281.5529 8.0000
v 229.4313 281.7264 8.0000
v 230.0174 281.8852 8.0000
v 230.5960 282.0325 8.0000
v 231.1824 282.1728 8.0000
v 231.7918 282.3104 8.0000
v 232.4397 282.4499 8.0000
v 233.1411 282.5955 8.0000
v 233.9116 282.7517 8.0000
v 234.7663 282.9229 8.0000
v 235.7139 283.1119 8.0000
v 236.7365 283.3151 8.0000
v 237.8095 283.5272 8.0000
v 238.9082 283.7432 8.0000
v 240.0082 283.9577 8.0000
v 241.0848 284.1657 8.0000
v 242.1135 284.3618 8.0000
v 243.0696 284.5408 8.0000
v 243.9354 284.6991 8.0000
v 244.7194 284.8387 8.0000
v 245.4373 284.9630 8.0000
v 246.1044 285.0756 8.0000
v 246.7363 285.1799 8.0000
v 247.3484 285.2796 8.0000
v 247.9562 285.3780 8.0000
v 248.5751 285.4787 8.0000
v 249.2177 285.5849 8.0000
v 249.8849 285.6990 8.0000
v 250.5745 285.8228 8.0000
v 251.2845 285.9584 8.0000
v 252.0128 286.1078 8.0000
v 252.7574 286.2730 8.0000
v 253.5163 286.4560 8.0000
v 254.2873 286.6588 8.0000
v 255.0678 286.8824 8.0000
v 255.8529 287.1245 8.0000
v 256.6373 287.3815 8.0000
v 257.4155 287.6500 8.0000
v 258.1820 287.9266 8.0000
v 258.9314 288.2078 8.0000
v 259.6584 288.4902 8.0000
v 260.3574 288.7704 8.0000
v 261.0265 289.0468 8.0000
v 261.6774 289.3252 8.0000
v 262.3252 289.6133 8.0000
v 262.9850 289.9188 8.0000
v 263.6720 290.2492 8.0000
v 264.4014 290.6124 8.0000
v 265.1882 291.0159 8.0000
v 266.0475 291.4674 8.0000
v 266.9886 291.9709 8.0000
v 267.9968 292.5157 8.0000
v 269.0513 293.0875 8.0000
v 270.1314 293.6718 8.0000
v 271.2164 294.2543 8.0000
v 272.2857 294.8206 8.0000
v 273.3185 295.3563 8.0000
v 274.2942 295.8470 8.0000
v 275.1962 296.2814 8.0000
v 276.0251 296.6602 8.0000
v 276.7855 296.9872 8.0000
v 277.4821 297.2660 8.0000
v 278.1197 297.5006 8.0000
v 278.7028 297.6945 8.0000
v 279.2363 297.8516 8.0000
v 279.7248 297.9756 8.0000
v 280.1728 298.0702 8.0000
v 280.5843 298.1387 8.0000
v 280.9631 298.1842 8.0000
v 281.3131 298.2101 8.0000
v 281.6379 298.2195 8.0000
v 281.9415 298.2156 8.0000
v 282.2276 298.2017 8.0000
v 282.5000 298.1810 8.0000
v 282.7621 298.1561 8.0000
v 283.0152 298.1279 8.0000
v 283.2600 298.0964 8.0000
v 283.4976 298.0618 8.0000
v 283.7286 298.0243 8.0000
v 283.9540 297.9841 8.0000
v 284.1746 297.9414 8.0000
v 284.3912 297.8963 8.0000
v 284.6045 297.8491 8.0000
v 284.8139 297.8000 8.0000
v 285.0188 297.7495 8.0000
v 285.2184 297.6978 8.0000
v 285.4121 297.6453 8.0000
v 285.5992 297.5924 8.0000
v 285.7789 297.5394 8.0000
v 285.9506 297.4867 8.0000
v 286.1139 297.4346 8.0000
v 286.2698 297.3834 8.0000
v 286.4196 297.3332 8.0000
v 286.5647 297.2844 8.0000
v 286.7064 297.2372 8.0000
v 286.8461 297.1919 8.0000
v 286.9851 297.1486 8.0000
v 287.1247 297.1075 8.0000
v 287.2659 297.0693 8.0000
v 287.4074 297.0349 8.0000
v 287.5478 297.0059 8.0000
v 287.6855 296.9836 8.0000
v 287.8190 296.9694 8.0000
v 287.9466 296.9647 8.0000
v 288.0667 296.9708 8.0000
v 288.1780 296.9892 8.0000
v 288.2790 297.0208 8.0000
v 288.3699 297.0653 8.0000
v 288.4513 297.1219 8.0000
v 288.5235 297.1897 8.0000
v 288.5871 297.2679 8.0000
v 288.6426 297.3557 8.0000
v 288.6903 297.4524 8.0000
v 288.7308 297.5571 8.0000
v 288.7648 297.6695 8.0000
v 288.7943 297.7904 8.0000
v 288.8214 297.9212 8.0000
v 288.8484 298.0634 8.0000
v 288.8776 298.2183 8.0000
v 288.9110 298.3873 8.0000
v 288.9510 298.5716 8.0000
v 288.9997 298.7728 8.0000
v 289.0589 298.9918 8.0000
v 289.1285 299.2280 8.0000
v 289.2082 299.4806 8.0000
v 289.2975 299.7487 8.0000
v 289.3958 300.0313 8.0000
v 289.5027 300.3275 8.0000
v 289.6177 300.6365 8.0000
v 289.7404 300.9573 8.0000
v 289.8700 301.2885 8.0000
v 290.0048 301.6264 8.0000
v 290.1427 301.9665 8.0000
v 290.2817 302.3047 8.0000
v 290.4197 302.6366 8.0000
v 290.5548 302.9580 8.0000
v 290.6849 303.2644 8.0000
v 290.8079 303.5517 8.0000
v 290.9223 303.8168 8.0000
v 291.0287 304.0614 8.0000
v 291.1280 304.2888 8.0000
v 291.2213 304.5019 8.0000
v 291.3095 304.7039 8.0000
v 291.3938 304.8979 8.0000
v 291.4751 305.0870 8.0000
v 291.5545 305.2742 8.0000
v 291.6331 305.4623 8.0000
v 291.7133 305.6523 8.0000
v 291.7973 305.8450 8.0000
v 291.8876 306.0410 8.0000
v 291.9866 306.2411 8.0000
v 292.0967 306.4459 8.0000
v 292.2204 306.6561 8.0000
v 292.3600 306.8725 8.0000
v 292.5177 307.0958 8.0000
v 292.6950 307.3272 8.0000
v 292.8930 307.5679 8.0000
v 293.1129 307.8191 8.0000
v 293.3558 308.0821 8.0000
v 293.6230 308.3581 8.0000
v 293.9156 308.6484 8.0000
v 294.2348 308.9541 8.0000
v 294.5811 309.2755 8.0000
v 294.9517 309.6095 8.0000
v 295.3434 309.9517 8.0000
v 295.7527 310.2980 8.0000
v 296.1763 310.6441 8.0000
v 296.6107 310.9859 8.0000
v 297.0526 311.3192 8.0000
v 297.1844 311.4138 8.0000
v 307.9568 313.3798 8.0000
v 308.4334 313.2186 8.0000
v 308.8969 313.0635 8.0000
v 309.3392 312.9228 8.0000
v 309.7556 312.8037 8.0000
v 310.1433 312.7122 8.0000
v 310.5092 312.6503 8.0000
v 310.8624 312.6192 8.0000
v 311.2121 312.6198 8.0000
v 311.5674 312.6531 8.0000
v 311.9375 312.7201 8.0000
v 312.3315 312.8220 8.0000
v 312.7586 312.9596 8.0000
v 313.2253 313.1338 8.0000
v 313.7279 313.3443 8.0000
v 314.2601 313.5907 8.0000
v 314.8156 313.8725 8.0000
v 315.3881 314.1892 8.0000
v 315.9713 314.5404 8.0000
v 316.2692 314.7357 8.0000
v 1.7827 99.9051 7.0000
v 2.3156 100.7000 7.0000
v 3.8456 103.2900 7.0000
v 5.0356 105.7500 7.0000
v 6.6156 109.5100 7.0000
v 8.2356 113.7900 7.0000
v 11.2956 122.2800 7.0000
v 11.6056 123.8100 7.0000
v 12.2204 128.7065 7.0000
v 45.4675 198.9429 7.0000
v 45.7956 199.4400 7.0000
v 46.9656 201.4200 7.0000
v 48.0856 204.0600 7.0000
v 49.1487 206.6241 7.0000
v 51.4562 211.5703 7.0000
v 52.8010 213.1899 7.0000
v 55.5650 216.4887 7.0000
v 58.9123 219.9543 7.0000
v 62.4825 223.4448 7.0000
v 67.2195 227.3957 7.0000
v 67.4696 227.6604 7.0000
v 68.1549 228.3641 7.0000
v 68.8564 229.0625 7.0000
v 69.5721 229.7531 7.0000
v 70.3012 230.4354 7.0000
v 71.0492 231.1166 7.0000
v 71.8227 231.8063 7.0000
v 72.6285 232.5140 7.0000
v 73.4733 233.2489 7.0000
v 74.3638 234.0206 7.0000
v 75.3069 234.8385 7.0000
v 76.3093 235.7121 7.0000
v 77.3745 236.6469 7.0000
v 78.4934 237.6337 7.0000
v 79.6538 238.6593 7.0000
v 80.8435 239.7105 7.0000
v 82.0503 240.7741 7.0000
v 83.2618 241.8372 7.0000
v 84.4658 242.8864 7.0000
v 85.6502 243.9087 7.0000
v 86.8042 244.8928 7.0000
v 87.9234 245.8350 7.0000
v 89.0051 246.7334 7.0000
v 90.0465 247.5861 7.0000
v 91.0447 248.3914 7.0000
v 91.9970 249.1473 7.0000
v 92.9006 249.8521 7.0000
v 93.7526 250.5039 7.0000
v 94.5521 251.1017 7.0000
v 95.3052 251.6481 7.0000
v 96.0197 252.1466 7.0000
v 96.7036 252.6007 7.0000
v 97.3648 253.0139 7.0000
v 98.0110 253.3896 7.0000
v 98.6503 253.7314 7.0000
v 99.2905 254.0427 7.0000
v 99.9376 254.3266 7.0000
v 100.5898 254.5848 7.0000
v 101.2434 254.8187 7.0000
v 101.8947 255.0293 7.0000
v 102.5401 255.2182 7.0000
v 103.1758 255.3864 7.0000
v 103.7982 255.5354 7.0000
v 104.4035 255.6664 7.0000
v 104.9890 255.7806 7.0000
v 105.5555 255.8794 7.0000
v 106.1048 255.9639 7.0000
v 106.6385 256.0355 7.0000
v 107.1585 256.0953 7.0000
v 107.6663 256.1447 7.0000
v 108.1639 256.1848 7.0000
v 108.6528 256.2169 7.0000
v 109.1351 256.2424 7.0000
v 109.6139 256.2633 7.0000
v 110.0924 256.2818 7.0000
v 110.5742 256.3000 7.0000
v 111.0624 256.3202 7.0000
v 111.5605 256.3445 7.0000
v 112.0717 256.3751 7.0000
v 112.5994 256.4141 7.0000
v 113.1453 256.4631 7.0000
v 113.7040 256.5210 7.0000
v 114.2684 256.5860 7.0000
v 114.8315 256.6564 7.0000
v 115.3864 256.7304 7.0000
v 115.9258 256.8062 7.0000
v 116.4429 256.8822 7.0000
v 116.9305 256.9566 7.0000
v 117.3836 257.0281 7.0000
v 117.8059 257.0974 7.0000
v 118.2028 257.1656 7.0000
v 118.5799 257.2341 7.0000
v 118.9429 257.3039 7.0000
v 119.2972 257.3762 7.0000
v 119.6485 257.4522 7.0000
v 120.0023 257.5332 7.0000
v 120.3633 257.6198 7.0000
v 120.7328 257.7118 7.0000
v 121.1111 257.8081 7.0000
v 121.4985 257.9079 7.0000
v 121.8954 258.0105 7.0000
v 122.3021 258.1149 7.0000
v 122.7189 258.2204 7.0000
v 123.1462 258.3260 7.0000
v 123.5837 258.4310 7.0000
v 124.0283 258.5353 7.0000
v 124.4765 258.6387 7.0000
v 124.9246 258.7413 7.0000
v 125.3690 258.8428 7.0000
v 125.8060 258.9432 7.0000
v 126.2320 259.0424 7.0000
v 126.6434 259.1404 7.0000
v 127.0384 259.2372 7.0000
v 127.4221 259.3344 7.0000
v 127.8017 259.4334 7.0000
v 128.1841 259.5358 7.0000
v 128.5764 259.6432 7.0000
v 128.9856 259.7573 7.0000
v 129.4187 259.8796 7.0000
v 129.8829 260.0117 7.0000
v 130.3823 260.1548 7.0000
v 130.9104 260.3076 7.0000
v 131.4577 260.4687 7.0000
v 132.0149 260.6364 7.0000
v 132.5726 260.8090 7.0000
v 133.1213 260.9852 7.0000
v 133.6518 261.1631 7.0000
v 134.1546 261.3412 7.0000
v 134.6252 261.5190 7.0000
v 135.0783 261.6999 7.0000
v 135.5336 261.8886 7.0000
v 136.0108 262.0895 7.0000
v 136.5293 262.3073 7.0000
v 137.1089 262.5466 7.0000
v 137.7691 262.8118 7.0000
v 138.5296 263.1076 7.0000
v 139.4024 263.4361 7.0000
v 140.3688 263.7896 7.0000
v 141.4024 264.1582 7.0000
v 142.4771 264.5316 7.0000
v 143.5665 264.8999 7.0000
v 144.6443 265.2530 7.0000
v 145.6842 265.5809 7.0000
v 146.6600 265.8734 7.0000
v 147.5543 266.1232 7.0000
v 148.3863 266.3338 7.0000
v 149.1839 266.5111 7.0000
v 149.9754 266.6614 7.0000
v 150.7888 266.7907 7.0000
v 151.6521 266.9052 7.0000
v 152.5936 267.0110 7.0000
v 153.6412 267.1141 7.0000
v 154.8122 267.2193 7.0000
v 156.0802 267.3261 7.0000
v 157.4082 267.4326 7.0000
v 158.7589 267.5368 7.0000
v 160.0950 267.6369 7.0000
v 161.3795 267.7309 7.0000
v 162.5751 267.8169 7.0000
v 163.6447 267.8930 7.0000
v 164.5600 267.9574 7.0000
v 165.3288 268.0088 7.0000
v 165.9679 268.0459 7.0000
v 166.4941 268.0673 7.0000
v 166.9242 268.0720 7.0000
v 167.2749 268.0586 7.0000
v 167.5630 268.0258 7.0000
v 167.8054 267.9725 7.0000
v 168.0168 267.8978 7.0000
v 168.2046 267.8027 7.0000
v 168.3743 267.6889 7.0000
v 168.5312 267.5579 7.0000
v 168.6809 267.4112 7.0000
v 168.8287 267.2504 7.0000
v 168.9802 267.0770 7.0000
v 169.1406 266.8925 7.0000
v 169.3139 266.6988 7.0000
v 169.4969 266.4988 7.0000
v 169.6848 266.2958 7.0000
v 169.8731 266.0929 7.0000
v 170.0568 265.8936 7.0000
v 170.2314 265.7009 7.0000
v 170.3920 265.5181 7.0000
v 170.5339 265.3485 7.0000
v 170.6537 265.1946 7.0000
v 170.7533 265.0556 7.0000
v 170.8357 264.9303 7.0000
v 170.9043 264.8173 7.0000
v 170.9620 264.7152 7.0000
v 171.0121 264.6227 7.0000
v 171.0578 264.5383 7.0000
v 171.1022 264.4607 7.0000
v 171.1480 264.3890 7.0000
v 171.1959 264.3245 7.0000
v 171.2462 264.2690 7.0000
v 171.2992 264.2241 7.0000
v 171.3552 264.1917 7.0000
v 171.4144 264.1735 7.0000
v 171.4770 264.1712 7.0000
v 171.5435 264.1866 7.0000
v 171.6138 264.2207 7.0000
v 171.6871 264.2715 7.0000
v 171.7626 264.3361 7.0000
v 171.8392 264.4116 7.0000
v 171.9161 264.4954 7.0000
v 171.9923 264.5844 7.0000
v 172.0668 264.6760 7.0000
v 172.1387 264.7673 7.0000
v 172.2077 264.8564 7.0000
v 172.2765 264.9453 7.0000
v 172.3484 265.0369 7.0000
v 172.4267 265.1341 7.0000
v 172.5149 265.2399 7.0000
v 172.6162 265.3570 7.0000
v 172.7339 265.4884 7.0000
v 172.8714 265.6371 7.0000
v 173.0307 265.8047 7.0000
v 173.2077 265.9879 7.0000
v 173.3970 266.1822 7.0000
v 173.5933 266.3829 7.0000
v 173.7911 266.5856 7.0000
v 173.9850 266.7857 7.0000
v 174.1696 266.9786 7.0000
v 174.3396 267.1598 7.0000
v 174.4913 267.3262 7.0000
v 174.6284 267.4799 7.0000
v 174.7563 267.6247 7.0000
v 174.8805 267.7643 7.0000
v 175.0064 267.9023 7.0000
v 175.1395 268.0423 7.0000
v 175.2853 268.1880 7.0000
v 175.4491 268.3431 7.0000
v 175.6354 268.5103 7.0000
v 175.8437 268.6880 7.0000
v 176.0725 268.8740 7.0000
v 176.3202 269.0658 7.0000
v 176.5854 269.2610 7.0000
v 176.8664 269.4572 7.0000
v 177.1618 269.6519 7.0000
v 177.4700 269.8428 7.0000
v 177.7893 270.0277 7.0000
v 178.1171 270.2050 7.0000
v 178.4505 270.3736 7.0000
v 178.7868 270.5322 7.0000
v 179.1231 270.6795 7.0000
v 179.4568 270.8144 7.0000
v 179.7848 270.9354 7.0000
v 180.1045 271.0415 7.0000
v 180.4145 271.1322 7.0000
v 180.7193 271.2106 7.0000
v 181.0248 271.2806 7.0000
v 181.3370 271.3462 7.0000
v 181.6619 271.4113 7.0000
v 182.0055 271.4799 7.0000
v 182.3736 271.5559 7.0000
v 182.7722 271.6433 7.0000
v 183.2061 271.7449 7.0000
v 183.6750 271.8597 7.0000
v 184.1775 271.9852 7.0000
v 184.7122 272.1193 7.0000
v 185.2775 272.2598 7.0000
v 185.8720 272.4044 7.0000
v 186.4943 272.5509 7.0000
v 187.1429 272.6969 7.0000
v 187.8171 272.8410 7.0000
v 188.5187 272.9838 7.0000
v 189.2505 273.1267 7.0000
v 190.0152 273.2712 7.0000
v 190.8153 273.4185 7.0000
v 191.6536 273.5702 7.0000
v 192.5327 273.7275 7.0000
v 193.4553 273.8918 7.0000
v 194.4238 274.0646 7.0000
v 195.4396 274.2469 7.0000
v 196.5037 274.4401 7.0000
v 197.6175 274.6451 7.0000
v 198.7820 274.8634 7.0000
v 199.9984 275.0959 7.0000
v 201.2678 275.3439 7.0000
v 202.5914 275.6086 7.0000
v 203.9661 275.8900 7.0000
v 205.3715 276.1843 7.0000
v 206.7832 276.4862 7.0000
v 208.1767 276.7906 7.0000
v 209.5273 277.0926 7.0000
v 210.8107 277.3869 7.0000
v 212.0022 277.6686 7.0000
v 213.0774 277.9325 7.0000
v 214.0194 278.1749 7.0000
v 214.8428 278.3980 7.0000
v 215.5699 278.6052 7.0000
v 216.2228 278.8001 7.0000
v 216.8239 278.9862 7.0000
v 217.3954 279.1670 7.0000
v 217.9596 279.3459 7.0000
v 218.5387 279.5266 7.0000
v 219.1507 279.7120 7.0000
v 219.7958 279.9029 7.0000
v 220.4702 280.0996 7.0000
v 221.1697 280.3026 7.0000
v 221.8904 280.5120 7.0000
v 222.6282 280.7283 7.0000
v 223.3791 280.9518 7.0000
v 224.1391 281.1827 7.0000
v 224.9037 281.4207 7.0000
v 225.6657 281.6624 7.0000
v 226.4175 281.9038 7.0000
v 227.1516 282.1408 7.0000
v 227.8601 282.3694 7.0000
v 228.5357 282.5854 7.0000
v 229.1705 282.7849 7.0000
v 229.7569 282.9637 7.0000
v 230.2929 283.1197 7.0000
v 230.7983 283.2579 7.0000
v 231.2986 283.3854 7.0000
v 231.8192 283.5091 7.0000
v 232.3855 283.6360 7.0000
v 233.0229 283.7730 7.0000
v 233.7568 283.9271 7.0000
v 234.6127 284.1052 7.0000
v 235.6056 284.3120 7.0000
v 236.7093 284.5418 7.0000
v 237.8871 284.7866 7.0000
v 239.1023 285.0384 7.0000
v 240.3183 285.2894 7.0000
v 241.4986 285.5314 7.0000
v 242.6063 285.7564 7.0000
v 243.6049 285.9565 7.0000
v 244.4681 286.1258 7.0000
v 245.2105 286.2671 7.0000
v 245.8573 286.3851 7.0000
v 246.4334 286.4847 7.0000
v 246.9639 286.5707 7.0000
v 247.4739 286.6480 7.0000
v 247.9883 286.7215 7.0000
v 248.5323 286.7960 7.0000
v 249.1255 286.8757 7.0000
v 249.7665 286.9631 7.0000
v 250.4486 287.0599 7.0000
v 251.1650 287.1678 7.0000
v 251.9088 287.2886 7.0000
v 252.6734 287.4241 7.0000
v 253.4520 287.5760 7.0000
v 254.2378 287.7462 7.0000
v 255.0245 287.9357 7.0000
v 255.8075 288.1425 7.0000
v 256.5830 288.3640 7.0000
v 257.3467 288.5975 7.0000
v 258.0946 288.8404 7.0000
v 258.8228 289.0900 7.0000
v 259.5270 289.3437 7.0000
v 260.2034 289.5987 7.0000
v 260.8517 289.8547 7.0000
v 261.4876 290.1195 7.0000
v 262.1306 290.4036 7.0000
v 262.8002 290.7171 7.0000
v 263.5161 291.0701 7.0000
v 264.2977 291.4731 7.0000
v 265.1645 291.9360 7.0000
v 266.1362 292.4693 7.0000
v 267.2232 293.0777 7.0000
v 268.4003 293.7443 7.0000
v 269.6331 294.4471 7.0000
v 270.8873 295.1638 7.0000
v 272.1287 295.8723 7.0000
v 273.3228 296.5503 7.0000
v 274.4354 297.1756 7.0000
v 275.4321 297.7261 7.0000
v 276.2875 298.1851 7.0000
v 277.0110 298.5582 7.0000
v 277.6208 298.8565 7.0000
v 278.1354 299.0913 7.0000
v 278.5729 299.2735 7.0000
v 278.9516 299.4144 7.0000
v 279.2898 299.5251 7.0000
v 279.6058 299.6167 7.0000
v 279.9148 299.6982 7.0000
v 280.2202 299.7697 7.0000
v 280.5220 299.8289 7.0000
v 280.8207 299.8737 7.0000
v 281.1164 299.9021 7.0000
v 281.4095 299.9117 7.0000
v 281.7001 299.9006 7.0000
v 281.9884 299.8666 7.0000
v 282.2747 299.8085 7.0000
v 282.5581 299.7300 7.0000
v 282.8377 299.6357 7.0000
v 283.1126 299.5303 7.0000
v 283.3818 299.4183 7.0000
v 283.6445 299.3045 7.0000
v 283.8997 299.1935 7.0000
v 284.1464 299.0900 7.0000
v 284.3842 298.9975 7.0000
v 284.6133 298.9157 7.0000
v 284.8347 298.8432 7.0000
v 285.0491 298.7786 7.0000
v 285.2572 298.7205 7.0000
v 285.4599 298.6675 7.0000
v 285.6580 298.6183 7.0000
v 285.8521 298.5714 7.0000
v 286.0428 298.5258 7.0000
v 286.2292 298.4819 7.0000
v 286.4104 298.4406 7.0000
v 286.5851 298.4028 7.0000
v 286.7524 298.3691 7.0000
v 286.9110 298.3405 7.0000
v 287.0600 298.3177 7.0000
v 287.1982 298.3016 7.0000
v 287.3249 298.2930 7.0000
v 287.4406 298.2928 7.0000
v 287.5464 298.3019 7.0000
v 287.6431 298.3212 7.0000
v 287.7316 298.3515 7.0000
v 287.8130 298.3939 7.0000
v 287.8881 298.4491 7.0000
v 287.9579 298.5181 7.0000
v 288.0233 298.6014 7.0000
v 288.0850 298.6986 7.0000
v 288.1437 298.8086 7.0000
v 288.1999 298.9306 7.0000
v 288.2545 299.0637 7.0000
v 288.3080 299.2070 7.0000
v 288.3611 299.3596 7.0000
v 288.4144 299.5205 7.0000
v 288.4689 299.6895 7.0000
v 288.5256 299.8687 7.0000
v 288.5860 300.0606 7.0000
v 288.6514 300.2678 7.0000
v 288.7233 300.4930 7.0000
v 288.8029 300.7388 7.0000
v 288.8917 301.0079 7.0000
v 288.9910 301.3027 7.0000
v 289.1018 301.6250 7.0000
v 289.2239 301.9724 7.0000
v 289.3565 302.3413 7.0000
v 289.4990 302.7283 7.0000
v 289.6507 303.1301 7.0000
v 289.8110 303.5431 7.0000
v 289.9791 303.9639 7.0000
v 290.1545 304.3891 7.0000
v 290.3362 304.8151 7.0000
v 290.5218 305.2374 7.0000
v 290.7090 305.6516 7.0000
v 290.8951 306.0529 7.0000
v 291.0776 306.4369 7.0000
v 291.2540 306.7990 7.0000
v 291.4217 307.1346 7.0000
v 291.5781 307.4391 7.0000
v 291.7215 307.7095 7.0000
v 291.8529 307.9486 7.0000
v 291.9739 308.1609 7.0000
v 292.0862 308.3506 7.0000
v 292.1916 308.5223 7.0000
v 292.2917 308.6803 7.0000
v 292.3883 308.8290 7.0000
v 292.4831 308.9728 7.0000
v 292.5782 309.1159 7.0000
v 292.6783 309.2617 7.0000
v 292.7884 309.4136 7.0000
v 292.9135 309.5749 7.0000
v 293.0587 309.7488 7.0000
v 293.2292 309.9386 7.0000
v 293.4300 310.1477 7.0000
v 293.6660 310.3792 7.0000
v 293.9410 310.6353 7.0000
v 294.2042 310.8700 7.0000
v 309.3644 313.6349 7.0000
v 309.7644 313.4741 7.0000
v 310.1696 313.3355 7.0000
v 310.5491 313.2355 7.0000
v 310.9119 313.1736 7.0000
v 311.2671 313.1494 7.0000
v 311.6237 313.1625 7.0000
v 311.9906 313.2123 7.0000
v 312.3769 313.2984 7.0000
v 312.7916 313.4205 7.0000
v 313.2413 313.5781 7.0000
v 313.7222 313.7707 7.0000
v 314.2283 313.9979 7.0000
v 314.7535 314.2592 7.0000
v 315.2915 314.5542 7.0000
v 315.3493 314.5890 7.0000
v 0.9697 100.3645 6.0000
v 2.7556 103.3800 6.0000
v 4.5356 106.8300 6.0000
v 5.8756 109.8300 6.0000
v 7.7756 114.6000 6.0000
v 10.4756 122.5400 6.0000
v 10.7356 123.9500 6.0000
v 10.9684 125.5492 6.0000
v 49.5956 210.5448 6.0000
v 50.0042 211.5645 6.0000
v 52.5798 215.0468 6.0000
v 56.4637 219.4677 6.0000
v 59.7268 222.8047 6.0000
v 66.4296 228.3986 6.0000
v 66.7422 228.7034 6.0000
v 67.4157 229.3377 6.0000
v 68.1259 229.9853 6.0000
v 68.8743 230.6469 6.0000
v 69.6612 231.3233 6.0000
v 70.4834 232.0151 6.0000
v 71.3365 232.7225 6.0000
v 72.2163 233.4461 6.0000
v 73.1185 234.1864 6.0000
v 74.0388 234.9437 6.0000
v 74.9729 235.7185 6.0000
v 75.9166 236.5114 6.0000
v 76.8658 237.3218 6.0000
v 77.8167 238.1464 6.0000
v 78.7662 238.9807 6.0000
v 79.7106 239.8203 6.0000
v 80.6467 240.6611 6.0000
v 81.5710 241.4985 6.0000
v 82.4800 242.3283 6.0000
v 83.3704 243.1462 6.0000
v 84.2392 243.9478 6.0000
v 85.0851 244.7297 6.0000
v 85.9076 245.4882 6.0000
v 86.7057 246.2200 6.0000
v 87.4789 246.9215 6.0000
v 88.2264 247.5893 6.0000
v 88.9474 248.2199 6.0000
v 89.6413 248.8097 6.0000
v 90.3077 249.3566 6.0000
v 90.9482 249.8636 6.0000
v 91.5647 250.3350 6.0000
v 92.1592 250.7749 6.0000
v 92.7337 251.1878 6.0000
v 93.2902 251.5779 6.0000
v 93.8306 251.9494 6.0000
v 94.3569 252.3067 6.0000
v 94.8706 252.6530 6.0000
v 95.3710 252.9877 6.0000
v 95.8567 253.3091 6.0000
v 96.3265 253.6155 6.0000
v 96.7792 253.9054 6.0000
v 97.2136 254.1770 6.0000
v 97.6283 254.4287 6.0000
v 98.0221 254.6590 6.0000
v 98.3949 254.8667 6.0000
v 98.7504 255.0540 6.0000
v 99.0938 255.2236 6.0000
v 99.4300 255.3783 6.0000
v 99.7639 255.5207 6.0000
v 100.1005 255.6537 6.0000
v 100.4448 255.7800 6.0000
v 100.8018 255.9023 6.0000
v 101.1754 256.0229 6.0000
v 101.5660 256.1417 6.0000
v 101.9730 256.2584 6.0000
v 102.3955 256.3724 6.0000
v 102.8330 256.4833 6.0000
v 103.2849 256.5905 6.0000
v 103.7504 256.6936 6.0000
v 104.2289 256.7921 6.0000
v 104.7191 256.8857 6.0000
v 105.2177 256.9743 6.0000
v 105.7206 257.0581 6.0000
v 106.2239 257.1373 6.0000
v 106.7236 257.2121 6.0000
v 107.2158 257.2826 6.0000
v 107.6964 257.3490 6.0000
v 108.1614 257.4114 6.0000
v 108.6089 257.4702 6.0000
v 109.0446 257.5262 6.0000
v 109.4764 257.5804 6.0000
v 109.9120 257.6340 6.0000
v 110.3591 257.6879 6.0000
v 110.8256 257.7432 6.0000
v 111.3192 257.8009 6.0000
v 111.8478 257.8620 6.0000
v 112.4205 257.9284 6.0000
v 113.0526 258.0056 6.0000
v 113.7608 258.0996 6.0000
v 114.5618 258.2167 6.0000
v 115.4724 258.3631 6.0000
v 116.5092 258.5451 6.0000
v 117.6890 258.7688 6.0000
v 119.0285 259.0403 6.0000
v 120.5330 259.3629 6.0000
v 122.1621 259.7265 6.0000
v 123.8637 260.1182 6.0000
v 125.5861 260.5248 6.0000
v 127.2772 260.9335 6.0000
v 128.8854 261.3310 6.0000
v 130.3585 261.7044 6.0000
v 131.6448 262.0407 6.0000
v 132.7090 262.3309 6.0000
v 133.5823 262.5834 6.0000
v 134.3127 262.8106 6.0000
v 134.9480 263.0249 6.0000
v 135.5361 263.2388 6.0000
v 136.1249 263.4647 6.0000
v 136.7624 263.7150 6.0000
v 137.4964 264.0022 6.0000
v 138.3623 264.3347 6.0000
v 139.3450 264.7043 6.0000
v 140.4168 265.0989 6.0000
v 141.5503 265.5061 6.0000
v 142.7177 265.9138 6.0000
v 143.8914 266.3097 6.0000
v 145.0439 266.6816 6.0000
v 146.1476 267.0174 6.0000
v 147.1835 267.3077 6.0000
v 148.1680 267.5554 6.0000
v 149.1263 267.7663 6.0000
v 150.0835 267.9460 6.0000
v 151.0647 268.1004 6.0000
v 152.0951 268.2354 6.0000
v 153.1998 268.3565 6.0000
v 154.4039 268.4697 6.0000
v 155.7216 268.5796 6.0000
v 157.1234 268.6861 6.0000
v 158.5690 268.7881 6.0000
v 160.0179 268.8846 6.0000
v 161.4297 268.9742 6.0000
v 162.7640 269.0560 6.0000
v 163.9804 269.1287 6.0000
v 165.0385 269.1912 6.0000
v 165.9087 269.2422 6.0000
v 166.6046 269.2800 6.0000
v 167.1506 269.3026 6.0000
v 167.5713 269.3081 6.0000
v 167.8910 269.2946 6.0000
v 168.1342 269.2601 6.0000
v 168.3254 269.2028 6.0000
v 168.4889 269.1207 6.0000
v 168.6454 269.0127 6.0000
v 168.7999 268.8810 6.0000
v 168.9534 268.7288 6.0000
v 169.1073 268.5590 6.0000
v 169.2625 268.3747 6.0000
v 169.4203 268.1789 6.0000
v 169.5817 267.9747 6.0000
v 169.7479 267.7651 6.0000
v 169.9194 267.5532 6.0000
v 170.0933 267.3419 6.0000
v 170.2662 267.1342 6.0000
v 170.4347 266.9332 6.0000
v 170.5953 266.7418 6.0000
v 170.7445 266.5630 6.0000
v 170.8788 266.3998 6.0000
v 170.9949 266.2551 6.0000
v 171.0902 266.1312 6.0000
v 171.1666 266.0264 6.0000
v 171.2269 265.9384 6.0000
v 171.2740 265.8649 6.0000
v 171.3106 265.8036 6.0000
v 171.3397 265.7520 6.0000
v 171.3640 265.7079 6.0000
v 171.3864 265.6688 6.0000
v 171.4093 265.6330 6.0000
v 171.4332 265.6007 6.0000
v 171.4584 265.5729 6.0000
v 171.4849 265.5505 6.0000
v 171.5129 265.5343 6.0000
v 171.5425 265.5252 6.0000
v 171.5738 265.5240 6.0000
v 171.6070 265.5318 6.0000
v 171.6421 265.5488 6.0000
v 171.6788 265.5742 6.0000
v 171.7166 265.6065 6.0000
v 171.7549 265.6443 6.0000
v 171.7933 265.6861 6.0000
v 171.8314 265.7307 6.0000
v 171.8687 265.7765 6.0000
v 171.9046 265.8221 6.0000
v 171.9394 265.8670 6.0000
v 171.9759 265.9138 6.0000
v 172.0174 265.9658 6.0000
v 172.0675 266.0266 6.0000
v 172.1295 266.0996 6.0000
v 172.2068 266.1881 6.0000
v 172.3030 266.2957 6.0000
v 172.4215 266.4257 6.0000
v 172.5642 266.5803 6.0000
v 172.7274 266.7559 6.0000
v 172.9059 266.9478 6.0000
v 173.0945 267.1512 6.0000
v 173.2882 267.3612 6.0000
v 173.4816 267.5730 6.0000
v 173.6696 267.7818 6.0000
v 173.8470 267.9829 6.0000
v 174.0101 268.1726 6.0000
v 174.1612 268.3522 6.0000
v 174.3041 268.5244 6.0000
v 174.4424 268.6918 6.0000
v 174.5800 268.8568 6.0000
v 174.7206 269.0221 6.0000
v 174.8679 269.1902 6.0000
v 175.0258 269.3638 6.0000
v 175.1973 269.5447 6.0000
v 175.3834 269.7319 6.0000
v 175.5844 269.9239 6.0000
v 175.8007 270.1189 6.0000
v 176.0326 270.3154 6.0000
v 176.2805 270.5117 6.0000
v 176.5446 270.7062 6.0000
v 176.8254 270.8972 6.0000
v 177.1228 271.0832 6.0000
v 177.4351 271.2628 6.0000
v 177.7603 271.4347 6.0000
v 178.0961 271.5976 6.0000
v 178.4407 271.7501 6.0000
v 178.7918 271.8911 6.0000
v 179.1474 272.0191 6.0000
v 179.5054 272.1329 6.0000
v 179.8647 272.2321 6.0000
v 180.2276 272.3197 6.0000
v 180.5974 272.3999 6.0000
v 180.9774 272.4765 6.0000
v 181.3709 272.5537 6.0000
v 181.7811 272.6353 6.0000
v 182.2114 272.7255 6.0000
v 182.6651 272.8282 6.0000
v 183.1447 272.9463 6.0000
v 183.6504 273.0780 6.0000
v 184.1815 273.2204 6.0000
v 184.7374 273.3706 6.0000
v 185.3175 273.5257 6.0000
v 185.9212 273.6828 6.0000
v 186.5480 273.8390 6.0000
v 187.1971 273.9914 6.0000
v 187.8688 274.1379 6.0000
v 188.5665 274.2805 6.0000
v 189.2941 274.4218 6.0000
v 190.0559 274.5645 6.0000
v 190.8559 274.7114 6.0000
v 191.6983 274.8653 6.0000
v 192.5872 275.0288 6.0000
v 193.5267 275.2046 6.0000
v 194.5203 275.3952 6.0000
v 195.5697 275.6010 6.0000
v 196.6758 275.8222 6.0000
v 197.8395 276.0589 6.0000
v 199.0620 276.3114 6.0000
v 200.3442 276.5798 6.0000
v 201.6872 276.8641 6.0000
v 203.0918 277.1647 6.0000
v 204.5540 277.4804 6.0000
v 206.0481 277.8059 6.0000
v 207.5435 278.1344 6.0000
v 209.0095 278.4594 6.0000
v 210.4154 278.7743 6.0000
v 211.7304 279.0724 6.0000
v 212.9238 279.3470 6.0000
v 213.9649 279.5917 6.0000
v 214.8334 279.8019 6.0000
v 215.5505 279.9817 6.0000
v 216.1479 280.1374 6.0000
v 216.6574 280.2752 6.0000
v 217.1105 280.4015 6.0000
v 217.5391 280.5224 6.0000
v 217.9746 280.6442 6.0000
v 218.4489 280.7733 6.0000
v 218.9870 280.9148 6.0000
v 219.5883 281.0698 6.0000
v 220.2453 281.2385 6.0000
v 220.9509 281.4209 6.0000
v 221.6975 281.6172 6.0000
v 222.4780 281.8275 6.0000
v 223.2851 282.0518 6.0000
v 224.1114 282.2902 6.0000
v 224.9487 282.5419 6.0000
v 225.7853 282.8019 6.0000
v 226.6086 283.0642 6.0000
v 227.4059 283.3228 6.0000
v 228.1646 283.5718 6.0000
v 228.8720 283.8051 6.0000
v 229.5155 284.0168 6.0000
v 230.0825 284.2010 6.0000
v 230.5684 284.3542 6.0000
v 231.0007 284.4834 6.0000
v 231.4149 284.5980 6.0000
v 231.8466 284.7078 6.0000
v 232.3313 284.8221 6.0000
v 232.9046 284.9504 6.0000
v 233.6020 285.1025 6.0000
v 234.4591 285.2876 6.0000
v 235.4973 285.5121 6.0000
v 236.6821 285.7685 6.0000
v 237.9647 286.0459 6.0000
v 239.2964 286.3337 6.0000
v 240.6285 286.6210 6.0000
v 241.9123 286.8971 6.0000
v 243.0991 287.1511 6.0000
v 244.1402 287.3722 6.0000
v 245.0008 287.5526 6.0000
v 245.7016 287.6955 6.0000
v 246.2772 287.8072 6.0000
v 246.7623 287.8938 6.0000
v 247.1914 287.9615 6.0000
v 247.5993 288.0165 6.0000
v 248.0204 288.0650 6.0000
v 248.4894 288.1132 6.0000
v 249.0333 288.1666 6.0000
v 249.6482 288.2273 6.0000
v 250.3228 288.2970 6.0000
v 251.0455 288.3771 6.0000
v 251.8048 288.4694 6.0000
v 252.5894 288.5752 6.0000
v 253.3877 288.6961 6.0000
v 254.1883 288.8337 6.0000
v 254.9812 288.9889 6.0000
v 255.7622 289.1605 6.0000
v 256.5286 289.3465 6.0000
v 257.2779 289.5451 6.0000
v 258.0073 289.7543 6.0000
v 258.7141 289.9723 6.0000
v 259.3957 290.1972 6.0000
v 260.0494 290.4271 6.0000
v 260.6769 290.6625 6.0000
v 261.2978 290.9139 6.0000
v 261.9360 291.1939 6.0000
v 262.6155 291.5154 6.0000
v 263.3601 291.8910 6.0000
v 264.1939 292.3337 6.0000
v 265.1408 292.8562 6.0000
v 266.2248 293.4712 6.0000
v 267.4578 294.1844 6.0000
v 268.8038 294.9729 6.0000
v 270.2149 295.8067 6.0000
v 271.6433 296.6559 6.0000
v 273.0409 297.4903 6.0000
v 274.3599 298.2800 6.0000
v 275.5522 298.9950 6.0000
v 276.5701 299.6052 6.0000
v 277.3785 300.0888 6.0000
v 277.9946 300.4556 6.0000
v 278.4485 300.7239 6.0000
v 278.7704 300.9116 6.0000
v 278.9904 301.0369 6.0000
v 279.1387 301.1178 6.0000
v 279.2453 301.1725 6.0000
v 279.3406 301.2189 6.0000
v 279.4488 301.2718 6.0000
v 279.5720 301.3326 6.0000
v 279.7064 301.3994 6.0000
v 279.8482 301.4701 6.0000
v 279.9937 301.5428 6.0000
v 280.1392 301.6156 6.0000
v 280.2808 301.6864 6.0000
v 280.4150 301.7534 6.0000
v 280.5388 301.8148 6.0000
v 280.6539 301.8704 6.0000
v 280.7627 301.9198 6.0000
v 280.8676 301.9631 6.0000
v 280.9713 302.0002 6.0000
v 281.0762 302.0308 6.0000
v 281.1848 302.0550 6.0000
v 281.2996 302.0726 6.0000
v 281.4223 302.0835 6.0000
v 281.5515 302.0877 6.0000
v 281.6849 302.0851 6.0000
v 281.8203 302.0756 6.0000
v 281.9555 302.0592 6.0000
v 282.0883 302.0358 6.0000
v 282.2163 302.0054 6.0000
v 282.3375 301.9679 6.0000
v 282.4504 301.9231 6.0000
v 282.5574 301.8702 6.0000
v 282.6616 301.8082 6.0000
v 282.7664 301.7359 6.0000
v 282.8748 301.6526 6.0000
v 282.9902 301.5570 6.0000
v 283.1156 301.4483 6.0000
v 283.2545 301.3255 6.0000
v 283.4090 301.1882 6.0000
v 283.5783 301.0394 6.0000
v 283.7605 300.8826 6.0000
v 283.9538 300.7214 6.0000
v 284.1564 300.5594 6.0000
v 284.3663 300.4002 6.0000
v 284.5819 300.2475 6.0000
v 284.8013 300.1048 6.0000
v 285.0226 299.9749 6.0000
v 285.2433 299.8579 6.0000
v 285.4612 299.7530 6.0000
v 285.6737 299.6594 6.0000
v 285.8784 299.5763 6.0000
v 286.0729 299.5031 6.0000
v 286.2548 299.4388 6.0000
v 286.4215 299.3828 6.0000
v 286.5713 299.3348 6.0000
v 286.7051 299.2960 6.0000
v 286.8245 299.2684 6.0000
v 286.9308 299.2537 6.0000
v 287.0258 299.2538 6.0000
v 287.1108 299.2705 6.0000
v 287.1875 299.3056 6.0000
v 287.2574 299.3609 6.0000
v 287.3221 299.4382 6.0000
v 287.3837 299.5390 6.0000
v 287.4446 299.6649 6.0000
v 287.5069 299.8173 6.0000
v 287.5731 299.9977 6.0000
v 287.6452 300.2077 6.0000
v 287.7257 300.4487 6.0000
v 287.8167 300.7222 6.0000
v 287.9197 301.0284 6.0000
v 288.0327 301.3622 6.0000
v 288.1529 301.7174 6.0000
v 288.2773 302.0875 6.0000
v 288.4033 302.4661 6.0000
v 288.5278 302.8469 6.0000
v 288.6482 303.2236 6.0000
v 288.7616 303.5897 6.0000
v 288.8657 303.9403 6.0000
v 288.9613 304.2754 6.0000
v 289.0495 304.5965 6.0000
v 289.1318 304.9052 6.0000
v 289.2094 305.2029 6.0000
v 289.2835 305.4910 6.0000
v 289.3555 305.7711 6.0000
v 289.4267 306.0446 6.0000
v 289.4983 306.3127 6.0000
v 289.5714 306.5761 6.0000
v 289.6470 306.8348 6.0000
v 289.7261 307.0891 6.0000
v 289.8098 307.3393 6.0000
v 289.8990 307.5857 6.0000
v 289.9949 307.8284 6.0000
v 290.0983 308.0678 6.0000
v 290.2102 308.3040 6.0000
v 290.3301 308.5369 6.0000
v 290.4574 308.7664 6.0000
v 290.5916 308.9923 6.0000
v 290.7322 309.2145 6.0000
v 290.8784 309.4328 6.0000
v 291.0297 309.6471 6.0000
v 291.1856 309.8572 6.0000
v 291.3460 310.0635 6.0000
v 291.5132 310.2679 6.0000
v 291.6268 310.3996 6.0000
v 310.5707 313.8272 6.0000
v 310.5890 313.8207 6.0000
v 310.9615 313.7281 6.0000
v 311.3222 313.6791 6.0000
v 311.6799 313.6718 6.0000
v 312.0437 313.7044 6.0000
v 312.4223 313.7749 6.0000
v 312.8247 313.8814 6.0000
v 313.2573 314.0224 6.0000
v 313.7166 314.1970 6.0000
v 314.1966 314.4050 6.0000
v 314.1973 314.4054 6.0000
v 48.4872 215.2671 3.0000
v 51.6124 220.0587 3.0000
v 57.3810 227.6058 3.0000
v 62.0222 231.1877 3.0000
v 62.4683 231.5814 3.0000
v 63.1127 232.1393 3.0000
v 63.7773 232.7080 3.0000
v 64.4598 233.2891 3.0000
v 65.1580 233.8843 3.0000
v 65.8691 234.4945 3.0000
v 66.5886 235.1179 3.0000
v 67.3116 235.7522 3.0000
v 68.0333 236.3947 3.0000
v 68.7487 237.0431 3.0000
v 69.4528 237.6949 3.0000
v 70.1408 238.3475 3.0000
v 70.8077 238.9986 3.0000
v 71.4511 239.6464 3.0000
v 72.0784 240.2929 3.0000
v 72.6992 240.9408 3.0000
v 73.3235 241.5928 3.0000
v 73.9611 242.2516 3.0000
v 74.6217 242.9200 3.0000
v 75.3152 243.6006 3.0000
v 76.0513 244.2963 3.0000
v 76.8365 245.0084 3.0000
v 77.6631 245.7330 3.0000
v 78.5202 246.4648 3.0000
v 79.3968 247.1988 3.0000
v 80.2818 247.9295 3.0000
v 81.1642 248.6519 3.0000
v 82.0330 249.3606 3.0000
v 82.8773 250.0506 3.0000
v 83.6883 250.7171 3.0000
v 84.4672 251.3583 3.0000
v 85.2173 251.9729 3.0000
v 85.9421 252.5598 3.0000
v 86.6451 253.1176 3.0000
v 87.3296 253.6451 3.0000
v 87.9992 254.1411 3.0000
v 88.6572 254.6043 3.0000
v 89.3076 255.0345 3.0000
v 89.9562 255.4355 3.0000
v 90.6091 255.8120 3.0000
v 91.2728 256.1690 3.0000
v 91.9534 256.5111 3.0000
v 92.6572 256.8432 3.0000
v 93.3904 257.1701 3.0000
v 94.1594 257.4965 3.0000
v 94.9681 257.8261 3.0000
v 95.8109 258.1575 3.0000
v 96.6801 258.4881 3.0000
v 97.5678 258.8154 3.0000
v 98.4662 259.1366 3.0000
v 99.3676 259.4493 3.0000
v 100.2641 259.7508 3.0000
v 101.1479 260.0387 3.0000
v 102.0130 260.3106 3.0000
v 102.8610 260.5665 3.0000
v 103.6955 260.8067 3.0000
v 104.5197 261.0313 3.0000
v 105.3372 261.2406 3.0000
v 106.1515 261.4349 3.0000
v 106.9660 261.6145 3.0000
v 107.7841 261.7796 3.0000
v 108.6089 261.9310 3.0000
v 109.4423 262.0716 3.0000
v 110.2855 262.2049 3.0000
v 111.1400 262.3343 3.0000
v 112.0072 262.4632 3.0000
v 112.8884 262.5950 3.0000
v 113.7852 262.7331 3.0000
v 114.6987 262.8811 3.0000
v 115.6300 263.0419 3.0000
v 116.5776 263.2170 3.0000
v 117.5394 263.4075 3.0000
v 118.5134 263.6144 3.0000
v 119.4977 263.8389 3.0000
v 120.4902 264.0820 3.0000
v 121.4890 264.3449 3.0000
v 122.4920 264.6285 3.0000
v 123.4961 264.9327 3.0000
v 124.4936 265.2516 3.0000
v 125.4757 265.5783 3.0000
v 126.4338 265.9055 3.0000
v 127.3588 266.2262 3.0000
v 128.2421 266.5333 3.0000
v 129.0749 266.8197 3.0000
v 129.8483 267.0783 3.0000
v 130.5581 267.3044 3.0000
v 131.2172 267.5028 3.0000
v 131.8432 267.6804 3.0000
v 132.4536 267.8446 3.0000
v 133.0660 268.0025 3.0000
v 133.6978 268.1610 3.0000
v 134.3666 268.3275 3.0000
v 135.0898 268.5091 3.0000
v 135.8787 268.7107 3.0000
v 136.7186 268.9293 3.0000
v 137.5887 269.1598 3.0000
v 138.4679 269.3969 3.0000
v 139.3353 269.6354 3.0000
v 140.1700 269.8703 3.0000
v 140.9511 270.0963 3.0000
v 141.6576 270.3082 3.0000
v 142.2738 270.5021 3.0000
v 142.8049 270.6788 3.0000
v 143.2614 270.8406 3.0000
v 143.6538 270.9896 3.0000
v 143.9925 271.1277 3.0000
v 144.2881 271.2573 3.0000
v 144.5510 271.3803 3.0000
v 144.7917 271.4990 3.0000
v 145.0192 271.6150 3.0000
v 145.2360 271.7290 3.0000
v 145.4436 271.8410 3.0000
v 145.6429 271.9513 3.0000
v 145.8353 272.0600 3.0000
v 146.0220 272.1672 3.0000
v 146.2040 272.2731 3.0000
v 146.3826 272.3780 3.0000
v 146.5587 272.4817 3.0000
v 146.7315 272.5837 3.0000
v 146.9000 272.6830 3.0000
v 147.0631 272.7790 3.0000
v 147.2197 272.8707 3.0000
v 147.3689 272.9574 3.0000
v 147.5095 273.0381 3.0000
v 147.6404 273.1121 3.0000
v 147.7613 273.1791 3.0000
v 147.8740 273.2403 3.0000
v 147.9811 273.2975 3.0000
v 148.0852 273.3527 3.0000
v 148.1889 273.4075 3.0000
v 148.2946 273.4638 3.0000
v 148.4050 273.5234 3.0000
v 148.5225 273.5882 3.0000
v 148.6491 273.6594 3.0000
v 148.7841 273.7368 3.0000
v 148.9260 273.8197 3.0000
v 149.0734 273.9075 3.0000
v 149.2249 273.9993 3.0000
v 149.3790 274.0945 3.0000
v 149.5345 274.1923 3.0000
v 149.6897 274.2921 3.0000
v 149.8437 274.3933 3.0000
v 149.9966 274.4954 3.0000
v 150.1487 274.5983 3.0000
v 150.3006 274.7015 3.0000
v 150.4526 274.8050 3.0000
v 150.6052 274.9083 3.0000
v 150.7588 275.0112 3.0000
v 150.9139 275.1135 3.0000
v 151.0707 275.2146 3.0000
v 151.2285 275.3137 3.0000
v 151.3864 275.4096 3.0000
v 151.5436 275.5011 3.0000
v 151.6993 275.5871 3.0000
v 151.8525 275.6664 3.0000
v 152.0025 275.7380 3.0000
v 152.1482 275.8007 3.0000
v 152.2893 275.8535 3.0000
v 152.4265 275.8965 3.0000
v 152.5610 275.9300 3.0000
v 152.6941 275.9541 3.0000
v 152.8268 275.9690 3.0000
v 152.9604 275.9751 3.0000
v 153.0961 275.9726 3.0000
v 153.2349 275.9616 3.0000
v 153.3784 275.9422 3.0000
v 153.5288 275.9134 3.0000
v 153.6886 275.8737 3.0000
v 153.8603 275.8221 3.0000
v 154.0465 275.7571 3.0000
v 154.2496 275.6774 3.0000
v 154.4721 275.5818 3.0000
v 154.7165 275.4690 3.0000
v 154.9835 275.3388 3.0000
v 155.2664 275.1954 3.0000
v 155.5565 275.0443 3.0000
v 155.8454 274.8908 3.0000
v 156.1243 274.7402 3.0000
v 156.3847 274.5980 3.0000
v 156.6181 274.4696 3.0000
v 156.8158 274.3603 3.0000
v 156.9740 274.2740 3.0000
v 157.1080 274.2086 3.0000
v 157.2380 274.1607 3.0000
v 157.3839 274.1268 3.0000
v 157.5658 274.1033 3.0000
v 157.8039 274.0867 3.0000
v 158.1181 274.0735 3.0000
v 158.5286 274.0601 3.0000
v 159.0487 274.0436 3.0000
v 159.6647 274.0226 3.0000
v 160.3562 273.9962 3.0000
v 161.1029 273.9638 3.0000
v 161.8843 273.9245 3.0000
v 162.6800 273.8774 3.0000
v 163.4696 273.8217 3.0000
v 164.2328 273.7566 3.0000
v 164.9529 273.6813 3.0000
v 165.6286 273.5955 3.0000
v 166.2626 273.4987 3.0000
v 166.8573 273.3906 3.0000
v 167.4154 273.2708 3.0000
v 167.9393 273.1390 3.0000
v 168.4317 272.9947 3.0000
v 168.8950 272.8376 3.0000
v 169.3315 272.6688 3.0000
v 169.7428 272.4949 3.0000
v 170.1299 272.3239 3.0000
v 170.4939 272.1640 3.0000
v 170.8360 272.0231 3.0000
v 171.1575 271.9093 3.0000
v 171.4593 271.8307 3.0000
v 171.7427 271.7953 3.0000
v 172.0088 271.8086 3.0000
v 172.2584 271.8660 3.0000
v 172.4925 271.9602 3.0000
v 172.7119 272.0840 3.0000
v 172.9174 272.2301 3.0000
v 173.1100 272.3914 3.0000
v 173.2903 272.5605 3.0000
v 173.4594 272.7303 3.0000
v 173.6183 272.8949 3.0000
v 173.7684 273.0535 3.0000
v 173.9116 273.2069 3.0000
v 174.0495 273.3559 3.0000
v 174.1840 273.5010 3.0000
v 174.3167 273.6430 3.0000
v 174.4495 273.7826 3.0000
v 174.5839 273.9205 3.0000
v 174.7231 274.0575 3.0000
v 174.8752 274.1954 3.0000
v 175.0494 274.3361 3.0000
v 175.2552 274.4815 3.0000
v 175.5019 274.6336 3.0000
v 175.7988 274.7942 3.0000
v 176.1555 274.9654 3.0000
v 176.5811 275.1490 3.0000
v 177.0826 275.3464 3.0000
v 177.6566 275.5577 3.0000
v 178.2970 275.7823 3.0000
v 178.9981 276.0197 3.0000
v 179.7538 276.2693 3.0000
v 180.5583 276.5305 3.0000
v 181.4055 276.8030 3.0000
v 182.2897 277.0861 3.0000
v 183.2052 277.3791 3.0000
v 184.1478 277.6799 3.0000
v 185.1140 277.9862 3.0000
v 186.0998 278.2958 3.0000
v 187.1016 278.6064 3.0000
v 188.1155 278.9156 3.0000
v 189.1379 279.2212 3.0000
v 190.1650 279.5210 3.0000
v 191.1946 279.8129 3.0000
v 192.2308 280.0965 3.0000
v 193.2794 280.3719 3.0000
v 194.3460 280.6389 3.0000
v 195.4365 280.8976 3.0000
v 196.5564 281.1478 3.0000
v 197.7115 281.3895 3.0000
v 198.9075 281.6227 3.0000
v 200.1472 281.8477 3.0000
v 201.4210 282.0659 3.0000
v 202.7164 282.2793 3.0000
v 204.0212 282.4898 3.0000
v 205.3226 282.6992 3.0000
v 206.6084 282.9094 3.0000
v 207.8660 283.1222 3.0000
v 209.0830 283.3396 3.0000
v 210.2505 283.5635 3.0000
v 211.3744 283.7958 3.0000
v 212.4640 284.0387 3.0000
v 213.5288 284.2941 3.0000
v 214.5784 284.5643 3.0000
v 215.6220 284.8512 3.0000
v 216.6691 285.1568 3.0000
v 217.7293 285.4834 3.0000
v 218.8089 285.8312 3.0000
v 219.9024 286.1944 3.0000
v 221.0012 286.5655 3.0000
v 222.0968 286.9369 3.0000
v 223.1807 287.3010 3.0000
v 224.2444 287.6504 3.0000
v 225.2792 287.9775 3.0000
v 226.2767 288.2747 3.0000
v 227.2315 288.5366 3.0000
v 228.1506 288.7656 3.0000
v 229.0442 288.9663 3.0000
v 229.9225 289.1431 3.0000
v 230.7958 289.3006 3.0000
v 231.6742 289.4433 3.0000
v 232.5680 289.5757 3.0000
v 233.4873 289.7024 3.0000
v 234.4391 289.8270 3.0000
v 235.4170 289.9497 3.0000
v 236.4114 290.0701 3.0000
v 237.4127 290.1877 3.0000
v 238.4112 290.3018 3.0000
v 239.3972 290.4119 3.0000
v 240.3612 290.5175 3.0000
v 241.2935 290.6181 3.0000
v 242.1873 290.7133 3.0000
v 243.0470 290.8041 3.0000
v 243.8801 290.8916 3.0000
v 244.6938 290.9768 3.0000
v 245.4955 291.0611 3.0000
v 246.2924 291.1455 3.0000
v 247.0919 291.2312 3.0000
v 247.9014 291.3193 3.0000
v 248.7255 291.4106 3.0000
v 249.5581 291.5046 3.0000
v 250.3904 291.6004 3.0000
v 251.2137 291.6971 3.0000
v 252.0192 291.7939 3.0000
v 252.7981 291.8899 3.0000
v 253.5418 291.9841 3.0000
v 254.2414 292.0758 3.0000
v 254.8907 292.1645 3.0000
v 255.4931 292.2515 3.0000
v 256.0548 292.3387 3.0000
v 256.5817 292.4278 3.0000
v 257.0798 292.5207 3.0000
v 257.5552 292.6192 3.0000
v 258.0139 292.7250 3.0000
v 258.4618 292.8400 3.0000
v 258.9042 292.9656 3.0000
v 259.3424 293.1014 3.0000
v 259.7770 293.2468 3.0000
v 260.2085 293.4011 3.0000
v 260.6374 293.5636 3.0000
v 261.0643 293.7335 3.0000
v 261.4897 293.9102 3.0000
v 261.9142 294.0930 3.0000
v 262.3394 294.2820 3.0000
v 262.7714 294.4812 3.0000
v 263.2175 294.6952 3.0000
v 263.6850 294.9289 3.0000
v 264.1812 295.1869 3.0000
v 264.7132 295.4740 3.0000
v 265.2884 295.7949 3.0000
v 265.9140 296.1545 3.0000
v 266.5944 296.5554 3.0000
v 267.3222 296.9923 3.0000
v 268.0870 297.4582 3.0000
v 268.8785 297.9456 3.0000
v 269.6864 298.4474 3.0000
v 270.5004 298.9563 3.0000
v 271.3102 299.4650 3.0000
v 272.1054 299.9663 3.0000
v 272.8770 300.4538 3.0000
v 273.6217 300.9247 3.0000
v 274.3373 301.3768 3.0000
v 275.0217 301.8080 3.0000
v 275.6728 302.2165 3.0000
v 276.2885 302.6000 3.0000
v 276.8668 302.9565 3.0000
v 277.4056 303.2840 3.0000
v 277.9032 303.5810 3.0000
v 278.3608 303.8486 3.0000
v 278.7799 304.0885 3.0000
v 279.1620 304.3024 3.0000
v 279.5087 304.4918 3.0000
v 279.8215 304.6585 3.0000
v 280.1021 304.8042 3.0000
v 280.3519 304.9304 3.0000
v 280.5730 305.0390 3.0000
v 280.7688 305.1314 3.0000
v 280.9431 305.2092 3.0000
v 281.0998 305.2741 3.0000
v 281.2427 305.3276 3.0000
v 281.3758 305.3712 3.0000
v 281.5027 305.4066 3.0000
v 281.6274 305.4353 3.0000
v 281.7533 305.4583 3.0000
v 281.8821 305.4744 3.0000
v 282.0149 305.4817 3.0000
v 282.1530 305.4784 3.0000
v 282.2976 305.4627 3.0000
v 282.4499 305.4328 3.0000
v 282.6111 305.3867 3.0000
v 282.7825 305.3227 3.0000
v 282.9646 305.2399 3.0000
v 283.1556 305.1413 3.0000
v 283.3530 305.0308 3.0000
v 283.5541 304.9125 3.0000
v 283.7565 304.7903 3.0000
v 283.9578 304.6681 3.0000
v 284.1552 304.5499 3.0000
v 284.3464 304.4397 3.0000
v 284.5291 304.3413 3.0000
v 284.7023 304.2577 3.0000
v 284.8653 304.1919 3.0000
v 285.0175 304.1468 3.0000
v 285.1580 304.1253 3.0000
v 285.2863 304.1303 3.0000
v 285.4015 304.1648 3.0000
v 285.5031 304.2317 3.0000
v 285.5908 304.3328 3.0000
v 285.6664 304.4655 3.0000
v 285.7321 304.6262 3.0000
v 285.7902 304.8112 3.0000
v 285.8430 305.0169 3.0000
v 285.8927 305.2395 3.0000
v 285.9415 305.4755 3.0000
v 285.9918 305.7212 3.0000
v 286.0456 305.9737 3.0000
v 286.1041 306.2335 3.0000
v 286.1682 306.5020 3.0000
v 286.2389 306.7804 3.0000
v 286.3171 307.0701 3.0000
v 286.4039 307.3724 3.0000
v 286.5001 307.6886 3.0000
v 286.6067 308.0200 3.0000
v 286.7247 308.3672 3.0000
v 286.8547 308.7279 3.0000
v 286.9971 309.0989 3.0000
v 287.1527 309.4773 3.0000
v 287.2035 309.5923 3.0000
v 47.6587 216.4045 2.0000
v 48.7750 218.6219 2.0000
v 51.3156 223.3865 2.0000
v 54.5403 227.6825 2.0000
v 58.0459 230.8575 2.0000
v 94.4389 260.5515 2.0000
v 94.5910 260.6069 2.0000
v 95.3486 260.8809 2.0000
v 96.1247 261.1614 2.0000
v 96.9216 261.4512 2.0000
v 97.7414 261.7529 2.0000
v 98.5866 262.0691 2.0000
v 99.4596 262.4011 2.0000
v 100.3627 262.7438 2.0000
v 101.2988 263.0909 2.0000
v 102.2703 263.4357 2.0000
v 103.2798 263.7718 2.0000
v 104.3301 264.0927 2.0000
v 105.4236 264.3920 2.0000
v 106.5629 264.6630 2.0000
v 107.7485 264.9020 2.0000
v 108.9716 265.1151 2.0000
v 110.2213 265.3114 2.0000
v 111.4865 265.4996 2.0000
v 112.7562 265.6886 2.0000
v 114.0196 265.8874 2.0000
v 115.2657 266.1047 2.0000
v 116.4834 266.3495 2.0000
v 117.6649 266.6284 2.0000
v 118.8143 266.9386 2.0000
v 119.9391 267.2752 2.0000
v 121.0463 267.6332 2.0000
v 122.1434 268.0077 2.0000
v 123.2375 268.3937 2.0000
v 124.3360 268.7861 2.0000
v 125.4462 269.1800 2.0000
v 126.5729 269.5704 2.0000
v 127.7114 269.9520 2.0000
v 128.8545 270.3194 2.0000
v 129.9952 270.6672 2.0000
v 131.1263 270.9900 2.0000
v 132.2407 271.2826 2.0000
v 133.3312 271.5394 2.0000
v 134.3907 271.7551 2.0000
v 135.4135 271.9270 2.0000
v 136.3994 272.0624 2.0000
v 137.3493 272.1714 2.0000
v 138.2646 272.2639 2.0000
v 139.1463 272.3499 2.0000
v 139.9956 272.4395 2.0000
v 140.8136 272.5426 2.0000
v 141.6013 272.6692 2.0000
v 142.3592 272.8270 2.0000
v 143.0840 273.0141 2.0000
v 143.7717 273.2262 2.0000
v 144.4182 273.4592 2.0000
v 145.0194 273.7088 2.0000
v 145.5714 273.9709 2.0000
v 146.0701 274.2411 2.0000
v 146.5114 274.5153 2.0000
v 146.8941 274.7901 2.0000
v 147.2283 275.0651 2.0000
v 147.5271 275.3411 2.0000
v 147.8033 275.6184 2.0000
v 148.0700 275.8978 2.0000
v 148.3402 276.1798 2.0000
v 148.6267 276.4648 2.0000
v 148.9426 276.7535 2.0000
v 149.2976 277.0451 2.0000
v 149.6884 277.3330 2.0000
v 150.1082 277.6095 2.0000
v 150.5505 277.8665 2.0000
v 151.0087 278.0963 2.0000
v 151.1295 278.1466 2.0000
v 154.6534 278.3401 2.0000
v 154.7764 278.3097 2.0000
v 155.3169 278.1593 2.0000
v 155.9009 277.9896 2.0000
v 156.5376 277.8074 2.0000
v 157.2323 277.6188 2.0000
v 157.9750 277.4284 2.0000
v 158.7522 277.2405 2.0000
v 159.5501 277.0594 2.0000
v 160.3552 276.8892 2.0000
v 161.1539 276.7344 2.0000
v 161.9325 276.5990 2.0000
v 162.6773 276.4874 2.0000
v 163.3777 276.4019 2.0000
v 164.0342 276.3374 2.0000
v 164.6505 276.2869 2.0000
v 165.2300 276.2435 2.0000
v 165.7764 276.2000 2.0000
v 166.2931 276.1497 2.0000
v 166.7838 276.0853 2.0000
v 167.2519 276.0000 2.0000
v 167.7001 275.8887 2.0000
v 168.1272 275.7543 2.0000
v 168.5313 275.6015 2.0000
v 168.9102 275.4352 2.0000
v 169.2619 275.2601 2.0000
v 169.5844 275.0811 2.0000
v 169.8755 274.9029 2.0000
v 170.1334 274.7304 2.0000
v 170.3569 274.5675 2.0000
v 170.5493 274.4151 2.0000
v 170.7150 274.2732 2.0000
v 170.8583 274.1418 2.0000
v 170.9835 274.0209 2.0000
v 171.0950 273.9106 2.0000
v 171.1971 273.8108 2.0000
v 171.2941 273.7215 2.0000
v 171.3898 273.6431 2.0000
v 171.4856 273.5764 2.0000
v 171.5822 273.5229 2.0000
v 171.6805 273.4838 2.0000
v 171.7811 273.4603 2.0000
v 171.8850 273.4537 2.0000
v 171.9929 273.4653 2.0000
v 172.1056 273.4964 2.0000
v 172.2236 273.5475 2.0000
v 172.3463 273.6170 2.0000
v 172.4729 273.7024 2.0000
v 172.6024 273.8013 2.0000
v 172.7340 273.9115 2.0000
v 172.8668 274.0304 2.0000
v 172.9999 274.1558 2.0000
v 173.1325 274.2852 2.0000
v 173.2640 274.4166 2.0000
v 173.3952 274.5497 2.0000
v 173.5272 274.6844 2.0000
v 173.6612 274.8206 2.0000
v 173.7983 274.9583 2.0000
v 173.9395 275.0975 2.0000
v 174.0860 275.2382 2.0000
v 174.2390 275.3802 2.0000
v 174.3994 275.5237 2.0000
v 174.5681 275.6689 2.0000
v 174.7457 275.8162 2.0000
v 174.9329 275.9659 2.0000
v 175.1305 276.1183 2.0000
v 175.3390 276.2738 2.0000
v 175.5592 276.4327 2.0000
v 175.7917 276.5954 2.0000
v 176.0372 276.7623 2.0000
v 176.2957 276.9341 2.0000
v 176.5673 277.1116 2.0000
v 176.8519 277.2954 2.0000
v 177.1495 277.4865 2.0000
v 177.4603 277.6856 2.0000
v 177.7840 277.8934 2.0000
v 178.1208 278.1108 2.0000
v 178.4709 278.3379 2.0000
v 178.8354 278.5733 2.0000
v 179.2157 278.8149 2.0000
v 179.6131 279.0606 2.0000
v 180.0291 279.3083 2.0000
v 180.4650 279.5561 2.0000
v 180.9222 279.8018 2.0000
v 181.4021 280.0434 2.0000
v 181.9062 280.2794 2.0000
v 182.4376 280.5107 2.0000
v 182.9991 280.7389 2.0000
v 183.5941 280.9655 2.0000
v 184.2255 281.1921 2.0000
v 184.8965 281.4200 2.0000
v 185.6101 281.6510 2.0000
v 186.3696 281.8864 2.0000
v 187.1763 282.1273 2.0000
v 188.0243 282.3723 2.0000
v 188.9060 282.6197 2.0000
v 189.8140 282.8675 2.0000
v 190.7407 283.1139 2.0000
v 191.6785 283.3570 2.0000
v 192.6198 283.5950 2.0000
v 193.5570 283.8260 2.0000
v 194.4843 284.0484 2.0000
v 195.4018 284.2613 2.0000
v 196.3113 284.4642 2.0000
v 197.2148 284.6564 2.0000
v 198.1141 284.8373 2.0000
v 199.0109 285.0063 2.0000
v 199.9072 285.1629 2.0000
v 200.8047 285.3063 2.0000
v 201.7053 285.4368 2.0000
v 202.6104 285.5579 2.0000
v 203.5217 285.6738 2.0000
v 204.4407 285.7887 2.0000
v 205.3688 285.9071 2.0000
v 206.3075 286.0331 2.0000
v 207.2584 286.1711 2.0000
v 208.2231 286.3253 2.0000
v 209.2011 286.4987 2.0000
v 210.1847 286.6899 2.0000
v 211.1645 286.8959 2.0000
v 212.1309 287.1140 2.0000
v 213.0743 287.3414 2.0000
v 213.9852 287.5754 2.0000
v 214.8541 287.8130 2.0000
v 215.6714 288.0516 2.0000
v 216.4314 288.2887 2.0000
v 217.1439 288.5237 2.0000
v 217.8223 288.7562 2.0000
v 218.4803 288.9860 2.0000
v 219.1315 289.2128 2.0000
v 219.7893 289.4363 2.0000
v 220.4674 289.6563 2.0000
v 221.1793 289.8724 2.0000
v 221.9348 290.0843 2.0000
v 222.7282 290.2908 2.0000
v 223.5500 290.4908 2.0000
v 224.3909 290.6830 2.0000
v 225.2414 290.8663 2.0000
v 226.0920 291.0394 2.0000
v 226.9332 291.2011 2.0000
v 227.7557 291.3501 2.0000
v 228.5527 291.4855 2.0000
v 229.3284 291.6068 2.0000
v 230.0898 291.7136 2.0000
v 230.8438 291.8057 2.0000
v 231.5973 291.8828 2.0000
v 232.3572 291.9445 2.0000
v 233.1306 291.9905 2.0000
v 233.9243 292.0206 2.0000
v 234.7430 292.0352 2.0000
v 235.5814 292.0379 2.0000
v 236.4322 292.0331 2.0000
v 237.2880 292.0252 2.0000
v 238.1412 292.0186 2.0000
v 238.9844 292.0177 2.0000
v 239.8102 292.0268 2.0000
v 240.6110 292.0503 2.0000
v 241.3814 292.0915 2.0000
v 242.1234 292.1486 2.0000
v 242.8412 292.2187 2.0000
v 243.5387 292.2989 2.0000
v 244.2200 292.3862 2.0000
v 244.8891 292.4779 2.0000
v 245.5500 292.5709 2.0000
v 246.2069 292.6624 2.0000
v 246.8637 292.7502 2.0000
v 247.5246 292.8350 2.0000
v 248.1937 292.9186 2.0000
v 248.8752 293.0025 2.0000
v 249.5733 293.0881 2.0000
v 250.2920 293.1772 2.0000
v 251.0356 293.2712 2.0000
v 251.8082 293.3718 2.0000
v 252.6113 293.4800 2.0000
v 253.4360 293.5946 2.0000
v 254.2707 293.7140 2.0000
v 255.1038 293.8367 2.0000
v 255.9237 293.9608 2.0000
v 256.7189 294.0848 2.0000
v 257.4778 294.2071 2.0000
v 258.1888 294.3259 2.0000
v 258.8440 294.4407 2.0000
v 259.4506 294.5553 2.0000
v 260.0195 294.6743 2.0000
v 260.5613 294.8025 2.0000
v 261.0871 294.9447 2.0000
v 261.6076 295.1057 2.0000
v 262.1336 295.2903 2.0000
v 262.6761 295.5031 2.0000
v 263.2423 295.7470 2.0000
v 263.8253 296.0168 2.0000
v 264.4148 296.3051 2.0000
v 265.0004 296.6048 2.0000
v 265.5716 296.9085 2.0000
v 266.1182 297.2091 2.0000
v 266.6298 297.4993 2.0000
v 267.0959 297.7719 2.0000
v 267.5101 298.0220 2.0000
v 267.8822 298.2545 2.0000
v 268.2258 298.4768 2.0000
v 268.5544 298.6963 2.0000
v 268.8819 298.9201 2.0000
v 269.2217 299.1556 2.0000
v 269.5877 299.4102 2.0000
v 269.9933 299.6912 2.0000
v 270.4487 300.0038 2.0000
v 270.9488 300.3446 2.0000
v 271.4850 300.7081 2.0000
v 272.0487 301.0888 2.0000
v 272.6312 301.4812 2.0000
v 273.2239 301.8798 2.0000
v 273.8182 302.2791 2.0000
v 274.4054 302.6736 2.0000
v 274.9780 303.0583 2.0000
v 275.5319 303.4302 2.0000
v 276.0646 303.7866 2.0000
v 276.5731 304.1249 2.0000
v 277.0546 304.4427 2.0000
v 277.5063 304.7373 2.0000
v 277.9254 305.0062 2.0000
v 278.3090 305.2468 2.0000
v 278.6555 305.4573 2.0000
v 278.9678 305.6397 2.0000
v 279.2499 305.7966 2.0000
v 279.5057 305.9307 2.0000
v 279.7393 306.0447 2.0000
v 279.9547 306.1414 2.0000
v 280.1560 306.2234 2.0000
v 280.3471 306.2934 2.0000
v 280.5317 306.3538 2.0000
v 280.7116 306.4048 2.0000
v 280.8884 306.4463 2.0000
v 281.0636 306.4782 2.0000
v 281.2387 306.5004 2.0000
v 281.4152 306.5128 2.0000
v 281.5946 306.5153 2.0000
v 281.7785 306.5078 2.0000
v 281.9677 306.4903 2.0000
v 282.1614 306.4628 2.0000
v 282.3581 306.4258 2.0000
v 282.5561 306.3794 2.0000
v 282.7542 306.3239 2.0000
v 282.9506 306.2597 2.0000
v 283.1440 306.1868 2.0000
v 283.3329 306.1057 2.0000
v 283.5158 306.0176 2.0000
v 283.6921 305.9278 2.0000
v 283.8611 305.8424 2.0000
v 284.0221 305.7680 2.0000
v 284.1746 305.7106 2.0000
v 284.3179 305.6766 2.0000
v 284.4513 305.6723 2.0000
v 284.5744 305.7040 2.0000
v 284.6865 305.7760 2.0000
v 284.7883 305.8845 2.0000
v 284.8803 306.0237 2.0000
v 284.9633 306.1881 2.0000
v 285.0379 306.3718 2.0000
v 285.1047 306.5691 2.0000
v 285.1645 306.7743 2.0000
v 285.2178 306.9816 2.0000
v 285.2660 307.1871 2.0000
v 285.3121 307.3935 2.0000
v 285.3599 307.6053 2.0000
v 285.4131 307.8270 2.0000
v 285.4754 308.0632 2.0000
v 285.5505 308.3182 2.0000
v 285.6422 308.5967 2.0000
v 285.7541 308.9032 2.0000
v 285.8889 309.2402 2.0000
v 285.9413 309.3619 2.0000
v 46.7650 217.6316 1.0000
v 47.9641 219.9606 1.0000
v 50.7446 226.5705 1.0000
v 52.8459 229.1675 1.0000
v 54.3526 231.1422 1.0000
v 115.5126 270.9607 1.0000
v 115.7760 271.0375 1.0000
v 116.5531 271.2793 1.0000
v 117.3167 271.5272 1.0000
v 118.0741 271.7784 1.0000
v 118.8323 272.0299 1.0000
v 119.5986 272.2788 1.0000
v 120.3803 272.5222 1.0000
v 121.1816 272.7575 1.0000
v 121.9945 272.9830 1.0000
v 122.8082 273.1972 1.0000
v 123.6118 273.3986 1.0000
v 124.3945 273.5858 1.0000
v 125.1452 273.7574 1.0000
v 125.8532 273.9118 1.0000
v 126.5075 274.0476 1.0000
v 127.1003 274.1640 1.0000
v 127.6363 274.2618 1.0000
v 128.1233 274.3428 1.0000
v 128.5689 274.4084 1.0000
v 128.9809 274.4603 1.0000
v 129.3669 274.5000 1.0000
v 129.7349 274.5291 1.0000
v 130.0923 274.5492 1.0000
v 130.4457 274.5617 1.0000
v 130.7950 274.5672 1.0000
v 131.1392 274.5665 1.0000
v 131.4770 274.5600 1.0000
v 131.8072 274.5484 1.0000
v 132.1284 274.5321 1.0000
v 132.4395 274.5119 1.0000
v 132.7392 274.4882 1.0000
v 133.0270 274.4616 1.0000
v 133.3052 274.4328 1.0000
v 133.5769 274.4022 1.0000
v 133.8449 274.3705 1.0000
v 134.1123 274.3382 1.0000
v 134.3822 274.3059 1.0000
v 134.6576 274.2742 1.0000
v 134.9414 274.2436 1.0000
v 135.2359 274.2147 1.0000
v 135.5401 274.1876 1.0000
v 135.8524 274.1623 1.0000
v 136.1709 274.1389 1.0000
v 136.4941 274.1176 1.0000
v 136.8201 274.0983 1.0000
v 137.1473 274.0812 1.0000
v 137.4739 274.0663 1.0000
v 137.7983 274.0537 1.0000
v 138.1191 274.0435 1.0000
v 138.4350 274.0357 1.0000
v 138.7447 274.0304 1.0000
v 139.0470 274.0277 1.0000
v 139.3406 274.0276 1.0000
v 139.6241 274.0303 1.0000
v 139.8963 274.0358 1.0000
v 140.1563 274.0440 1.0000
v 140.4051 274.0547 1.0000
v 140.6442 274.0674 1.0000
v 140.8750 274.0816 1.0000
v 141.0989 274.0970 1.0000
v 141.3174 274.1131 1.0000
v 141.5318 274.1295 1.0000
v 141.7436 274.1458 1.0000
v 141.9539 274.1617 1.0000
v 142.1616 274.1781 1.0000
v 142.3655 274.1959 1.0000
v 142.5641 274.2161 1.0000
v 142.7561 274.2398 1.0000
v 142.9402 274.2679 1.0000
v 143.1150 274.3015 1.0000
v 143.2791 274.3415 1.0000
v 143.4317 274.3888 1.0000
v 143.5743 274.4440 1.0000
v 143.7091 274.5073 1.0000
v 143.8380 274.5791 1.0000
v 143.9632 274.6599 1.0000
v 144.0868 274.7499 1.0000
v 144.2108 274.8494 1.0000
v 144.3373 274.9590 1.0000
v 144.4680 275.0789 1.0000
v 144.6033 275.2103 1.0000
v 144.7430 275.3542 1.0000
v 144.8871 275.5116 1.0000
v 145.0355 275.6836 1.0000
v 145.1881 275.8713 1.0000
v 145.3449 276.0758 1.0000
v 145.5058 276.2982 1.0000
v 145.6706 276.5384 1.0000
v 145.8384 276.7915 1.0000
v 146.0082 277.0517 1.0000
v 146.1791 277.3129 1.0000
v 146.3499 277.5693 1.0000
v 146.5197 277.8148 1.0000
v 146.5799 277.8969 1.0000
v 235.9872 294.6650 1.0000
v 236.5525 294.6483 1.0000
v 237.1891 294.6212 1.0000
v 237.8218 294.5872 1.0000
v 238.4505 294.5472 1.0000
v 239.0756 294.5026 1.0000
v 239.6979 294.4556 1.0000
v 240.3182 294.4089 1.0000
v 240.9373 294.3648 1.0000
v 241.5560 294.3258 1.0000
v 242.1753 294.2946 1.0000
v 242.7960 294.2735 1.0000
v 243.4189 294.2651 1.0000
v 244.0463 294.2713 1.0000
v 244.6866 294.2917 1.0000
v 245.3495 294.3252 1.0000
v 246.0449 294.3709 1.0000
v 246.7824 294.4278 1.0000
v 247.5720 294.4948 1.0000
v 248.4233 294.5709 1.0000
v 249.3462 294.6552 1.0000
v 250.3449 294.7466 1.0000
v 251.4006 294.8434 1.0000
v 252.4893 294.9442 1.0000
v 253.5866 295.0472 1.0000
v 254.6685 295.1509 1.0000
v 255.7106 295.2536 1.0000
v 256.6887 295.3537 1.0000
v 257.5786 295.4495 1.0000
v 258.3636 295.5409 1.0000
v 259.0569 295.6332 1.0000
v 259.6792 295.7329 1.0000
v 260.2511 295.8468 1.0000
v 260.7935 295.9815 1.0000
v 261.3268 296.1438 1.0000
v 261.8720 296.3403 1.0000
v 262.4495 296.5776 1.0000
v 263.0744 296.8596 1.0000
v 263.7376 297.1790 1.0000
v 264.4246 297.5255 1.0000
v 265.1206 297.8890 1.0000
v 265.8109 298.2591 1.0000
v 266.4808 298.6258 1.0000
v 267.1155 298.9789 1.0000
v 267.7005 299.3080 1.0000
v 268.2242 299.6053 1.0000
v 268.6883 299.8721 1.0000
v 269.0978 300.1118 1.0000
v 269.4575 300.3279 1.0000
v 269.7725 300.5240 1.0000
v 270.0476 300.7035 1.0000
v 270.2878 300.8699 1.0000
v 270.4981 301.0268 1.0000
v 270.6843 301.1783 1.0000
v 270.8566 301.3317 1.0000
v 271.0259 301.4949 1.0000
v 271.2032 301.6756 1.0000
v 271.3996 301.8819 1.0000
v 271.6261 302.1216 1.0000
v 271.8936 302.4025 1.0000
v 272.2133 302.7327 1.0000
v 272.5923 303.1164 1.0000
v 273.0222 303.5439 1.0000
v 273.4907 304.0018 1.0000
v 273.9856 304.4768 1.0000
v 274.4946 304.9557 1.0000
v 275.0054 305.4252 1.0000
v 275.5059 305.8718 1.0000
v 275.9521 306.2551 1.0000
v 281.3462 308.1202 1.0000
v 281.5492 308.0751 1.0000
v 281.7498 308.0231 1.0000
v 281.9402 307.9672 1.0000
v 282.1216 307.9084 1.0000
v 282.2954 307.8473 1.0000
v 282.4632 307.7851 1.0000
v 282.6263 307.7224 1.0000
v 282.7857 307.6606 1.0000
v 282.9410 307.6021 1.0000
v 283.0913 307.5498 1.0000
v 283.2358 307.5065 1.0000
v 283.3737 307.4750 1.0000
v 283.5041 307.4582 1.0000
v 283.6263 307.4590 1.0000
v 283.7393 307.4801 1.0000
v 283.8427 307.5239 1.0000
v 283.9375 307.5900 1.0000
v 284.0251 307.6777 1.0000
v 284.1069 307.7861 1.0000
v 284.1844 307.9145 1.0000
v 284.2587 308.0619 1.0000
v 284.3315 308.2276 1.0000
v 284.4040 308.4108 1.0000
v 284.4778 308.6107 1.0000
v 284.5548 308.8268 1.0000
v 284.6371 309.0587 1.0000
v 284.6624 309.1285 1.0000
v 68.4816 105.0479 28.0000
v 62.8859 96.1483 28.0000
v 55.5078 85.2722 28.0000
v 50.8932 79.4108 28.0000
v 406.9516 274.0008 28.0000
v 406.6853 274.2660 28.0000
v 406.5922 275.7472 28.0000
v 405.8530 277.1313 28.0000
v 404.2877 277.6490 28.0000
v 402.4561 278.1812 28.0000
v 400.3375 279.6223 28.0000
v 400.2856 279.6657 28.0000
v 71.3609 106.0189 29.0000
v 70.5155 104.4210 29.0000
v 69.5521 102.6595 29.0000
v 68.5446 100.8755 29.0000
v 67.4966 99.0772 29.0000
v 66.4117 97.2725 29.0000
v 65.2936 95.4696 29.0000
v 64.1457 93.6766 29.0000
v 62.9739 91.9022 29.0000
v 61.7928 90.1583 29.0000
v 60.6192 88.4574 29.0000
v 59.4699 86.8119 29.0000
v 58.3617 85.2343 29.0000
v 57.3114 83.7372 29.0000
v 56.3358 82.3330 29.0000
v 55.4517 81.0343 29.0000
v 55.1043 80.5061 29.0000
v 407.1446 270.8366 29.0000
v 406.6477 271.2558 29.0000
v 405.5731 272.1513 29.0000
v 404.5666 272.9782 29.0000
v 403.6325 273.7326 29.0000
v 402.7753 274.4106 29.0000
v 401.9995 275.0082 29.0000
v 401.3095 275.5213 29.0000
v 400.7069 275.9491 29.0000
v 400.1815 276.3021 29.0000
v 399.7204 276.5942 29.0000
v 399.3105 276.8389 29.0000
v 398.9389 277.0500 29.0000
v 398.5924 277.2412 29.0000
v 398.4049 277.3449 29.0000
v 225.0156 100.0700 65.0000
v 220.6756 100.3000 65.0000
v 216.2456 100.4000 65.0000
v 213.3756 100.2700 65.0000
v 210.6056 99.9200 65.0000
v 208.0356 99.3500 65.0000
v 205.9256 98.6800 65.0000
v 204.1856 97.9000 65.0000
v 202.0156 96.6200 65.0000
v 199.9756 95.1200 65.0000
v 197.4756 92.9600 65.0000
v 196.2456 91.7700 65.0000
v 194.8656 90.1700 65.0000
v 194.0956 89.0300 65.0000
v 193.2056 87.3800 65.0000
v 192.5856 85.5100 65.0000
v 192.2056 83.8500 65.0000
v 191.9656 82.2200 65.0000
v 191.8056 79.6500 65.0000
v 191.8456 77.3500 65.0000
v 192.0756 75.5200 65.0000
v 192.4656 74.1500 65.0000
v 193.3356 72.4300 65.0000
v 194.5156 70.5100 65.0000
v 195.1956 69.5800 65.0000
v 196.0556 68.6800 65.0000
v 196.7056 68.2100 65.0000
v 197.9556 67.6100 65.0000
v 199.9156 66.9900 65.0000
v 201.2656 66.6500 65.0000
v 202.5456 66.4400 65.0000
v 208.0256 66.5900 65.0000
v 215.5256 67.1300 65.0000
v 216.9356 67.3500 65.0000
v 218.0056 67.7300 65.0000
v 219.7856 68.7700 65.0000
v 223.3256 71.1400 65.0000
v 225.1356 72.5200 65.0000
v 227.9656 75.2900 65.0000
v 229.4756 76.9500 65.0000
v 230.4156 78.1600 65.0000
v 231.8856 80.5200 65.0000
v 232.6356 81.9800 65.0000
v 233.0956 83.1300 65.0000
v 233.6356 85.7600 65.0000
v 234.0056 88.5200 65.0000
v 234.1156 90.7400 65.0000
v 234.0556 92.1500 65.0000
v 233.8756 93.1200 65.0000
v 233.2756 94.7000 65.0000
v 232.4456 96.2200 65.0000
v 231.5456 97.5300 65.0000
v 230.9656 98.1800 65.0000
v 230.2956 98.7100 65.0000
v 229.2456 99.2000 65.0000
v 226.0856 100.0000 65.0000
v 276.2056 113.6900 60.0000
v 280.5056 119.4600 60.0000
v 280.7956 120.6200 60.0000
v 280.5956 121.6800 60.0000
v 279.6356 122.7400 60.0000
v 277.8056 123.2200 60.0000
v 274.3356 122.2600 60.0000
v 265.3756 118.9800 60.0000
v 253.5256 115.6100 60.0000
v 247.7456 114.2800 60.0000
v 237.4456 113.3000 60.0000
v 233.5956 112.9100 60.0000
v 228.5656 112.1700 60.0000
v 222.5256 111.1300 60.0000
v 216.6056 109.9700 60.0000
v 206.0856 107.5500 60.0000
v 200.3356 106.1100 60.0000
v 197.0756 105.2200 60.0000
v 194.9156 104.5100 60.0000
v 192.8056 103.6200 60.0000
v 189.7456 102.1200 60.0000
v 187.7156 100.8300 60.0000
v 183.3756 97.5200 60.0000
v 181.6356 96.0500 60.0000
v 180.6956 95.1100 60.0000
v 179.5056 93.6400 60.0000
v 176.9356 89.4300 60.0000
v 175.7156 87.1400 60.0000
v 174.8756 85.1500 60.0000
v 173.9856 82.5300 60.0000
v 172.9656 78.8700 60.0000
v 172.4356 76.3100 60.0000
v 171.8456 72.6100 60.0000
v 171.7556 70.3700 60.0000
v 171.8156 66.6900 60.0000
v 172.1156 61.8200 60.0000
v 172.5356 57.2200 60.0000
v 172.8656 54.5400 60.0000
v 173.3956 52.0700 60.0000
v 174.1356 49.9800 60.0000
v 175.4456 46.8800 60.0000
v 176.3256 45.2600 60.0000
v 177.3456 43.8600 60.0000
v 178.3556 42.7600 60.0000
v 179.4856 41.9800 60.0000
v 180.3956 41.5100 60.0000
v 181.2156 41.2100 60.0000
v 182.5156 40.9600 60.0000
v 184.6256 40.8900 60.0000
v 186.3856 40.9500 60.0000
v 187.6456 41.1800 60.0000
v 190.3956 42.1400 60.0000
v 192.5956 43.2300 60.0000
v 196.4356 45.5800 60.0000
v 199.0256 47.3600 60.0000
v 201.9856 49.6100 60.0000
v 211.9456 58.1100 60.0000
v 214.0956 59.9700 60.0000
v 215.3756 60.7700 60.0000
v 217.1556 61.5300 60.0000
v 219.8056 62.3400 60.0000
v 225.4056 63.5500 60.0000
v 227.2756 64.0400 60.0000
v 229.7856 64.8700 60.0000
v 230.0465 64.9780 60.0000
v 254.9491 89.5749 60.0000
v 256.5256 91.0400 60.0000
v 269.8956 105.8800 60.0000
v 273.9656 110.9700 60.0000
v 222.2449 127.7404 55.0000
v 219.6456 127.3700 55.0000
v 216.5656 126.7500 55.0000
v 212.4256 125.5100 55.0000
v 209.8856 124.6400 55.0000
v 200.2956 120.2200 55.0000
v 196.1756 118.2700 55.0000
v 191.4556 115.8100 55.0000
v 187.4256 113.5800 55.0000
v 184.8856 112.0900 55.0000
v 183.0456 110.8600 55.0000
v 180.2756 108.7800 55.0000
v 176.7956 105.8200 55.0000
v 172.5256 101.7800 55.0000
v 171.1256 100.2700 55.0000
v 170.1656 99.0300 55.0000
v 168.7556 96.8500 55.0000
v 167.9356 95.4300 55.0000
v 165.6856 90.1300 55.0000
v 163.3656 84.1800 55.0000
v 162.0656 80.5000 55.0000
v 161.4956 78.5300 55.0000
v 160.8956 74.0300 55.0000
v 160.4856 69.3100 55.0000
v 160.2756 65.9400 55.0000
v 160.2956 62.4000 55.0000
v 161.1356 54.3200 55.0000
v 161.6256 50.9700 55.0000
v 162.1456 48.2700 55.0000
v 162.7956 45.5200 55.0000
v 163.6356 42.5700 55.0000
v 164.4756 40.0800 55.0000
v 165.2756 38.2100 55.0000
v 166.1756 36.4600 55.0000
v 167.3456 34.5200 55.0000
v 168.6256 32.6500 55.0000
v 169.6056 31.4100 55.0000
v 171.0656 30.1100 55.0000
v 173.0856 28.7000 55.0000
v 174.5756 27.8000 55.0000
v 176.4956 26.8600 55.0000
v 178.1356 26.3900 55.0000
v 179.9256 26.1600 55.0000
v 181.1256 26.1400 55.0000
v 182.2456 26.2300 55.0000
v 183.8556 26.6000 55.0000
v 185.9456 27.4100 55.0000
v 187.4556 28.1400 55.0000
v 194.3756 32.6000 55.0000
v 201.7756 37.5700 55.0000
v 203.9056 39.0400 55.0000
v 204.5893 39.5389 55.0000
v 209.5853 44.7029 55.0000
v 215.5356 52.1700 55.0000
v 216.4956 53.3900 55.0000
v 217.1956 54.0700 55.0000
v 217.9956 54.6500 55.0000
v 218.9156 55.1200 55.0000
v 219.9256 55.4700 55.0000
v 220.2948 55.5317 55.0000
v 327.0249 125.2546 55.0000
v 328.3456 126.3400 55.0000
v 332.1156 129.8800 55.0000
v 338.2256 136.2100 55.0000
v 340.5756 138.5100 55.0000
v 343.0956 140.2800 55.0000
v 345.2456 141.3900 55.0000
v 347.7156 142.7500 55.0000
v 351.2356 145.3500 55.0000
v 357.8956 150.3600 55.0000
v 361.4056 152.7700 55.0000
v 375.9556 161.5800 55.0000
v 378.3056 163.0200 55.0000
v 381.0956 164.9400 55.0000
v 386.2556 169.2800 55.0000
v 387.8056 170.6200 55.0000
v 389.1856 171.9700 55.0000
v 390.3456 173.2900 55.0000
v 392.4556 176.4300 55.0000
v 393.7356 178.6100 55.0000
v 394.8356 180.8300 55.0000
v 395.6456 183.1400 55.0000
v 396.3156 185.6100 55.0000
v 396.4356 186.5100 55.0000
v 396.3556 187.9400 55.0000
v 396.1756 188.8500 55.0000
v 395.7856 189.9600 55.0000
v 394.9256 191.3600 55.0000
v 394.2056 192.3000 55.0000
v 393.5556 192.9700 55.0000
v 392.5956 193.6000 55.0000
v 391.2356 194.1300 55.0000
v 389.7056 194.4800 55.0000
v 387.9656 194.5300 55.0000
v 386.1356 194.3300 55.0000
v 384.3056 193.7900 55.0000
v 381.3956 192.5600 55.0000
v 380.1356 191.9600 55.0000
v 378.6856 191.0500 55.0000
v 375.9656 188.8800 55.0000
v 369.6356 182.9100 55.0000
v 367.3356 180.7800 55.0000
v 364.7456 178.6600 55.0000
v 363.2356 177.6200 55.0000
v 359.8656 175.9000 55.0000
v 354.3956 173.4600 55.0000
v 344.8056 169.7400 55.0000
v 339.0056 167.6100 55.0000
v 332.2556 165.4400 55.0000
v 324.4956 163.3600 55.0000
v 321.4356 162.5200 55.0000
v 315.3056 159.9900 55.0000
v 311.3756 158.3900 55.0000
v 303.0556 156.2200 55.0000
v 290.9656 152.5400 55.0000
v 286.4756 151.0300 55.0000
v 284.4156 150.2000 55.0000
v 283.0456 149.5400 55.0000
v 281.3556 148.5100 55.0000
v 279.1556 146.8000 55.0000
v 273.1256 141.0700 55.0000
v 270.5556 138.6000 55.0000
v 268.8856 137.2400 55.0000
v 265.6856 135.0500 55.0000
v 264.0156 134.1000 55.0000
v 262.3956 133.3900 55.0000
v 259.9656 132.5800 55.0000
v 256.1656 131.5500 55.0000
v 252.0756 130.6200 55.0000
v 248.5756 130.0100 55.0000
v 243.7456 129.4500 55.0000
v 238.6379 129.0766 55.0000
v 247.2907 297.2895 0.0000
v 247.5574 297.2596 0.0000
v 247.9491 297.2042 0.0000
v 248.3156 297.1380 0.0000
v 248.6653 297.0634 0.0000
v 249.0067 296.9839 0.0000
v 249.3482 296.9033 0.0000
v 249.6984 296.8252 0.0000
v 250.0656 296.7533 0.0000
v 250.4584 296.6911 0.0000
v 250.8852 296.6424 0.0000
v 251.3517 296.6099 0.0000
v 251.8530 296.5926 0.0000
v 252.3812 296.5884 0.0000
v 252.9288 296.5955 0.0000
v 253.4878 296.6118 0.0000
v 254.0506 296.6354 0.0000
v 254.6094 296.6644 0.0000
v 255.1566 296.6966 0.0000
v 255.6855 296.7308 0.0000
v 256.1950 296.7672 0.0000
v 256.6848 296.8067 0.0000
v 257.1550 296.8502 0.0000
v 257.6053 296.8986 0.0000
v 258.0358 296.9527 0.0000
v 258.4464 297.0134 0.0000
v 258.8368 297.0815 0.0000
v 259.2101 297.1594 0.0000
v 259.5803 297.2554 0.0000
v 259.9647 297.3791 0.0000
v 260.3804 297.5401 0.0000
v 260.8445 297.7483 0.0000
v 261.3742 298.0133 0.0000
v 261.9866 298.3447 0.0000
v 262.6989 298.7523 0.0000
v 263.5207 299.2421 0.0000
v 264.4324 299.8060 0.0000
v 265.4066 300.4321 0.0000
v 266.4160 301.1086 0.0000
v 267.4335 301.8236 0.0000
v 268.4319 302.5653 0.0000
v 269.3837 303.3220 0.0000
v 270.2619 304.0817 0.0000
v 270.5978 304.4038 0.0000
v 87.3737 74.7780 35.0000
v 87.3454 74.6304 35.0000
v 87.2662 74.1715 35.0000
v 87.2025 73.7556 35.0000
v 87.1520 73.3786 35.0000
v 87.1121 73.0369 35.0000
v 87.0806 72.7263 35.0000
v 87.0550 72.4432 35.0000
v 87.0324 72.1821 35.0000
v 87.0078 71.9325 35.0000
v 86.9757 71.6822 35.0000
v 86.9305 71.4192 35.0000
v 86.8668 71.1314 35.0000
v 86.7789 70.8067 35.0000
v 86.6614 70.4332 35.0000
v 86.5087 69.9987 35.0000
v 86.3168 69.4957 35.0000
v 86.0871 68.9348 35.0000
v 85.8628 68.4226 35.0000
v 426.8694 161.2743 35.0000
v 425.9061 158.9932 35.0000
v 422.6352 151.2480 35.0000
v 419.8266 144.8842 35.0000
v 418.5752 142.2180 35.0000
v 417.4302 142.8578 35.0000
v 418.0952 144.6497 35.0000
v 419.8057 148.1741 35.0000
v 427.2995 165.6590 35.0000
v 432.5000 219.8926 35.0000
v 432.4905 219.9713 35.0000
v 432.3636 220.9243 35.0000
v 432.2388 221.7625 35.0000
v 432.1127 222.5120 35.0000
v 431.9820 223.1989 35.0000
v 431.8435 223.8495 35.0000
v 431.6937 224.4899 35.0000
v 431.5304 225.1408 35.0000
v 431.3551 225.8018 35.0000
v 431.1706 226.4668 35.0000
v 430.9794 227.1300 35.0000
v 430.7842 227.7855 35.0000
v 430.5875 228.4274 35.0000
v 430.3920 229.0497 35.0000
v 430.2004 229.6466 35.0000
v 430.0145 230.2135 35.0000
v 429.8340 230.7522 35.0000
v 429.6579 231.2655 35.0000
v 429.5714 231.5110 35.0000
v 428.6313 189.6029 40.0000
v 428.7775 190.3147 40.0000
v 428.9651 191.2470 40.0000
v 429.1293 192.1124 40.0000
v 429.2696 192.9375 40.0000
v 429.3859 193.7488 40.0000
v 429.4779 194.5730 40.0000
v 429.5453 195.4366 40.0000
v 429.5877 196.3664 40.0000
v 429.6053 197.3814 40.0000
v 429.6000 198.4716 40.0000
v 429.5739 199.6192 40.0000
v 429.5293 200.8067 40.0000
v 429.4683 202.0164 40.0000
v 429.3933 203.2307 40.0000
v 429.3064 204.4321 40.0000
v 429.2098 205.6029 40.0000
v 429.1053 206.7290 40.0000
v 428.9925 207.8109 40.0000
v 428.8707 208.8525 40.0000
v 428.7391 209.8578 40.0000
v 428.5967 210.8306 40.0000
v 428.4428 211.7749 40.0000
v 428.2767 212.6946 40.0000
v 428.0974 213.5938 40.0000
v 427.9046 214.4751 40.0000
v 427.7001 215.3366 40.0000
v 427.4859 216.1752 40.0000
v 427.2643 216.9879 40.0000
v 427.0373 217.7714 40.0000
v 426.8071 218.5228 40.0000
v 426.5759 219.2388 40.0000
v 426.3458 219.9163 40.0000
v 426.1181 220.5546 40.0000
v 425.8905 221.1622 40.0000
v 425.6597 221.7499 40.0000
v 425.4225 222.3284 40.0000
v 425.1757 222.9086 40.0000
v 424.9160 223.5013 40.0000
v 424.6404 224.1173 40.0000
v 424.3455 224.7675 40.0000
v 424.0285 225.4602 40.0000
v 423.6878 226.1945 40.0000
v 423.3224 226.9673 40.0000
v 422.9312 227.7753 40.0000
v 422.5129 228.6153 40.0000
v 422.0665 229.4839 40.0000
v 421.5908 230.3780 40.0000
v 421.0847 231.2943 40.0000
v 420.5484 232.2279 40.0000
v 419.9876 233.1664 40.0000
v 419.4094 234.0961 40.0000
v 418.8210 235.0029 40.0000
v 418.2293 235.8730 40.0000
v 417.6414 236.6925 40.0000
v 417.0645 237.4473 40.0000
v 416.5056 238.1236 40.0000
v 415.9699 238.7117 40.0000
v 415.4548 239.2198 40.0000
v 414.9559 239.6600 40.0000
v 414.4687 240.0447 40.0000
v 413.9887 240.3864 40.0000
v 413.5114 240.6972 40.0000
v 413.0325 240.9896 40.0000
v 412.5473 241.2758 40.0000
v 412.0527 241.5661 40.0000
v 411.5494 241.8624 40.0000
v 411.0398 242.1641 40.0000
v 410.5258 242.4711 40.0000
v 410.0096 242.7829 40.0000
v 409.4933 243.0993 40.0000
v 408.9790 243.4199 40.0000
v 408.4688 243.7444 40.0000
v 407.9642 244.0723 40.0000
v 407.4641 244.4029 40.0000
v 406.9668 244.7352 40.0000
v 406.4707 245.0684 40.0000
v 405.9741 245.4016 40.0000
v 405.4754 245.7339 40.0000
v 404.9727 246.0644 40.0000
v 404.4645 246.3922 40.0000
v 403.9478 246.7148 40.0000
v 403.4153 247.0235 40.0000
v 403.3162 247.0742 40.0000
v 110.5910 68.0081 40.0000
v 110.5656 66.9900 40.0000
v 116.8756 54.1021 40.0000
v 117.0412 53.5375 40.0000
v 116.4110 49.3812 40.0000
v 115.7969 45.0442 40.0000
v 115.3862 41.1600 40.0000
v 111.8356 29.3600 40.0000
v 110.2983 24.3216 40.0000
v 395.5969 128.0416 40.0000
v 400.4156 131.2400 40.0000
v 402.5156 132.9500 40.0000
v 404.0856 134.1300 40.0000
v 408.1256 135.8900 40.0000
v 409.2556 136.3600 40.0000
v 410.1856 136.9400 40.0000
v 411.0256 137.7900 40.0000
v 411.7956 138.9600 40.0000
v 412.2256 139.9200 40.0000
v 414.9456 151.2500 40.0000
v 415.5756 153.4100 40.0000
v 416.1256 154.7700 40.0000
v 417.4956 157.3800 40.0000
v 421.2756 163.3500 40.0000
v 422.5756 165.8300 40.0000
v 423.7750 168.4577 40.0000
v 425.2566 173.5930 40.0000
v 426.7915 180.9547 40.0000
v 428.7044 189.9588 40.0000
v 398.6674 275.9111 30.0000
v 398.8534 275.8739 30.0000
v 400.7180 275.0268 30.0000
v 406.0886 270.9008 30.0000
v 407.8364 269.2331 30.0000
v 424.7006 253.0577 30.0000
v 424.4759 252.6623 30.0000
v 56.0973 77.2291 30.0000
v 60.1609 83.0410 30.0000
v 63.9930 87.7223 30.0000
v 71.0183 99.3189 30.0000
v 75.7021 106.7663 30.0000
v 77.2043 109.3943 30.0000
v 371.9040 303.5176 25.0000
v 374.3928 304.3598 25.0000
v 375.8133 305.2366 25.0000
v 379.3694 305.1121 25.0000
v 400.2158 291.1681 25.0000
v 405.9840 286.3638 25.0000
v 405.9917 286.3618 25.0000
v 41.1647 79.7520 25.0000
v 43.1211 83.6010 25.0000
v 47.0936 88.9751 25.0000
v 47.4082 89.2817 25.0000
v 8.7458 95.9712 15.0000
v 9.0756 96.1800 15.0000
v 11.4356 97.6200 15.0000
v 11.8156 98.1200 15.0000
v 12.0456 98.6900 15.0000
v 12.2256 99.5400 15.0000
v 12.3656 101.4600 15.0000
v 12.6656 107.6800 15.0000
v 12.8856 108.5700 15.0000
v 13.2856 109.2000 15.0000
v 14.2556 110.2400 15.0000
v 16.2556 112.0800 15.0000
v 17.6256 113.0400 15.0000
v 21.6056 115.7100 15.0000
v 22.6156 116.9000 15.0000
v 23.0756 117.7600 15.0000
v 23.4856 118.8600 15.0000
v 24.9956 123.6600 15.0000
v 25.0556 124.5500 15.0000
v 24.9456 125.0100 15.0000
v 24.4856 125.7900 15.0000
v 23.7756 126.6100 15.0000
v 20.8156 130.0700 15.0000
v 20.3956 131.0700 15.0000
v 20.2956 131.9400 15.0000
v 20.4456 132.8900 15.0000
v 21.0556 134.4300 15.0000
v 25.8356 146.4700 15.0000
v 26.5256 147.5200 15.0000
v 28.7256 150.7000 15.0000
v 33.6856 159.9300 15.0000
v 34.9756 161.7100 15.0000
v 37.2656 164.7500 15.0000
v 40.0656 168.9800 15.0000
v 42.7156 172.4900 15.0000
v 43.0756 173.4000 15.0000
v 43.2456 174.2000 15.0000
v 43.3656 175.2400 15.0000
v 43.3856 176.5000 15.0000
v 43.1856 180.4400 15.0000
v 43.4056 181.4600 15.0000
v 43.8056 182.2700 15.0000
v 44.4556 183.0200 15.0000
v 45.2756 183.7000 15.0000
v 46.6656 184.7100 15.0000
v 50.9556 187.6600 15.0000
v 51.7556 188.5400 15.0000
v 52.1456 189.2200 15.0000
v 54.0756 193.7900 15.0000
v 55.2756 195.7900 15.0000
v 56.3056 197.3000 15.0000
v 63.7556 208.3300 15.0000
v 66.8842 212.4050 15.0000
v 67.4164 213.3006 15.0000
v 68.0837 214.4003 15.0000
v 68.7492 215.4690 15.0000
v 69.4151 216.5051 15.0000
v 70.0837 217.5070 15.0000
v 70.7572 218.4732 15.0000
v 71.4381 219.4022 15.0000
v 72.1287 220.2924 15.0000
v 72.8311 221.1422 15.0000
v 73.5481 221.9524 15.0000
v 74.2835 222.7326 15.0000
v 75.0415 223.4944 15.0000
v 75.8262 224.2496 15.0000
v 76.6418 225.0102 15.0000
v 77.4924 225.7877 15.0000
v 78.3823 226.5941 15.0000
v 79.3155 227.4411 15.0000
v 80.2939 228.3365 15.0000
v 81.3098 229.2730 15.0000
v 82.3532 230.2391 15.0000
v 83.4141 231.2234 15.0000
v 84.4824 232.2145 15.0000
v 85.5482 233.2011 15.0000
v 86.6015 234.1718 15.0000
v 87.6322 235.1151 15.0000
v 88.6317 236.0215 15.0000
v 89.5979 236.8876 15.0000
v 90.5297 237.7122 15.0000
v 91.4264 238.4938 15.0000
v 92.2871 239.2310 15.0000
v 93.1110 239.9222 15.0000
v 93.8972 240.5660 15.0000
v 94.6448 241.1611 15.0000
v 95.3533 241.7069 15.0000
v 96.0231 242.2061 15.0000
v 96.6549 242.6627 15.0000
v 97.2495 243.0804 15.0000
v 97.8075 243.4630 15.0000
v 98.3297 243.8143 15.0000
v 98.8168 244.1381 15.0000
v 99.2694 244.4380 15.0000
v 99.6898 244.7174 15.0000
v 100.0857 244.9764 15.0000
v 100.4664 245.2149 15.0000
v 100.8411 245.4324 15.0000
v 101.2192 245.6288 15.0000
v 101.6099 245.8037 15.0000
v 102.0224 245.9568 15.0000
v 102.4660 246.0878 15.0000
v 102.9469 246.1968 15.0000
v 103.4594 246.2861 15.0000
v 103.9947 246.3582 15.0000
v 104.5441 246.4157 15.0000
v 105.0987 246.4612 15.0000
v 105.6499 246.4974 15.0000
v 106.1888 246.5268 15.0000
v 106.7067 246.5520 15.0000
v 107.1964 246.5753 15.0000
v 107.6570 246.5973 15.0000
v 108.0891 246.6182 15.0000
v 108.4933 246.6384 15.0000
v 108.8702 246.6581 15.0000
v 109.2205 246.6775 15.0000
v 109.5448 246.6970 15.0000
v 109.8437 246.7167 15.0000
v 110.1182 246.7368 15.0000
v 110.3703 246.7565 15.0000
v 110.6024 246.7749 15.0000
v 110.8167 246.7911 15.0000
v 111.0156 246.8042 15.0000
v 111.2014 246.8133 15.0000
v 111.3766 246.8175 15.0000
v 111.5433 246.8159 15.0000
v 111.7039 246.8075 15.0000
v 111.8600 246.7920 15.0000
v 112.0132 246.7686 15.0000
v 112.1652 246.7369 15.0000
v 112.3175 246.6964 15.0000
v 112.4717 246.6465 15.0000
v 112.6294 246.5868 15.0000
v 112.7921 246.5166 15.0000
v 112.9615 246.4356 15.0000
v 113.1382 246.3439 15.0000
v 113.3229 246.2418 15.0000
v 113.5165 246.1294 15.0000
v 113.7194 246.0071 15.0000
v 113.9325 245.8751 15.0000
v 114.1565 245.7336 15.0000
v 114.3919 245.5829 15.0000
v 114.6390 245.4235 15.0000
v 114.8958 245.2576 15.0000
v 115.1596 245.0876 15.0000
v 115.4280 244.9160 15.0000
v 115.6983 244.7452 15.0000
v 115.9681 244.5776 15.0000
v 116.2346 244.4158 15.0000
v 116.4955 244.2622 15.0000
v 116.7487 244.1186 15.0000
v 116.9951 243.9853 15.0000
v 117.2360 243.8617 15.0000
v 117.4727 243.7474 15.0000
v 117.7067 243.6420 15.0000
v 117.9395 243.5450 15.0000
v 118.1722 243.4560 15.0000
v 118.4065 243.3746 15.0000
v 118.6433 243.3004 15.0000
v 118.8827 243.2336 15.0000
v 119.1245 243.1746 15.0000
v 119.3685 243.1235 15.0000
v 119.6143 243.0807 15.0000
v 119.8618 243.0465 15.0000
v 120.1107 243.0213 15.0000
v 120.3608 243.0052 15.0000
v 120.6116 242.9985 15.0000
v 120.8616 243.0013 15.0000
v 121.1089 243.0135 15.0000
v 121.3519 243.0349 15.0000
v 121.5887 243.0656 15.0000
v 121.8175 243.1055 15.0000
v 122.0367 243.1546 15.0000
v 122.2443 243.2127 15.0000
v 122.4391 243.2797 15.0000
v 122.6217 243.3553 15.0000
v 122.7933 243.4390 15.0000
v 122.9550 243.5302 15.0000
v 123.1079 243.6286 15.0000
v 123.2531 243.7336 15.0000
v 123.3919 243.8448 15.0000
v 123.5252 243.9616 15.0000
v 123.6541 244.0837 15.0000
v 123.7785 244.2101 15.0000
v 123.8985 244.3403 15.0000
v 124.0138 244.4734 15.0000
v 124.1244 244.6086 15.0000
v 124.2301 244.7451 15.0000
v 124.3308 244.8823 15.0000
v 124.4264 245.0193 15.0000
v 124.5170 245.1554 15.0000
v 124.6034 245.2909 15.0000
v 124.6866 245.4259 15.0000
v 124.7676 245.5607 15.0000
v 124.8474 245.6955 15.0000
v 124.9270 245.8305 15.0000
v 125.0074 245.9660 15.0000
v 125.0897 246.1022 15.0000
v 125.1746 246.2392 15.0000
v 125.2618 246.3770 15.0000
v 125.3507 246.5150 15.0000
v 125.4409 246.6531 15.0000
v 125.5319 246.7910 15.0000
v 125.6230 246.9284 15.0000
v 125.7137 247.0649 15.0000
v 125.8036 247.2003 15.0000
v 125.8922 247.3343 15.0000
v 125.9802 247.4667 15.0000
v 126.0681 247.5973 15.0000
v 126.1567 247.7260 15.0000
v 126.2468 247.8525 15.0000
v 126.3390 247.9767 15.0000
v 126.4341 248.0984 15.0000
v 126.5327 248.2175 15.0000
v 126.6355 248.3338 15.0000
v 126.7434 248.4478 15.0000
v 126.8570 248.5600 15.0000
v 126.9769 248.6710 15.0000
v 127.1040 248.7813 15.0000
v 127.2390 248.8914 15.0000
v 127.3824 249.0018 15.0000
v 127.5351 249.1131 15.0000
v 127.6975 249.2255 15.0000
v 127.8687 249.3377 15.0000
v 128.0474 249.4480 15.0000
v 128.2326 249.5547 15.0000
v 128.4230 249.6562 15.0000
v 128.6174 249.7508 15.0000
v 128.8146 249.8368 15.0000
v 129.0135 249.9127 15.0000
v 129.2132 249.9772 15.0000
v 129.4140 250.0311 15.0000
v 129.6164 250.0756 15.0000
v 129.8211 250.1119 15.0000
v 130.0286 250.1415 15.0000
v 130.2396 250.1653 15.0000
v 130.4546 250.1848 15.0000
v 130.6742 250.2011 15.0000
v 130.8986 250.2154 15.0000
v 131.1262 250.2277 15.0000
v 131.3548 250.2381 15.0000
v 131.5824 250.2467 15.0000
v 131.8069 250.2533 15.0000
v 132.0263 250.2581 15.0000
v 132.2384 250.2609 15.0000
v 132.4412 250.2619 15.0000
v 132.6333 250.2609 15.0000
v 132.8160 250.2583 15.0000
v 132.9911 250.2541 15.0000
v 133.1608 250.2486 15.0000
v 133.3269 250.2419 15.0000
v 133.4914 250.2341 15.0000
v 133.6563 250.2255 15.0000
v 133.8234 250.2163 15.0000
v 133.9948 250.2066 15.0000
v 134.1722 250.1962 15.0000
v 134.3573 250.1849 15.0000
v 134.5519 250.1726 15.0000
v 134.7576 250.1591 15.0000
v 134.9762 250.1443 15.0000
v 135.2093 250.1278 15.0000
v 135.4589 250.1096 15.0000
v 135.7252 250.0896 15.0000
v 136.0045 250.0685 15.0000
v 136.2914 250.0471 15.0000
v 136.5808 250.0261 15.0000
v 136.8675 250.0064 15.0000
v 137.1463 249.9888 15.0000
v 137.4121 249.9741 15.0000
v 137.6595 249.9631 15.0000
v 137.8860 249.9566 15.0000
v 138.0988 249.9552 15.0000
v 138.3076 249.9594 15.0000
v 138.5221 249.9699 15.0000
v 138.7520 249.9873 15.0000
v 139.0071 250.0120 15.0000
v 139.2971 250.0448 15.0000
v 139.6317 250.0861 15.0000
v 140.0184 250.1366 15.0000
v 140.4555 250.1971 15.0000
v 140.9391 250.2685 15.0000
v 141.4655 250.3514 15.0000
v 142.0306 250.4469 15.0000
v 142.6306 250.5556 15.0000
v 143.2616 250.6785 15.0000
v 143.9197 250.8163 15.0000
v 144.6021 250.9700 15.0000
v 145.3097 251.1409 15.0000
v 146.0448 251.3306 15.0000
v 146.8094 251.5404 15.0000
v 147.6056 251.7718 15.0000
v 148.4355 252.0263 15.0000
v 149.3011 252.3054 15.0000
v 150.2047 252.6104 15.0000
v 151.1459 252.9414 15.0000
v 152.1160 253.2920 15.0000
v 153.1035 253.6543 15.0000
v 154.0973 254.0205 15.0000
v 155.0863 254.3828 15.0000
v 156.0590 254.7332 15.0000
v 157.0044 255.0639 15.0000
v 157.9112 255.3670 15.0000
v 158.7704 255.6363 15.0000
v 159.5818 255.8718 15.0000
v 160.3473 256.0752 15.0000
v 161.0690 256.2482 15.0000
v 161.7488 256.3924 15.0000
v 162.3886 256.5095 15.0000
v 162.9906 256.6011 15.0000
v 163.5567 256.6689 15.0000
v 164.0887 256.7143 15.0000
v 164.5879 256.7378 15.0000
v 165.0555 256.7394 15.0000
v 165.4925 256.7194 15.0000
v 165.9002 256.6778 15.0000
v 166.2798 256.6150 15.0000
v 166.6322 256.5309 15.0000
v 166.9588 256.4258 15.0000
v 167.2607 256.3000 15.0000
v 167.5398 256.1550 15.0000
v 167.7981 255.9922 15.0000
v 168.0374 255.8132 15.0000
v 168.2597 255.6197 15.0000
v 168.4670 255.4131 15.0000
v 168.6612 255.1950 15.0000
v 168.8442 254.9670 15.0000
v 169.0176 254.7311 15.0000
v 169.1809 254.4903 15.0000
v 169.3332 254.2483 15.0000
v 169.4737 254.0086 15.0000
v 169.6016 253.7748 15.0000
v 169.7160 253.5504 15.0000
v 169.8160 253.3389 15.0000
v 169.9008 253.1440 15.0000
v 169.9702 252.9683 15.0000
v 170.0264 252.8110 15.0000
v 170.0726 252.6704 15.0000
v 170.1028 252.5733 15.0000
v 171.6961 252.7587 15.0000
v 171.7152 252.7973 15.0000
v 171.7577 252.8861 15.0000
v 171.8022 252.9832 15.0000
v 171.8494 253.0901 15.0000
v 171.8995 253.2078 15.0000
v 171.9525 253.3349 15.0000
v 172.0084 253.4693 15.0000
v 172.0671 253.6092 15.0000
v 172.1284 253.7525 15.0000
v 172.1923 253.8973 15.0000
v 172.2586 254.0414 15.0000
v 172.3273 254.1830 15.0000
v 172.3983 254.3205 15.0000
v 172.4714 254.4541 15.0000
v 172.5463 254.5845 15.0000
v 172.6230 254.7123 15.0000
v 172.7012 254.8382 15.0000
v 172.7807 254.9629 15.0000
v 172.8613 255.0870 15.0000
v 172.9429 255.2112 15.0000
v 173.0255 255.3361 15.0000
v 173.1095 255.4619 15.0000
v 173.1958 255.5889 15.0000
v 173.2852 255.7172 15.0000
v 173.3783 255.8470 15.0000
v 173.4760 255.9785 15.0000
v 173.5791 256.1120 15.0000
v 173.6882 256.2475 15.0000
v 173.8039 256.3852 15.0000
v 173.9256 256.5246 15.0000
v 174.0527 256.6654 15.0000
v 174.1843 256.8071 15.0000
v 174.3197 256.9491 15.0000
v 174.4582 257.0911 15.0000
v 174.5989 257.2324 15.0000
v 174.7412 257.3728 15.0000
v 174.8843 257.5116 15.0000
v 175.0281 257.6482 15.0000
v 175.1725 257.7819 15.0000
v 175.3173 257.9122 15.0000
v 175.4625 258.0382 15.0000
v 175.6080 258.1595 15.0000
v 175.7537 258.2752 15.0000
v 175.8995 258.3848 15.0000
v 176.0457 258.4879 15.0000
v 176.1942 258.5858 15.0000
v 176.3475 258.6801 15.0000
v 176.5080 258.7724 15.0000
v 176.6779 258.8643 15.0000
v 176.8597 258.9575 15.0000
v 177.0557 259.0535 15.0000
v 177.2684 259.1539 15.0000
v 177.4992 259.2600 15.0000
v 177.7467 259.3711 15.0000
v 178.0084 259.4862 15.0000
v 178.2819 259.6043 15.0000
v 178.5650 259.7242 15.0000
v 178.8552 259.8450 15.0000
v 179.1501 259.9656 15.0000
v 179.4474 260.0850 15.0000
v 179.7455 260.2022 15.0000
v 180.0463 260.3172 15.0000
v 180.3524 260.4299 15.0000
v 180.6664 260.5404 15.0000
v 180.9911 260.6485 15.0000
v 181.3291 260.7544 15.0000
v 181.6831 260.8580 15.0000
v 182.0556 260.9593 15.0000
v 182.4485 261.0584 15.0000
v 182.8598 261.1553 15.0000
v 183.2867 261.2500 15.0000
v 183.7263 261.3429 15.0000
v 184.1757 261.4338 15.0000
v 184.6322 261.5229 15.0000
v 185.0929 261.6103 15.0000
v 185.5549 261.6960 15.0000
v 186.0161 261.7802 15.0000
v 186.4777 261.8623 15.0000
v 186.9417 261.9417 15.0000
v 187.4097 262.0178 15.0000
v 187.8839 262.0902 15.0000
v 188.3660 262.1583 15.0000
v 188.8581 262.2213 15.0000
v 189.3618 262.2789 15.0000
v 189.8786 262.3306 15.0000
v 190.4065 262.3768 15.0000
v 190.9432 262.4181 15.0000
v 191.4861 262.4550 15.0000
v 192.0328 262.4881 15.0000
v 192.5809 262.5180 15.0000
v 193.1278 262.5452 15.0000
v 193.6711 262.5704 15.0000
v 194.2099 262.5940 15.0000
v 194.7492 262.6167 15.0000
v 195.2957 262.6391 15.0000
v 195.8560 262.6616 15.0000
v 196.4368 262.6850 15.0000
v 197.0448 262.7098 15.0000
v 197.6865 262.7366 15.0000
v 198.3685 262.7660 15.0000
v 199.0942 262.7983 15.0000
v 199.8535 262.8334 15.0000
v 200.6329 262.8708 15.0000
v 201.4188 262.9100 15.0000
v 202.1978 262.9507 15.0000
v 202.9564 262.9925 15.0000
v 203.6812 263.0348 15.0000
v 204.3586 263.0773 15.0000
v 204.9794 263.1198 15.0000
v 205.5503 263.1631 15.0000
v 206.0827 263.2082 15.0000
v 206.5875 263.2564 15.0000
v 207.0759 263.3085 15.0000
v 207.5590 263.3657 15.0000
v 208.0478 263.4291 15.0000
v 208.5535 263.4996 15.0000
v 209.0844 263.5784 15.0000
v 209.6382 263.6660 15.0000
v 210.2095 263.7629 15.0000
v 210.7934 263.8696 15.0000
v 211.3845 263.9868 15.0000
v 211.9778 264.1149 15.0000
v 212.5680 264.2544 15.0000
v 213.1500 264.4059 15.0000
v 213.7192 264.5696 15.0000
v 214.2731 264.7442 15.0000
v 214.8101 264.9282 15.0000
v 215.3281 265.1199 15.0000
v 215.8255 265.3179 15.0000
v 216.3003 265.5205 15.0000
v 216.7507 265.7261 15.0000
v 217.1749 265.9333 15.0000
v 217.5729 266.1412 15.0000
v 217.9517 266.3522 15.0000
v 218.3203 266.5696 15.0000
v 218.6878 266.7967 15.0000
v 219.0630 267.0367 15.0000
v 219.4548 267.2928 15.0000
v 219.8722 267.5683 15.0000
v 220.3242 267.8664 15.0000
v 220.8171 268.1890 15.0000
v 221.3469 268.5320 15.0000
v 221.9071 268.8900 15.0000
v 222.4909 269.2577 15.0000
v 223.0918 269.6295 15.0000
v 223.7033 270.0001 15.0000
v 224.3187 270.3639 15.0000
v 224.9314 270.7157 15.0000
v 225.5375 271.0510 15.0000
v 226.1436 271.3702 15.0000
v 226.7589 271.6743 15.0000
v 227.3927 271.9649 15.0000
v 228.0543 272.2431 15.0000
v 228.7528 272.5104 15.0000
v 229.4977 272.7679 15.0000
v 230.2980 273.0170 15.0000
v 231.1612 273.2590 15.0000
v 232.0873 273.4950 15.0000
v 233.0742 273.7262 15.0000
v 234.1200 273.9536 15.0000
v 235.2227 274.1785 15.0000
v 236.3805 274.4020 15.0000
v 237.5913 274.6251 15.0000
v 238.8532 274.8491 15.0000
v 240.1602 275.0744 15.0000
v 241.4899 275.2990 15.0000
v 242.8160 275.5206 15.0000
v 244.1119 275.7364 15.0000
v 245.3514 275.9439 15.0000
v 246.5079 276.1406 15.0000
v 247.5551 276.3240 15.0000
v 248.4665 276.4913 15.0000
v 249.2258 276.6420 15.0000
v 249.8570 276.7825 15.0000
v 250.3940 276.9212 15.0000
v 250.8709 277.0663 15.0000
v 251.3217 277.2262 15.0000
v 251.7804 277.4092 15.0000
v 252.2811 277.6236 15.0000
v 252.8576 277.8778 15.0000
v 253.5354 278.1776 15.0000
v 254.3044 278.5188 15.0000
v 255.1460 278.8946 15.0000
v 256.0416 279.2985 15.0000
v 256.9725 279.7236 15.0000
v 257.9200 280.1634 15.0000
v 258.8655 280.6111 15.0000
v 259.7902 281.0600 15.0000
v 260.6796 281.5046 15.0000
v 261.5353 281.9434 15.0000
v 262.3627 282.3763 15.0000
v 263.1676 282.8030 15.0000
v 263.9556 283.2233 15.0000
v 264.7323 283.6370 15.0000
v 265.5032 284.0438 15.0000
v 266.2740 284.4434 15.0000
v 267.0482 284.8354 15.0000
v 267.8211 285.2180 15.0000
v 268.5859 285.5894 15.0000
v 269.3356 285.9475 15.0000
v 270.0635 286.2904 15.0000
v 270.7628 286.6160 15.0000
v 271.4266 286.9225 15.0000
v 272.0480 287.2079 15.0000
v 272.6233 287.4712 15.0000
v 273.1607 287.7151 15.0000
v 273.6715 287.9435 15.0000
v 274.1669 288.1601 15.0000
v 274.6581 288.3688 15.0000
v 275.1564 288.5732 15.0000
v 275.6730 288.7773 15.0000
v 276.2193 288.9846 15.0000
v 276.8027 289.1977 15.0000
v 277.4156 289.4129 15.0000
v 278.0468 289.6254 15.0000
v 278.6850 289.8303 15.0000
v 279.3189 290.0227 15.0000
v 279.9371 290.1976 15.0000
v 280.5285 290.3502 15.0000
v 281.0817 290.4755 15.0000
v 281.5882 290.5698 15.0000
v 282.0506 290.6351 15.0000
v 282.4743 290.6742 15.0000
v 282.8648 290.6903 15.0000
v 283.2274 290.6863 15.0000
v 283.5675 290.6654 15.0000
v 283.8905 290.6306 15.0000
v 284.2019 290.5848 15.0000
v 284.5061 290.5309 15.0000
v 284.8044 290.4700 15.0000
v 285.0970 290.4031 15.0000
v 285.3841 290.3309 15.0000
v 285.6662 290.2545 15.0000
v 285.9435 290.1746 15.0000
v 286.2163 290.0922 15.0000
v 286.4849 290.0081 15.0000
v 286.7500 289.9231 15.0000
v 287.0141 289.8375 15.0000
v 287.2802 289.7513 15.0000
v 287.5513 289.6648 15.0000
v 287.8303 289.5780 15.0000
v 288.1202 289.4910 15.0000
v 288.4239 289.4041 15.0000
v 288.7443 289.3174 15.0000
v 289.0826 289.2311 15.0000
v 289.4317 289.1464 15.0000
v 289.7828 289.0648 15.0000
v 290.1270 288.9874 15.0000
v 290.4554 288.9158 15.0000
v 290.7592 288.8511 15.0000
v 291.0295 288.7949 15.0000
v 291.2574 288.7483 15.0000
v 291.4370 288.7130 15.0000
v 291.5743 288.6911 15.0000
v 291.6780 288.6849 15.0000
v 291.7570 288.6967 15.0000
v 291.8204 288.7287 15.0000
v 291.8769 288.7834 15.0000
v 291.9354 288.8629 15.0000
v 292.0048 288.9696 15.0000
v 292.0917 289.1048 15.0000
v 292.1937 289.2651 15.0000
v 292.3061 289.4460 15.0000
v 292.4240 289.6434 15.0000
v 292.5428 289.8527 15.0000
v 292.6577 290.0695 15.0000
v 292.7640 290.2895 15.0000
v 292.8570 290.5084 15.0000
v 292.9332 290.7224 15.0000
v 292.9937 290.9317 15.0000
v 293.0411 291.1370 15.0000
v 293.0778 291.3390 15.0000
v 293.1063 291.5387 15.0000
v 293.1290 291.7367 15.0000
v 293.1483 291.9339 15.0000
v 293.1667 292.1312 15.0000
v 293.1868 292.3299 15.0000
v 293.2108 292.5347 15.0000
v 293.2413 292.7509 15.0000
v 293.2807 292.9838 15.0000
v 293.3316 293.2387 15.0000
v 293.3962 293.5209 15.0000
v 293.4772 293.8357 15.0000
v 293.5769 294.1884 15.0000
v 293.6974 294.5819 15.0000
v 293.8392 295.0097 15.0000
v 294.0024 295.4629 15.0000
v 294.1871 295.9325 15.0000
v 294.3933 296.4097 15.0000
v 294.6212 296.8855 15.0000
v 294.8709 297.3511 15.0000
v 295.1424 297.7974 15.0000
v 295.4362 298.2182 15.0000
v 295.7540 298.6168 15.0000
v 296.0980 298.9993 15.0000
v 296.4701 299.3714 15.0000
v 296.8724 299.7393 15.0000
v 297.3072 300.1089 15.0000
v 297.7763 300.4861 15.0000
v 298.2820 300.8768 15.0000
v 298.8234 301.2845 15.0000
v 299.3887 301.7022 15.0000
v 299.9630 302.1206 15.0000
v 300.5316 302.5301 15.0000
v 301.0798 302.9214 15.0000
v 301.5927 303.2850 15.0000
v 302.0556 303.6115 15.0000
v 302.4538 303.8913 15.0000
v 302.7792 304.1192 15.0000
v 303.0502 304.3060 15.0000
v 303.2920 304.4664 15.0000
v 303.5298 304.6155 15.0000
v 303.7889 304.7680 15.0000
v 304.0942 304.9388 15.0000
v 304.4712 305.1428 15.0000
v 304.9448 305.3949 15.0000
v 305.5337 305.7065 15.0000
v 306.2301 306.0745 15.0000
v 307.0196 306.4925 15.0000
v 307.8876 306.9542 15.0000
v 308.8199 307.4530 15.0000
v 309.8020 307.9826 15.0000
v 310.8194 308.5365 15.0000
v 311.8578 309.1081 15.0000
v 312.9039 309.6915 15.0000
v 313.9488 310.2814 15.0000
v 314.9849 310.8731 15.0000
v 316.0046 311.4619 15.0000
v 317.0002 312.0428 15.0000
v 317.9640 312.6112 15.0000
v 318.8885 313.1622 15.0000
v 319.7658 313.6911 15.0000
v 320.5906 314.1938 15.0000
v 320.7974 314.3208 15.0000
v 4.3664 98.4454 10.0000
v 6.4256 101.6800 10.0000
v 7.1956 103.5000 10.0000
v 8.4356 107.4100 10.0000
v 9.4856 110.4700 10.0000
v 10.1556 112.9600 10.0000
v 11.9656 117.6800 10.0000
v 12.9856 119.6500 10.0000
v 13.5956 121.0900 10.0000
v 14.1756 122.7000 10.0000
v 14.4256 124.7300 10.0000
v 14.5856 126.7100 10.0000
v 14.6956 128.9700 10.0000
v 14.6956 130.8500 10.0000
v 14.8056 132.2800 10.0000
v 15.4156 134.2100 10.0000
v 16.2956 136.7500 10.0000
v 17.6756 139.5600 10.0000
v 18.5156 141.4800 10.0000
v 18.6856 142.5200 10.0000
v 19.0656 144.3400 10.0000
v 19.2794 145.1354 10.0000
v 43.5611 193.5851 10.0000
v 44.3556 194.1600 10.0000
v 45.4756 195.1300 10.0000
v 46.9656 196.6200 10.0000
v 49.3856 200.0200 10.0000
v 50.7056 202.3500 10.0000
v 51.8656 204.7300 10.0000
v 58.8253 213.3960 10.0000
v 62.1217 217.1841 10.0000
v 66.5757 221.7125 10.0000
v 69.6302 224.7829 10.0000
v 70.4901 225.7363 10.0000
v 71.4026 226.7160 10.0000
v 72.3801 227.7295 10.0000
v 73.4348 228.7844 10.0000
v 74.5791 229.8884 10.0000
v 75.8191 231.0451 10.0000
v 77.1378 232.2432 10.0000
v 78.5121 233.4675 10.0000
v 79.9187 234.7027 10.0000
v 81.3346 235.9336 10.0000
v 82.7367 237.1450 10.0000
v 84.1018 238.3218 10.0000
v 85.4068 239.4486 10.0000
v 86.6329 240.5127 10.0000
v 87.7780 241.5109 10.0000
v 88.8445 242.4425 10.0000
v 89.8345 243.3066 10.0000
v 90.7503 244.1025 10.0000
v 91.5941 244.8295 10.0000
v 92.3683 245.4867 10.0000
v 93.0750 246.0734 10.0000
v 93.7174 246.5901 10.0000
v 94.3025 247.0421 10.0000
v 94.8379 247.4361 10.0000
v 95.3316 247.7786 10.0000
v 95.7914 248.0764 10.0000
v 96.2250 248.3359 10.0000
v 96.6402 248.5639 10.0000
v 97.0449 248.7670 10.0000
v 97.4458 248.9509 10.0000
v 97.8446 249.1185 10.0000
v 98.2423 249.2716 10.0000
v 98.6396 249.4123 10.0000
v 99.0372 249.5425 10.0000
v 99.4359 249.6640 10.0000
v 99.8365 249.7790 10.0000
v 100.2397 249.8893 10.0000
v 100.6460 249.9965 10.0000
v 101.0545 250.1006 10.0000
v 101.4640 250.2014 10.0000
v 101.8733 250.2984 10.0000
v 102.2813 250.3913 10.0000
v 102.6868 250.4799 10.0000
v 103.0885 250.5636 10.0000
v 103.4852 250.6423 10.0000
v 103.8764 250.7158 10.0000
v 104.2637 250.7845 10.0000
v 104.6491 250.8491 10.0000
v 105.0349 250.9105 10.0000
v 105.4231 250.9692 10.0000
v 105.8160 251.0259 10.0000
v 106.2156 251.0815 10.0000
v 106.6241 251.1365 10.0000
v 107.0428 251.1914 10.0000
v 107.4694 251.2458 10.0000
v 107.9009 251.2990 10.0000
v 108.3340 251.3502 10.0000
v 108.7657 251.3987 10.0000
v 109.1928 251.4438 10.0000
v 109.6122 251.4849 10.0000
v 110.0207 251.5212 10.0000
v 110.4160 251.5519 10.0000
v 110.7979 251.5766 10.0000
v 111.1672 251.5946 10.0000
v 111.5246 251.6054 10.0000
v 111.8707 251.6082 10.0000
v 112.2061 251.6026 10.0000
v 112.5315 251.5879 10.0000
v 112.8476 251.5635 10.0000
v 113.1550 251.5294 10.0000
v 113.4537 251.4878 10.0000
v 113.7437 251.4412 10.0000
v 114.0251 251.3924 10.0000
v 114.2976 251.3441 10.0000
v 114.5615 251.2988 10.0000
v 114.8166 251.2594 10.0000
v 115.0629 251.2285 10.0000
v 115.3011 251.2080 10.0000
v 115.5348 251.1975 10.0000
v 115.7684 251.1956 10.0000
v 116.0061 251.2011 10.0000
v 116.2524 251.2128 10.0000
v 116.5115 251.2294 10.0000
v 116.7878 251.2496 10.0000
v 117.0856 251.2723 10.0000
v 117.4077 251.2965 10.0000
v 117.7502 251.3227 10.0000
v 118.1081 251.3516 10.0000
v 118.4759 251.3842 10.0000
v 118.8484 251.4211 10.0000
v 119.2204 251.4633 10.0000
v 119.5864 251.5115 10.0000
v 119.9413 251.5665 10.0000
v 120.2817 251.6290 10.0000
v 120.6121 251.6997 10.0000
v 120.9388 251.7788 10.0000
v 121.2682 251.8669 10.0000
v 121.6067 251.9644 10.0000
v 121.9607 252.0717 10.0000
v 122.3365 252.1893 10.0000
v 122.7406 252.3176 10.0000
v 123.1790 252.4575 10.0000
v 123.6563 252.6119 10.0000
v 124.1766 252.7842 10.0000
v 124.7441 252.9777 10.0000
v 125.3632 253.1958 10.0000
v 126.0379 253.4418 10.0000
v 126.7726 253.7191 10.0000
v 127.5714 254.0311 10.0000
v 128.4354 254.3792 10.0000
v 129.3533 254.7581 10.0000
v 130.3109 255.1605 10.0000
v 131.2937 255.5791 10.0000
v 132.2874 256.0067 10.0000
v 133.2777 256.4360 10.0000
v 134.2501 256.8598 10.0000
v 135.1903 257.2708 10.0000
v 136.0881 257.6633 10.0000
v 136.9497 258.0378 10.0000
v 137.7852 258.3966 10.0000
v 138.6050 258.7418 10.0000
v 139.4193 259.0754 10.0000
v 140.2384 259.3997 10.0000
v 141.0726 259.7167 10.0000
v 141.9322 260.0286 10.0000
v 142.8256 260.3370 10.0000
v 143.7545 260.6414 10.0000
v 144.7189 260.9410 10.0000
v 145.7185 261.2346 10.0000
v 146.7534 261.5213 10.0000
v 147.8234 261.8001 10.0000
v 148.9284 262.0701 10.0000
v 150.0683 262.3303 10.0000
v 151.2412 262.5796 10.0000
v 152.4375 262.8171 10.0000
v 153.6461 263.0417 10.0000
v 154.8557 263.2523 10.0000
v 156.0550 263.4480 10.0000
v 157.2326 263.6276 10.0000
v 158.3773 263.7902 10.0000
v 159.4778 263.9346 10.0000
v 160.5245 264.0596 10.0000
v 161.5144 264.1631 10.0000
v 162.4460 264.2426 10.0000
v 163.3180 264.2958 10.0000
v 164.1289 264.3202 10.0000
v 164.8774 264.3134 10.0000
v 165.5622 264.2731 10.0000
v 166.1817 264.1968 10.0000
v 166.7357 264.0835 10.0000
v 167.2280 263.9366 10.0000
v 167.6632 263.7613 10.0000
v 168.0461 263.5624 10.0000
v 168.3816 263.3447 10.0000
v 168.6744 263.1133 10.0000
v 168.9292 262.8730 10.0000
v 169.1510 262.6287 10.0000
v 169.3442 262.3848 10.0000
v 169.5132 262.1434 10.0000
v 169.6622 261.9062 10.0000
v 169.7951 261.6745 10.0000
v 169.9162 261.4502 10.0000
v 170.0296 261.2346 10.0000
v 170.1394 261.0295 10.0000
v 170.2497 260.8363 10.0000
v 170.3641 260.6572 10.0000
v 170.4839 260.4960 10.0000
v 170.6098 260.3571 10.0000
v 170.7423 260.2449 10.0000
v 170.8822 260.1638 10.0000
v 171.0301 260.1183 10.0000
v 171.1868 260.1126 10.0000
v 171.3529 260.1511 10.0000
v 171.5286 260.2364 10.0000
v 171.7120 260.3633 10.0000
v 171.9006 260.5248 10.0000
v 172.0923 260.7137 10.0000
v 172.2845 260.9230 10.0000
v 172.4750 261.1457 10.0000
v 172.6612 261.3747 10.0000
v 172.8409 261.6029 10.0000
v 173.0126 261.8248 10.0000
v 173.1784 262.0401 10.0000
v 173.3414 262.2503 10.0000
v 173.5046 262.4567 10.0000
v 173.6712 262.6607 10.0000
v 173.8441 262.8636 10.0000
v 174.0265 263.0666 10.0000
v 174.2214 263.2713 10.0000
v 174.4313 263.4786 10.0000
v 174.6572 263.6886 10.0000
v 174.8993 263.9010 10.0000
v 175.1581 264.1156 10.0000
v 175.4339 264.3321 10.0000
v 175.7270 264.5504 10.0000
v 176.0379 264.7701 10.0000
v 176.3669 264.9910 10.0000
v 176.7137 265.2127 10.0000
v 177.0761 265.4340 10.0000
v 177.4507 265.6536 10.0000
v 177.8348 265.8702 10.0000
v 178.2251 266.0825 10.0000
v 178.6188 266.2890 10.0000
v 179.0127 266.4885 10.0000
v 179.4038 266.6796 10.0000
v 179.7901 266.8612 10.0000
v 180.1738 267.0336 10.0000
v 180.5583 267.1969 10.0000
v 180.9468 267.3516 10.0000
v 181.3426 267.4981 10.0000
v 181.7490 267.6367 10.0000
v 182.1692 267.7677 10.0000
v 182.6065 267.8916 10.0000
v 183.0639 268.0090 10.0000
v 183.5435 268.1216 10.0000
v 184.0469 268.2316 10.0000
v 184.5758 268.3410 10.0000
v 185.1319 268.4518 10.0000
v 185.7169 268.5661 10.0000
v 186.3325 268.6861 10.0000
v 186.9804 268.8136 10.0000
v 187.6618 268.9501 10.0000
v 188.3755 269.0937 10.0000
v 189.1198 269.2416 10.0000
v 189.8930 269.3912 10.0000
v 190.6934 269.5399 10.0000
v 191.5194 269.6850 10.0000
v 192.3692 269.8237 10.0000
v 193.2412 269.9536 10.0000
v 194.1342 270.0729 10.0000
v 195.0491 270.1849 10.0000
v 195.9877 270.2938 10.0000
v 196.9515 270.4038 10.0000
v 197.9421 270.5192 10.0000
v 198.9610 270.6442 10.0000
v 200.0098 270.7831 10.0000
v 201.0902 270.9402 10.0000
v 202.2024 271.1188 10.0000
v 203.3417 271.3194 10.0000
v 204.5023 271.5413 10.0000
v 205.6781 271.7841 10.0000
v 206.8632 272.0474 10.0000
v 208.0516 272.3306 10.0000
v 209.2375 272.6332 10.0000
v 210.4147 272.9547 10.0000
v 211.5775 273.2939 10.0000
v 212.7198 273.6469 10.0000
v 213.8356 274.0087 10.0000
v 214.9190 274.3748 10.0000
v 215.9639 274.7404 10.0000
v 216.9644 275.1007 10.0000
v 217.9145 275.4510 10.0000
v 218.8082 275.7865 10.0000
v 219.6416 276.1035 10.0000
v 220.4185 276.4020 10.0000
v 221.1447 276.6830 10.0000
v 221.8262 276.9475 10.0000
v 222.4689 277.1965 10.0000
v 223.0785 277.4309 10.0000
v 223.6611 277.6517 10.0000
v 224.2224 277.8600 10.0000
v 224.7686 278.0569 10.0000
v 225.3068 278.2439 10.0000
v 225.8443 278.4226 10.0000
v 226.3886 278.5948 10.0000
v 226.9469 278.7622 10.0000
v 227.5267 278.9264 10.0000
v 228.1354 279.0891 10.0000
v 228.7802 279.2519 10.0000
v 229.4665 279.4162 10.0000
v 230.1914 279.5817 10.0000
v 230.9499 279.7476 10.0000
v 231.7371 279.9131 10.0000
v 232.5480 280.0777 10.0000
v 233.3777 280.2405 10.0000
v 234.2212 280.4009 10.0000
v 235.0735 280.5581 10.0000
v 235.9305 280.7116 10.0000
v 236.7909 280.8616 10.0000
v 237.6542 281.0085 10.0000
v 238.5201 281.1527 10.0000
v 239.3879 281.2945 10.0000
v 240.2574 281.4343 10.0000
v 241.1279 281.5724 10.0000
v 241.9991 281.7094 10.0000
v 242.8699 281.8456 10.0000
v 243.7372 281.9818 10.0000
v 244.5974 282.1188 10.0000
v 245.4466 282.2574 10.0000
v 246.2812 282.3984 10.0000
v 247.0976 282.5426 10.0000
v 247.8921 282.6909 10.0000
v 248.6608 282.8441 10.0000
v 249.4022 283.0033 10.0000
v 250.1215 283.1707 10.0000
v 250.8261 283.3486 10.0000
v 251.5234 283.5396 10.0000
v 252.2208 283.7462 10.0000
v 252.9255 283.9708 10.0000
v 253.6448 284.2158 10.0000
v 254.3862 284.4838 10.0000
v 255.1543 284.7759 10.0000
v 255.9437 285.0885 10.0000
v 256.7459 285.4165 10.0000
v 257.5530 285.7549 10.0000
v 258.3567 286.0988 10.0000
v 259.1488 286.4433 10.0000
v 259.9211 286.7832 10.0000
v 260.6655 287.1137 10.0000
v 261.3762 287.4311 10.0000
v 262.0570 287.7366 10.0000
v 262.7144 288.0327 10.0000
v 263.3546 288.3222 10.0000
v 263.9840 288.6074 10.0000
v 264.6088 288.8910 10.0000
v 265.2355 289.1755 10.0000
v 265.8703 289.4636 10.0000
v 266.5192 289.7573 10.0000
v 267.1867 290.0575 10.0000
v 267.8773 290.3645 10.0000
v 268.5950 290.6789 10.0000
v 269.3441 291.0011 10.0000
v 270.1289 291.3314 10.0000
v 270.9535 291.6703 10.0000
v 271.8223 292.0183 10.0000
v 272.7358 292.3745 10.0000
v 273.6797 292.7338 10.0000
v 274.6361 293.0896 10.0000
v 275.5871 293.4355 10.0000
v 276.5146 293.7650 10.0000
v 277.4008 294.0717 10.0000
v 278.2277 294.3491 10.0000
v 278.9774 294.5908 10.0000
v 279.6368 294.7921 10.0000
v 280.2121 294.9558 10.0000
v 280.7147 295.0865 10.0000
v 281.1556 295.1885 10.0000
v 281.5460 295.2666 10.0000
v 281.8971 295.3253 10.0000
v 282.2200 295.3691 10.0000
v 282.5260 295.4025 10.0000
v 282.8243 295.4294 10.0000
v 283.1164 295.4509 10.0000
v 283.4018 295.4672 10.0000
v 283.6802 295.4786 10.0000
v 283.9512 295.4855 10.0000
v 284.2143 295.4881 10.0000
v 284.4691 295.4868 10.0000
v 284.7152 295.4819 10.0000
v 284.9523 295.4736 10.0000
v 285.1803 295.4619 10.0000
v 285.3992 295.4467 10.0000
v 285.6090 295.4279 10.0000
v 285.8097 295.4053 10.0000
v 286.0013 295.3789 10.0000
v 286.1838 295.3486 10.0000
v 286.3572 295.3143 10.0000
v 286.5219 295.2759 10.0000
v 286.6801 295.2335 10.0000
v 286.8346 295.1875 10.0000
v 286.9879 295.1381 10.0000
v 287.1428 295.0855 10.0000
v 287.3018 295.0300 10.0000
v 287.4677 294.9717 10.0000
v 287.6430 294.9109 10.0000
v 287.8292 294.8481 10.0000
v 288.0224 294.7844 10.0000
v 288.2176 294.7213 10.0000
v 288.4096 294.6600 10.0000
v 288.5933 294.6021 10.0000
v 288.7636 294.5489 10.0000
v 288.9154 294.5017 10.0000
v 289.0437 294.4621 10.0000
v 289.1453 294.4319 10.0000
v 289.2256 294.4154 10.0000
v 289.2919 294.4175 10.0000
v 289.3515 294.4430 10.0000
v 289.4119 294.4968 10.0000
v 289.4802 294.5838 10.0000
v 289.5640 294.7088 10.0000
v 289.6704 294.8768 10.0000
v 289.8046 295.0909 10.0000
v 289.9622 295.3483 10.0000
v 290.1364 295.6447 10.0000
v 290.3207 295.9757 10.0000
v 290.5083 296.3369 10.0000
v 290.6925 296.7239 10.0000
v 290.8666 297.1323 10.0000
v 291.0239 297.5578 10.0000
v 291.1605 297.9967 10.0000
v 291.2829 298.4485 10.0000
v 291.4003 298.9135 10.0000
v 291.5221 299.3922 10.0000
v 291.6574 299.8847 10.0000
v 291.8156 300.3915 10.0000
v 292.0059 300.9127 10.0000
v 292.2375 301.4488 10.0000
v 292.5172 301.9992 10.0000
v 292.8418 302.5605 10.0000
v 293.2055 303.1282 10.0000
v 293.6025 303.6981 10.0000
v 294.0272 304.2659 10.0000
v 294.4738 304.8272 10.0000
v 294.9366 305.3777 10.0000
v 295.4097 305.9131 10.0000
v 295.8882 306.4296 10.0000
v 296.3692 306.9252 10.0000
v 296.8506 307.3984 10.0000
v 297.3305 307.8479 10.0000
v 297.8067 308.2720 10.0000
v 298.2770 308.6695 10.0000
v 298.7395 309.0388 10.0000
v 299.1919 309.3784 10.0000
v 299.6331 309.6874 10.0000
v 300.0650 309.9667 10.0000
v 300.4903 310.2178 10.0000
v 300.9117 310.4421 10.0000
v 301.3321 310.6410 10.0000
v 301.7543 310.8159 10.0000
v 302.1808 310.9684 10.0000
v 302.6146 311.0997 10.0000
v 303.0576 311.2114 10.0000
v 303.5091 311.3046 10.0000
v 303.9673 311.3808 10.0000
v 304.4307 311.4410 10.0000
v 304.8978 311.4866 10.0000
v 305.3670 311.5189 10.0000
v 305.8367 311.5390 10.0000
v 306.3053 311.5483 10.0000
v 306.7710 311.5481 10.0000
v 307.2315 311.5406 10.0000
v 307.6841 311.5278 10.0000
v 308.1262 311.5120 10.0000
v 308.5552 311.4955 10.0000
v 308.9686 311.4803 10.0000
v 309.3637 311.4687 10.0000
v 309.7379 311.4630 10.0000
v 310.0906 311.4655 10.0000
v 310.4293 311.4799 10.0000
v 310.7633 311.5103 10.0000
v 311.1020 311.5604 10.0000
v 311.4549 311.6343 10.0000
v 311.8313 311.7358 10.0000
v 312.2407 311.8690 10.0000
v 312.6924 312.0377 10.0000
v 313.1932 312.2452 10.0000
v 313.7391 312.4915 10.0000
v 314.3235 312.7764 10.0000
v 314.9398 313.0991 10.0000
v 315.5811 313.4591 10.0000
v 316.2410 313.8560 10.0000
v 316.9128 314.2893 10.0000
v 317.5898 314.7582 10.0000
v 317.9113 314.9975 10.0000
v 0.1339 100.8367 5.0000
v 0.1356 100.8400 5.0000
v 1.5656 103.2900 5.0000
v 4.1256 107.8900 5.0000
v 6.7956 113.8800 5.0000
v 8.5356 119.1900 5.0000
v 8.7378 119.8288 5.0000
v 49.9137 213.3086 5.0000
v 53.1219 217.1161 5.0000
v 58.6498 222.9462 5.0000
v 65.0598 228.4070 5.0000
v 68.2282 231.1776 5.0000
v 69.0703 231.8689 5.0000
v 69.9044 232.5489 5.0000
v 70.7292 233.2182 5.0000
v 71.5433 233.8775 5.0000
v 72.3454 234.5273 5.0000
v 73.1342 235.1684 5.0000
v 73.9082 235.8014 5.0000
v 74.6662 236.4269 5.0000
v 75.4085 237.0467 5.0000
v 76.1424 237.6677 5.0000
v 76.8768 238.2979 5.0000
v 77.6208 238.9452 5.0000
v 78.3833 239.6176 5.0000
v 79.1733 240.3231 5.0000
v 79.9998 241.0697 5.0000
v 80.8717 241.8654 5.0000
v 81.7955 242.7149 5.0000
v 82.7673 243.6103 5.0000
v 83.7806 244.5401 5.0000
v 84.8289 245.4932 5.0000
v 85.9058 246.4582 5.0000
v 87.0048 247.4239 5.0000
v 88.1193 248.3790 5.0000
v 89.2430 249.3121 5.0000
v 90.3691 250.2132 5.0000
v 91.4901 251.0766 5.0000
v 92.5984 251.8975 5.0000
v 93.6861 252.6716 5.0000
v 94.7455 253.3942 5.0000
v 95.7689 254.0606 5.0000
v 96.7485 254.6664 5.0000
v 97.6767 255.2069 5.0000
v 98.5465 255.6792 5.0000
v 99.3541 256.0869 5.0000
v 100.0968 256.4351 5.0000
v 100.7714 256.7290 5.0000
v 101.3752 256.9739 5.0000
v 101.9053 257.1748 5.0000
v 102.3586 257.3370 5.0000
v 102.7324 257.4657 5.0000
v 103.0294 257.5664 5.0000
v 103.2759 257.6462 5.0000
v 103.5036 257.7124 5.0000
v 103.7445 257.7724 5.0000
v 104.0304 257.8336 5.0000
v 104.3933 257.9033 5.0000
v 104.8651 257.9890 5.0000
v 105.4776 258.0980 5.0000
v 106.2526 258.2355 5.0000
v 107.1707 258.3979 5.0000
v 108.2023 258.5793 5.0000
v 109.3181 258.7739 5.0000
v 110.4885 258.9759 5.0000
v 111.6838 259.1795 5.0000
v 112.8748 259.3787 5.0000
v 114.0317 259.5679 5.0000
v 115.1304 259.7425 5.0000
v 116.1680 259.9037 5.0000
v 117.1469 260.0542 5.0000
v 118.0695 260.1966 5.0000
v 118.9381 260.3335 5.0000
v 119.7551 260.4675 5.0000
v 120.5230 260.6012 5.0000
v 121.2440 260.7372 5.0000
v 121.9227 260.8780 5.0000
v 122.5716 261.0250 5.0000
v 123.2052 261.1796 5.0000
v 123.8380 261.3433 5.0000
v 124.4846 261.5173 5.0000
v 125.1596 261.7031 5.0000
v 125.8776 261.9018 5.0000
v 126.6529 262.1151 5.0000
v 127.4974 262.3442 5.0000
v 128.4104 262.5915 5.0000
v 129.3886 262.8593 5.0000
v 130.4286 263.1500 5.0000
v 131.5270 263.4659 5.0000
v 132.6804 263.8094 5.0000
v 133.8854 264.1828 5.0000
v 135.1385 264.5886 5.0000
v 136.4345 265.0270 5.0000
v 137.7607 265.4908 5.0000
v 139.1025 265.9705 5.0000
v 140.4451 266.4566 5.0000
v 141.7742 266.9399 5.0000
v 143.0750 267.4109 5.0000
v 144.3330 267.8601 5.0000
v 145.5335 268.2783 5.0000
v 146.6687 268.6578 5.0000
v 147.7576 268.9981 5.0000
v 148.8259 269.3006 5.0000
v 149.8994 269.5667 5.0000
v 151.0039 269.7976 5.0000
v 152.1650 269.9947 5.0000
v 153.4085 270.1594 5.0000
v 154.7601 270.2929 5.0000
v 156.2339 270.3965 5.0000
v 157.7972 270.4700 5.0000
v 159.4057 270.5134 5.0000
v 161.0150 270.5263 5.0000
v 162.5807 270.5086 5.0000
v 164.0585 270.4601 5.0000
v 165.4039 270.3805 5.0000
v 166.5727 270.2697 5.0000
v 167.5324 270.1282 5.0000
v 168.2984 269.9597 5.0000
v 168.8979 269.7689 5.0000
v 169.3584 269.5602 5.0000
v 169.7070 269.3382 5.0000
v 169.9712 269.1074 5.0000
v 170.1781 268.8724 5.0000
v 170.3552 268.6377 5.0000
v 170.5254 268.4082 5.0000
v 170.6944 268.1902 5.0000
v 170.8634 267.9905 5.0000
v 171.0339 267.8157 5.0000
v 171.2072 267.6725 5.0000
v 171.3845 267.5675 5.0000
v 171.5673 267.5075 5.0000
v 171.7569 267.4992 5.0000
v 171.9539 267.5467 5.0000
v 172.1565 267.6441 5.0000
v 172.3624 267.7830 5.0000
v 172.5690 267.9551 5.0000
v 172.7740 268.1518 5.0000
v 172.9748 268.3648 5.0000
v 173.1691 268.5857 5.0000
v 173.3543 268.8060 5.0000
v 173.5289 269.0190 5.0000
v 173.6941 269.2246 5.0000
v 173.8519 269.4241 5.0000
v 174.0044 269.6192 5.0000
v 174.1537 269.8113 5.0000
v 174.3017 270.0019 5.0000
v 174.4506 270.1925 5.0000
v 174.6024 270.3845 5.0000
v 174.7591 270.5791 5.0000
v 174.9230 270.7758 5.0000
v 175.0963 270.9737 5.0000
v 175.2811 271.1720 5.0000
v 175.4798 271.3698 5.0000
v 175.6945 271.5663 5.0000
v 175.9274 271.7605 5.0000
v 176.1809 271.9517 5.0000
v 176.4564 272.1388 5.0000
v 176.7532 272.3206 5.0000
v 177.0701 272.4958 5.0000
v 177.4055 272.6629 5.0000
v 177.7582 272.8207 5.0000
v 178.1268 272.9678 5.0000
v 178.5100 273.1028 5.0000
v 178.9064 273.2243 5.0000
v 179.3149 273.3320 5.0000
v 179.7359 273.4289 5.0000
v 180.1700 273.5192 5.0000
v 180.6177 273.6069 5.0000
v 181.0798 273.6961 5.0000
v 181.5567 273.7908 5.0000
v 182.0493 273.8951 5.0000
v 182.5579 274.0131 5.0000
v 183.0833 274.1476 5.0000
v 183.6257 274.2963 5.0000
v 184.1854 274.4556 5.0000
v 184.7625 274.6219 5.0000
v 185.3575 274.7916 5.0000
v 185.9704 274.9612 5.0000
v 186.6016 275.1272 5.0000
v 187.2513 275.2858 5.0000
v 187.9206 275.4349 5.0000
v 188.6142 275.5772 5.0000
v 189.3377 275.7168 5.0000
v 190.0966 275.8578 5.0000
v 190.8966 276.0043 5.0000
v 191.7431 276.1603 5.0000
v 192.6417 276.3300 5.0000
v 193.5981 276.5174 5.0000
v 194.6169 276.7257 5.0000
v 195.6998 276.9550 5.0000
v 196.8478 277.2043 5.0000
v 198.0615 277.4727 5.0000
v 199.3420 277.7595 5.0000
v 200.6900 278.0637 5.0000
v 202.1065 278.3844 5.0000
v 203.5923 278.7208 5.0000
v 205.1440 279.0713 5.0000
v 206.7419 279.4311 5.0000
v 208.3621 279.7949 5.0000
v 209.9805 280.1572 5.0000
v 211.5732 280.5125 5.0000
v 213.1162 280.8554 5.0000
v 214.5856 281.1805 5.0000
v 215.9574 281.4824 5.0000
v 217.2145 281.7574 5.0000
v 218.3676 282.0099 5.0000
v 219.4342 282.2461 5.0000
v 220.4318 282.4721 5.0000
v 221.3780 282.6941 5.0000
v 222.2904 282.9182 5.0000
v 223.1864 283.1508 5.0000
v 224.0836 283.3978 5.0000
v 224.9988 283.6643 5.0000
v 225.9455 283.9505 5.0000
v 226.9364 284.2552 5.0000
v 227.9843 284.5772 5.0000
v 229.1019 284.9156 5.0000
v 230.3020 285.2692 5.0000
v 231.5973 285.6370 5.0000
v 233.0006 286.0177 5.0000
v 234.5172 286.4093 5.0000
v 236.1228 286.8053 5.0000
v 237.7859 287.1982 5.0000
v 239.4747 287.5803 5.0000
v 241.1575 287.9442 5.0000
v 242.8028 288.2823 5.0000
v 244.3789 288.5871 5.0000
v 245.8541 288.8510 5.0000
v 247.2043 289.0692 5.0000
v 248.4362 289.2470 5.0000
v 249.5640 289.3926 5.0000
v 250.6019 289.5141 5.0000
v 251.5641 289.6196 5.0000
v 252.4649 289.7172 5.0000
v 253.3184 289.8150 5.0000
v 254.1388 289.9212 5.0000
v 254.9379 290.0422 5.0000
v 255.7168 290.1785 5.0000
v 256.4743 290.3290 5.0000
v 257.2091 290.4926 5.0000
v 257.9199 290.6682 5.0000
v 258.6054 290.8545 5.0000
v 259.2643 291.0507 5.0000
v 259.8953 291.2554 5.0000
v 260.5021 291.4704 5.0000
v 261.1080 291.7082 5.0000
v 261.7414 291.9842 5.0000
v 262.4307 292.3137 5.0000
v 263.2042 292.7120 5.0000
v 264.0902 293.1944 5.0000
v 265.1172 293.7763 5.0000
v 266.3134 294.4731 5.0000
v 267.6932 295.2915 5.0000
v 269.2147 296.2044 5.0000
v 270.8217 297.1761 5.0000
v 272.4584 298.1710 5.0000
v 274.0687 299.1534 5.0000
v 275.5966 300.0877 5.0000
v 276.9862 300.9381 5.0000
v 278.1814 301.6691 5.0000
v 279.1411 302.2538 5.0000
v 279.8839 302.7004 5.0000
v 280.4433 303.0261 5.0000
v 280.8528 303.2478 5.0000
v 281.1459 303.3828 5.0000
v 281.3560 303.4481 5.0000
v 281.5167 303.4607 5.0000
v 281.6614 303.4378 5.0000
v 281.8178 303.3934 5.0000
v 281.9904 303.3297 5.0000
v 282.1780 303.2459 5.0000
v 282.3792 303.1410 5.0000
v 282.5929 303.0142 5.0000
v 282.8177 302.8647 5.0000
v 283.0524 302.6916 5.0000
v 283.2956 302.4941 5.0000
v 283.5459 302.2727 5.0000
v 283.8012 302.0337 5.0000
v 284.0591 301.7847 5.0000
v 284.3173 301.5334 5.0000
v 284.5733 301.2873 5.0000
v 284.8250 301.0542 5.0000
v 285.0699 300.8416 5.0000
v 285.3057 300.6573 5.0000
v 285.5305 300.5083 5.0000
v 285.7442 300.3995 5.0000
v 285.9472 300.3353 5.0000
v 286.1397 300.3200 5.0000
v 286.3221 300.3580 5.0000
v 286.4948 300.4536 5.0000
v 286.6580 300.6113 5.0000
v 286.8123 300.8353 5.0000
v 286.9577 301.1270 5.0000
v 287.0941 301.4760 5.0000
v 287.2215 301.8687 5.0000
v 287.3394 302.2917 5.0000
v 287.4477 302.7316 5.0000
v 287.5462 303.1748 5.0000
v 287.6347 303.6079 5.0000
v 287.7130 304.0174 5.0000
v 287.7811 304.3930 5.0000
v 287.8405 304.7366 5.0000
v 287.8930 305.0535 5.0000
v 287.9405 305.3489 5.0000
v 287.9848 305.6278 5.0000
v 288.0275 305.8955 5.0000
v 288.0707 306.1571 5.0000
v 288.1160 306.4177 5.0000
v 288.1656 306.6822 5.0000
v 288.2232 306.9534 5.0000
v 288.2930 307.2340 5.0000
v 288.3789 307.5265 5.0000
v 288.4849 307.8336 5.0000
v 288.6153 308.1577 5.0000
v 288.7739 308.5015 5.0000
v 288.9650 308.8676 5.0000
v 289.1912 309.2571 5.0000
v 289.4503 309.6659 5.0000
v 289.7123 310.0502 5.0000
v 330.4210 194.9880 45.0000
v 330.8170 195.0306 45.0000
v 331.4205 195.1022 45.0000
v 332.1109 195.1901 45.0000
v 332.8732 195.2937 45.0000
v 333.6861 195.4117 45.0000
v 334.5284 195.5429 45.0000
v 335.3785 195.6860 45.0000
v 336.2152 195.8397 45.0000
v 337.0171 196.0029 45.0000
v 337.7629 196.1742 45.0000
v 338.4395 196.3543 45.0000
v 339.0672 196.5513 45.0000
v 339.6745 196.7750 45.0000
v 340.2899 197.0354 45.0000
v 340.9421 197.3423 45.0000
v 341.6594 197.7057 45.0000
v 342.4706 198.1354 45.0000
v 343.4041 198.6414 45.0000
v 344.4860 199.2334 45.0000
v 345.7320 199.9207 45.0000
v 347.1555 200.7124 45.0000
v 348.7697 201.6174 45.0000
v 350.5880 202.6449 45.0000
v 352.6236 203.8039 45.0000
v 354.8899 205.1036 45.0000
v 357.4000 206.5530 45.0000
v 360.1537 208.1530 45.0000
v 363.0954 209.8722 45.0000
v 366.1558 211.6711 45.0000
v 369.2660 213.5099 45.0000
v 372.3565 215.3492 45.0000
v 375.3583 217.1493 45.0000
v 378.2022 218.8706 45.0000
v 380.8189 220.4737 45.0000
v 383.1546 221.9276 45.0000
v 385.2171 223.2364 45.0000
v 387.0294 224.4132 45.0000
v 388.6145 225.4707 45.0000
v 389.9956 226.4220 45.0000
v 391.1958 227.2798 45.0000
v 392.2380 228.0571 45.0000
v 393.1454 228.7667 45.0000
v 393.9392 229.4199 45.0000
v 394.3615 229.7854 45.0000
v 243.1381 139.9441 50.0000
v 246.8256 140.1200 50.0000
v 248.8456 140.4300 50.0000
v 251.4056 140.9800 50.0000
v 254.0456 141.6600 50.0000
v 255.1356 142.1400 50.0000
v 255.9656 142.7400 50.0000
v 256.6156 143.3700 50.0000
v 257.9056 144.8600 50.0000
v 259.0246 146.1718 50.0000
v 262.0528 148.9201 50.0000
v 265.3489 151.8662 50.0000
v 267.9255 153.3815 50.0000
v 327.8882 183.6919 50.0000
v 331.4394 185.3241 50.0000
v 339.3503 187.3961 50.0000
v 347.4166 189.3634 50.0000
v 356.0187 192.7400 50.0000
v 363.5118 196.7385 50.0000
v 371.0486 201.1991 50.0000
v 377.9226 204.7292 50.0000
v 390.1552 210.8190 50.0000
v 391.4620 211.5360 50.0000
v 392.8624 212.2486 50.0000
v 394.1043 212.9891 50.0000
v 395.3176 213.7155 50.0000
v 396.5057 214.4254 50.0000
v 397.6722 215.1166 50.0000
v 398.8206 215.7869 50.0000
v 399.9524 216.4333 50.0000
v 401.0616 217.0500 50.0000
v 402.1401 217.6304 50.0000
v 403.1799 218.1679 50.0000
v 404.1728 218.6559 50.0000
v 405.1109 219.0880 50.0000
v 405.9862 219.4574 50.0000
v 406.7905 219.7577 50.0000
v 407.5180 219.9842 50.0000
v 408.1718 220.1404 50.0000
v 408.7571 220.2317 50.0000
v 409.2792 220.2634 50.0000
v 409.7434 220.2410 50.0000
v 410.1549 220.1698 50.0000
v 410.5189 220.0553 50.0000
v 410.8407 219.9029 50.0000
v 411.1251 219.7172 50.0000
v 411.3746 219.5004 50.0000
v 411.5912 219.2537 50.0000
v 411.7771 218.9786 50.0000
v 411.9342 218.6762 50.0000
v 412.0646 218.3481 50.0000
v 412.1704 217.9955 50.0000
v 412.2536 217.6198 50.0000
v 412.3666 216.8027 50.0000
v 413.2356 211.2700 50.0000
v 413.7056 208.3200 50.0000
v 413.8756 205.7100 50.0000
v 413.8256 204.1100 50.0000
v 413.6556 202.4800 50.0000
v 412.7956 195.1100 50.0000
v 412.2856 192.5400 50.0000
v 411.8156 191.1200 50.0000
v 410.8156 188.6500 50.0000
v 408.3456 182.4700 50.0000
v 405.5756 174.6000 50.0000
v 404.4556 172.0300 50.0000
v 403.4356 170.2900 50.0000
v 402.0556 168.3800 50.0000
v 400.1056 165.9500 50.0000
v 395.5256 160.3400 50.0000
v 392.0556 156.8800 50.0000
v 387.4056 152.3700 50.0000
v 384.6656 150.0200 50.0000
v 382.5056 148.6000 50.0000
v 376.8856 144.8200 50.0000
v 372.2756 141.3500 50.0000
v 369.7656 139.7500 50.0000
v 367.4956 138.4700 50.0000
v 363.5456 136.3100 50.0000
v 362.2556 135.8600 50.0000
v 361.3856 135.7300 50.0000
v 360.2256 135.6700 50.0000
v 354.9856 135.7700 50.0000
v 354.1656 135.5500 50.0000
v 353.3056 135.1800 50.0000
v 352.5256 134.6900 50.0000
v 351.8256 134.1100 50.0000
v 351.2356 133.4500 50.0000
v 350.7756 132.7400 50.0000
v 350.4356 131.9900 50.0000
v 350.1256 130.8000 50.0000
v 350.0656 129.8300 50.0000
v 350.0156 127.5500 50.0000
v 349.7656 126.5900 50.0000
v 349.5558 126.1703 50.0000
v 196.6705 24.3954 50.0000
v 191.3156 20.8600 50.0000
v 187.2456 18.4100 50.0000
v 184.7156 17.0200 50.0000
v 182.4356 16.0300 50.0000
v 180.8756 15.6300 50.0000
v 179.6956 15.5000 50.0000
v 177.6456 15.4900 50.0000
v 176.3256 15.7000 50.0000
v 174.8256 16.1200 50.0000
v 172.8056 16.8500 50.0000
v 169.8056 18.1300 50.0000
v 168.4056 18.9400 50.0000
v 165.9356 20.6600 50.0000
v 164.1456 22.1400 50.0000
v 162.4956 23.6600 50.0000
v 160.8656 25.3500 50.0000
v 158.0056 28.7000 50.0000
v 155.8156 31.7300 50.0000
v 154.5856 33.7900 50.0000
v 153.7656 35.7000 50.0000
v 153.2656 37.3100 50.0000
v 152.5956 40.1500 50.0000
v 152.1156 43.2500 50.0000
v 151.7256 47.1000 50.0000
v 151.2756 53.8400 50.0000
v 150.9556 62.9600 50.0000
v 150.9456 70.0900 50.0000
v 151.1656 73.6100 50.0000
v 151.5556 75.7500 50.0000
v 152.5856 79.1100 50.0000
v 154.0756 83.5100 50.0000
v 155.8056 87.9500 50.0000
v 157.7019 93.8147 50.0000
v 158.9168 97.4258 50.0000
v 161.6564 104.1170 50.0000
v 165.3720 109.3956 50.0000
v 171.2814 115.2234 50.0000
v 179.0383 122.4317 50.0000
v 184.9356 128.7900 50.0000
v 186.8356 130.5900 50.0000
v 190.9556 134.2400 50.0000
v 194.5156 137.1100 50.0000
v 196.2556 138.1200 50.0000
v 197.4456 138.5900 50.0000
v 198.5956 138.8900 50.0000
v 200.8956 139.2100 50.0000
v 207.4556 139.8900 50.0000
v 208.1144 139.9164 50.0000
f 6626 6627 2703
f 2642 6621 2641
f 6621 6620 2641
f 6633 2644 2645
f 6628 6627 2643
f 6679 2764 2763
f 7489 7488 116
f 6622 6621 2642
f 6865 6866 7106
f 2581 12008 2571
f 2572 2581 2571
f 2707 6633 2708
f 2644 6632 2643
f 6633 6632 2644
f 6632 6631 2643
f 2707 6632 6633
f 6632 2706 6631
f 6632 2707 2706
f 2706 2705 6631
f 13333 9731 10213
f 7925 5874 7926
f 3471 3472 3289
f 3471 6931 6932
f 6623 2642 6624
f 6623 6622 2642
f 3288 3471 3289
f 3471 3288 6931
f 2570 12006 12005
f 2646 6633 2645
f 6633 2647 2708
f 2646 2647 6633
f 2705 6630 6631
f 6631 6630 2643
f 6628 2704 6627
f 6627 2704 2703
f 9733 10214 10213
f 13333 10214 13334
f 10214 13333 10213
f 9226 4580 4581
f 4582 9226 4581
f 9226 4582 9731
f 11448 10679 11103
f 11448 11102 10679
f 8565 7897 8566
f 4580 12844 4581
f 12844 8565 8566
f 12844 4582 4581
f 4582 12844 8566
f 6584 2510 2509
f 2861 2860 2986
f 13837 2355 13838
f 2487 6595 6594
f 2487 2488 6596
f 6597 6598 12166
f 6594 12161 12160
f 3397 3204 3203
f 6934 6935 3472
f 13814 6810 7215
f 6941 6942 3473
f 3479 3294 3113
f 6803 7207 7208
f 7208 13806 13807
f 7209 7208 13807
f 6938 3472 6937
f 6800 6941 6940
f 6931 6791 6932
f 7105 6861 7106
f 1502 1501 11808
f 7490 7489 116
f 12013 2570 12005
f 2701 6625 6626
f 12129 6625 2701
f 3288 3470 6931
f 2702 6626 2703
f 2702 2701 6626
f 2648 2649 2708
f 2647 2648 2708
f 2649 2648 2581
f 2648 12008 2581
f 2648 2647 12008
f 6629 6630 2705
f 6629 2704 6628
f 2704 6629 2705
f 6629 6628 2643
f 6630 6629 2643
f 7561 7560 7555
f 7560 7561 216
f 7562 7561 7555
f 7561 7562 216
f 7562 217 216
f 9732 9733 10213
f 9732 9228 9733
f 9730 9226 9731
f 12210 12209 210
f 211 12210 210
f 12210 211 12211
f 215 7560 216
f 8588 8589 8587
f 12 2379 2380
f 867 2379 866
f 2379 867 2380
f 13 2380 14
f 13 12 2380
f 1001 1002 866
f 1008 867 866
f 10709 10708 4252
f 11102 11447 11446
f 11447 11448 11446
f 11448 11447 11102
f 7898 7897 5842
f 7897 7898 8566
f 6811 3482 6953
f 3482 6811 6954
f 3481 3482 3295
f 3482 3481 6953
f 3481 6810 6953
f 2893 2992 2993
f 12126 2859 2860
f 12126 2697 2698
f 2859 12126 2858
f 7682 4065 7650
f 7356 2458 7650
f 4253 10709 4252
f 10709 4253 10710
f 2737 6653 2738
f 3273 3272 3451
f 11280 10942 10943
f 11274 10938 11275
f 12151 6589 6578
f 12164 12165 12166
f 12165 6597 12166
f 6597 12165 12164
f 6597 2492 6598
f 6589 6588 6578
f 6588 6587 6578
f 6587 6588 6589
f 12163 1143 1142
f 6595 12163 6594
f 3889 132 7493
f 174 175 7529
f 3580 3581 13683
f 3395 13682 13683
f 13682 3395 3394
f 3398 3205 3204
f 3397 3398 3204
f 3398 3397 13683
f 11914 11915 1812
f 11915 11914 1990
f 3472 6936 6937
f 6935 6936 3472
f 3328 3327 3517
f 3515 3326 3325
f 3138 3324 3325
f 6843 7245 7246
f 2153 2321 2320
f 7216 6810 13814
f 6811 7216 13815
f 6810 7216 6953
f 7216 6811 6953
f 3479 3480 3294
f 3290 3291 3109
f 13801 7203 13800
f 6809 6810 6952
f 6810 6809 7215
f 6942 6943 3473
f 13806 13805 2315
f 7207 13805 7208
f 13805 13806 7208
f 6805 7210 7211
f 6939 6800 6940
f 6798 6939 6938
f 6800 6801 6941
f 6941 6801 6942
f 6790 6791 6931
f 3470 6790 6931
f 7203 7202 13800
f 2128 2016 2127
f 2353 2352 2129
f 2354 2353 2129
f 2354 2128 2355
f 2128 2354 2129
f 2353 2354 13836
f 2354 13837 13836
f 13837 2354 2355
f 2355 2356 13838
f 2128 2356 2355
f 2356 2128 2127
f 2126 2016 1899
f 2016 2126 2127
f 2015 2126 1899
f 2125 2126 2015
f 2126 2356 2127
f 2356 2126 2125
f 12843 5841 12842
f 1513 11809 11808
f 1505 11809 11741
f 11742 11747 11741
f 6789 7193 7194
f 11878 1782 1691
f 3525 3335 3334
f 3335 3525 3526
f 3341 3340 3531
f 3342 3341 3531
f 7247 7248 6846
f 7248 6847 6846
f 7248 2341 13828
f 2341 7248 7247
f 2341 7247 7246
f 6844 6843 7246
f 7247 6844 7246
f 3537 3536 6999
f 3536 3537 3345
f 2658 12006 2570
f 2715 2658 2570
f 12006 2658 2584
f 2700 12129 12128
f 2700 6625 12129
f 3107 2980 2855
f 2582 12007 2584
f 2582 2712 12007
f 2712 2582 2713
f 12139 2712 2713
f 3454 3276 6768
f 7169 13758 6767
f 13758 7169 13757
f 12009 2650 2649
f 2650 12009 2651
f 12869 8592 8593
f 4598 12869 8593
f 8592 12869 12868
f 7933 8594 8593
f 9740 4599 9741
f 4599 4598 8593
f 7562 3962 217
f 218 3962 3963
f 3962 218 217
f 7932 8592 7931
f 8592 7932 8593
f 9732 9227 9228
f 9227 4582 12845
f 4582 9227 9731
f 9731 9227 10213
f 9227 9732 10213
f 9226 9225 4580
f 9730 9225 9226
f 10212 9730 9731
f 13332 10212 13333
f 10212 9731 13333
f 10212 13332 13331
f 12210 5137 12209
f 5874 5137 7926
f 5137 12210 12211
f 12215 12214 213
f 12214 12215 5141
f 5145 12218 216
f 12218 215 216
f 214 12215 213
f 7922 7923 7925
f 12864 12865 4595
f 3962 7563 3963
f 7563 3962 7562
f 7564 3966 7269
f 1004 1005 866
f 962 2458 2457
f 1093 951 1092
f 1007 1008 866
f 1008 1009 867
f 4235 10685 10684
f 4232 13341 4233
f 10682 4232 4233
f 1012 867 1011
f 5843 5109 5844
f 5843 7898 5842
f 7898 5843 5844
f 5109 5110 5844
f 7898 8567 8566
f 4582 8567 12845
f 8567 4582 8566
f 9229 10214 9733
f 10214 9229 13334
f 12170 2483 11643
f 2483 12170 12169
f 6584 6585 2510
f 12157 11656 11657
f 11656 2485 11657
f 2485 11656 2486
f 7267 11 7552
f 6811 7217 6954
f 12123 2864 12122
f 2987 2864 3114
f 2861 12125 2860
f 12125 12126 2860
f 2697 12125 2696
f 12126 12125 2697
f 4067 4066 7682
f 4066 4065 7682
f 1094 1095 954
f 1049 900 1048
f 4253 4254 10710
f 2751 2750 6664
f 2533 2532 2511
f 2744 12062 12061
f 2667 2568 2668
f 2750 6663 6664
f 2558 12018 12019
f 12018 2530 12019
f 2531 2530 2511
f 2532 2531 2511
f 2728 12040 12039
f 12055 12054 2738
f 12054 2737 2738
f 2739 12055 2738
f 2737 6652 6653
f 6652 6651 2663
f 6653 6652 2663
f 2932 3048 3049
f 12037 12036 2728
f 12037 2841 12036
f 3274 3091 3273
f 3092 3091 3274
f 3452 3273 3451
f 3452 3274 3273
f 3599 490 489
f 541 3613 3614
f 541 540 3613
f 13833 13834 7251
f 4418 4419 10943
f 10942 4418 10943
f 10465 10005 10006
f 4419 10944 10943
f 10945 10944 4419
f 10944 10945 11283
f 10944 11282 10943
f 11282 10944 11283
f 11285 10946 11286
f 11285 10945 10946
f 11277 11276 10940
f 11278 11277 10940
f 4107 4106 7726
f 4068 4067 7682
f 11452 11453 11449
f 11451 11452 11449
f 11128 11453 11452
f 11451 11128 11452
f 2688 2687 2538
f 6677 2687 2688
f 2492 11648 6598
f 2489 6597 12164
f 1147 6595 1148
f 1147 12163 6595
f 12162 12161 6594
f 12163 12162 6594
f 118 7491 7490
f 138 7494 7493
f 12161 1108 12160
f 2254 2097 2096
f 6701 7060 7059
f 3202 3396 3203
f 3395 3396 3202
f 3396 3397 3203
f 3397 3396 13683
f 3396 3395 13683
f 3405 3406 3207
f 1811 11914 1812
f 11913 1808 11912
f 11913 1809 1808
f 11914 1989 1990
f 11913 1989 11914
f 1808 1807 11912
f 7111 2251 13713
f 2095 2211 2096
f 2211 2254 2096
f 2256 2211 2095
f 2094 2095 1978
f 2094 2256 2095
f 2256 2094 13716
f 1981 2095 2096
f 2097 1983 2096
f 1984 1983 2097
f 2215 2214 2251
f 2101 2215 2216
f 3520 3330 3329
f 3138 3137 3317
f 6851 7249 13829
f 2342 7249 13828
f 7249 2342 13829
f 13833 13832 2349
f 13832 13833 7251
f 6852 13832 7251
f 2130 2018 2129
f 11816 11815 1902
f 11807 1435 11806
f 6930 6790 3470
f 6930 6789 7194
f 2154 2153 2320
f 13810 2319 2320
f 2319 2154 2320
f 2154 2319 2155
f 2155 2156 2044
f 2156 2045 2044
f 2156 2319 2318
f 2319 2156 2155
f 2316 13806 2315
f 2158 2316 2315
f 2317 2316 2158
f 13806 2316 13807
f 2316 2317 13807
f 2323 2322 2152
f 2321 2322 13812
f 2322 2153 2152
f 2322 2321 2153
f 13813 13814 7215
f 13813 2323 13814
f 13813 2322 2323
f 13812 13813 7215
f 2322 13813 13812
f 2983 2984 2858
f 2985 2859 2858
f 2984 2985 2858
f 2859 2985 2860
f 2860 2985 2986
f 7205 13803 7206
f 6801 7205 7206
f 7205 6801 6800
f 13803 13802 2312
f 13802 2311 2312
f 2311 13802 13801
f 7205 13802 13803
f 7214 13812 7215
f 6809 7214 7215
f 6950 3480 3479
f 6949 6950 3479
f 6809 6950 6808
f 6950 6949 6808
f 3476 6946 3477
f 6949 6807 6808
f 2319 13809 2318
f 13809 2319 13810
f 13809 13810 7211
f 7210 13809 7211
f 6804 7210 6805
f 6804 6945 6944
f 7209 6804 6944
f 7210 6804 7209
f 6946 6804 6805
f 6804 6946 6945
f 6801 6802 6942
f 6802 6943 6942
f 6943 6802 6803
f 6802 6801 7206
f 7207 6802 7206
f 6802 7207 6803
f 6790 7196 6791
f 7199 13798 7200
f 6794 7199 7200
f 7199 13797 13798
f 13797 7199 7198
f 6791 6792 6932
f 6798 6797 7203
f 6797 7202 7203
f 6797 6798 6938
f 6797 6938 6937
f 6936 6797 6937
f 6797 7201 7202
f 11815 1901 1902
f 2352 2351 2349
f 13835 2353 13836
f 13835 2352 2353
f 2351 13835 13834
f 13835 2351 2352
f 6852 13835 7009
f 13834 13835 7251
f 13835 6852 7251
f 1634 1720 1721
f 1635 1634 1721
f 1714 1628 1627
f 3395 3201 3394
f 3201 3395 3202
f 850 12843 12842
f 7670 7669 7651
f 13529 4422 4421
f 10946 10947 11286
f 10947 11287 11286
f 10947 10946 4421
f 4422 10947 4421
f 13530 10474 10475
f 13530 4422 13529
f 10473 13530 13529
f 10474 13530 10473
f 11300 11292 11293
f 10476 13531 10475
f 13531 13530 10475
f 10037 9537 9538
f 9537 4908 9538
f 11565 11564 11343
f 1503 1502 11808
f 11809 1503 11808
f 1514 11742 11741
f 1514 11809 1513
f 11809 1514 11741
f 11747 1538 1539
f 1480 11793 1481
f 1953 2061 2174
f 2061 1952 1951
f 1952 2061 1953
f 1536 1623 1624
f 1689 1688 1778
f 1779 1689 1778
f 1991 11917 11916
f 11917 1815 11916
f 1815 11917 11918
f 1782 1692 1691
f 1693 1692 1782
f 1815 1814 11916
f 1814 1813 11916
f 1694 1783 1784
f 1783 1693 1782
f 1693 1783 1694
f 3336 3335 3526
f 3333 3332 3523
f 3522 3332 3331
f 3332 3522 3523
f 3333 3524 3334
f 3524 3525 3334
f 3524 3333 3523
f 3526 6982 6983
f 3525 6982 3526
f 6972 3515 6971
f 6989 6990 3531
f 6990 6991 3531
f 6845 7247 6846
f 6845 6844 7247
f 6991 6845 6846
f 6990 6845 6991
f 6844 6845 6989
f 6845 6990 6989
f 3527 3526 6983
f 3336 3527 3337
f 3527 3336 3526
f 3529 3339 3338
f 3536 6998 6999
f 6998 7249 6999
f 3534 6995 6996
f 11750 1512 1444
f 1512 11750 1544
f 1445 1512 11751
f 1722 1636 1721
f 1636 1635 1721
f 1720 1835 1721
f 1722 11940 11941
f 1438 1439 1441
f 1501 1438 1437
f 1502 1438 1501
f 1439 1438 1502
f 3276 2970 3093
f 2659 6640 2569
f 2716 12013 2569
f 6913 3454 6768
f 2855 12127 12128
f 6777 3466 3465
f 6638 2658 2715
f 2714 6638 2715
f 2658 6638 2584
f 2582 6638 2713
f 6638 2714 2713
f 6634 2650 2651
f 2649 6634 2708
f 2650 6634 2649
f 12132 2704 2705
f 2704 12132 2703
f 6922 6921 6776
f 6922 6777 3465
f 3463 3464 3285
f 6921 3464 3463
f 3464 3107 3285
f 3464 6922 3465
f 6922 3464 6921
f 2980 3464 3465
f 3464 2980 3107
f 13758 13759 6768
f 12139 3096 2847
f 3279 3096 3278
f 2580 2649 2581
f 2580 12009 2649
f 2572 2580 2581
f 2580 2572 2573
f 5877 5878 7927
f 7930 5881 7931
f 7930 8590 7929
f 8592 12867 7931
f 12867 8592 12868
f 4599 9237 4598
f 9237 4599 9740
f 9237 9740 9739
f 9741 9238 9742
f 4599 9238 9741
f 5881 5882 7931
f 5882 7932 7931
f 4583 9227 12845
f 9227 4583 9228
f 5137 5875 7926
f 12214 212 213
f 5144 12218 5145
f 5144 5881 5143
f 5882 5144 5145
f 5144 5882 5881
f 12216 214 215
f 214 3961 215
f 3961 214 213
f 212 3961 213
f 3961 212 211
f 3961 211 210
f 7556 3961 7555
f 5873 5874 7925
f 5869 8588 8587
f 8588 5132 8589
f 5132 12202 8589
f 5869 5132 8588
f 219 218 3963
f 219 220 12221
f 12220 219 12221
f 219 12220 218
f 5147 12220 12221
f 7563 3964 3963
f 3964 219 3963
f 219 3964 220
f 7270 7564 7269
f 7564 7270 7271
f 1002 1003 866
f 1003 1004 866
f 1098 1099 960
f 961 962 2457
f 1099 961 960
f 952 951 1093
f 956 1095 1096
f 957 956 1096
f 1005 1006 866
f 1006 1007 866
f 867 1010 1011
f 1009 1010 867
f 10230 9755 10231
f 4240 13347 13348
f 4234 4235 10684
f 13341 10226 4233
f 10683 10682 4233
f 4234 10683 4233
f 10683 4234 10684
f 9755 9756 10231
f 1013 1014 867
f 1012 1013 867
f 1040 1013 1012
f 2380 2381 14
f 2383 15 14
f 2383 2384 15
f 1014 1015 867
f 13355 4244 13354
f 7899 7898 5844
f 7899 8567 7898
f 9229 9734 13334
f 9734 9229 4585
f 9230 9734 4585
f 7265 7264 7
f 7264 6 7
f 7264 7547 7263
f 6 7264 7263
f 7549 7265 7266
f 3940 3941 12182
f 12176 5110 5109
f 12176 190 3933
f 3928 188 3926
f 190 3932 3933
f 3932 190 189
f 7546 7262 7263
f 7262 7546 7261
f 7546 7260 7261
f 7260 4 7261
f 7545 7260 7546
f 7260 7545 7259
f 3 2371 4
f 3 7260 7259
f 7260 3 4
f 12168 2483 12169
f 12168 2482 2483
f 2482 11644 2483
f 2500 2499 6584
f 6585 6586 2510
f 6586 6574 6575
f 6574 6586 6585
f 11655 12157 11654
f 11655 11656 12157
f 11656 11655 2486
f 12157 12158 11654
f 12158 11653 11654
f 12158 6582 12159
f 11653 12158 12159
f 11 7268 7552
f 864 2375 863
f 864 999 1000
f 865 864 1000
f 11 10 2378
f 7267 10 11
f 9 7550 7266
f 7550 10 7267
f 10 7550 9
f 2376 9 2375
f 864 2376 2375
f 2376 864 865
f 2377 865 2378
f 10 2377 2378
f 2377 10 9
f 2377 2376 865
f 2376 2377 9
f 8 7265 7
f 9 8 2375
f 7265 8 7266
f 8 9 7266
f 8 7 863
f 2375 8 863
f 6955 3483 6954
f 3483 3482 6954
f 2893 2991 2992
f 2991 2891 3117
f 7217 6812 6954
f 6812 6955 6954
f 6955 6812 6813
f 3323 3513 3324
f 3323 3138 3322
f 3138 3323 3324
f 3513 3514 3324
f 3324 3514 3325
f 3514 3515 3325
f 3515 3514 6971
f 2694 2693 6606
f 6603 2693 2692
f 2693 2694 12119
f 2692 2693 12119
f 2878 2988 2989
f 2872 2871 2988
f 2871 2872 12120
f 2863 2864 12123
f 2863 12123 12124
f 2862 2863 12124
f 2864 2863 3114
f 2992 3119 2993
f 3124 3123 3301
f 2995 3124 2996
f 3124 2995 3123
f 3491 3300 3299
f 2994 2893 2993
f 2994 2995 2893
f 2892 2991 2893
f 2991 2892 2891
f 7610 4019 4018
f 3068 3069 2947
f 6665 6666 2752
f 2751 6665 2752
f 6665 2751 6664
f 12072 12071 2752
f 12071 2751 2752
f 12063 2831 12062
f 12024 2533 12025
f 2533 2534 12025
f 2550 12024 12025
f 2557 2558 12019
f 2568 2664 2663
f 2665 2664 2568
f 2664 2665 6656
f 2665 2666 6656
f 2666 2665 2568
f 2667 2666 2568
f 2743 2744 12061
f 12066 2827 12065
f 2748 12066 12065
f 2565 2566 12014
f 2564 2565 12014
f 12054 2963 2838
f 2963 12054 12055
f 12046 2730 2731
f 12053 12054 2838
f 12054 12053 2737
f 2741 12058 12057
f 12058 2742 12059
f 12058 2741 2742
f 6654 2739 2738
f 6654 6653 2663
f 6653 6654 2738
f 2740 2741 12057
f 2741 2740 6656
f 2734 2735 12050
f 2735 12051 12050
f 3268 3085 3267
f 3085 3268 2964
f 3085 12051 2838
f 3085 2964 12050
f 12051 3085 12050
f 2963 3085 2838
f 3085 2963 3267
f 13748 13749 7161
f 7146 13727 13728
f 2195 2196 2084
f 2196 2270 2269
f 2270 2196 2195
f 6766 7169 6767
f 2760 6678 6679
f 6678 2688 6679
f 6678 6677 2688
f 6677 2759 2758
f 6678 2759 6677
f 2759 6678 2760
f 2754 2755 12076
f 12078 2755 2756
f 3441 3440 6899
f 2933 2932 3049
f 12038 2728 12039
f 12038 12037 2728
f 2841 12038 12039
f 12038 2841 12037
f 2841 2966 12036
f 2966 3087 3088
f 2966 2841 3087
f 12034 2727 2728
f 2719 2720 12144
f 2967 12145 2724
f 12145 2967 3091
f 12145 3091 3092
f 13758 6912 6767
f 488 3599 489
f 3599 488 487
f 486 3599 487
f 3609 3608 3599
f 3641 3640 3896
f 3642 3641 3896
f 3645 3644 3896
f 3639 3638 3895
f 3639 3895 3896
f 3640 3639 3896
f 12508 12509 12507
f 11178 10859 11179
f 11258 11257 10926
f 10928 11262 11261
f 11262 10928 11263
f 11265 11264 10930
f 10450 9990 9991
f 4420 13527 4421
f 10946 4420 4421
f 10945 4420 10946
f 4420 10945 4419
f 13528 13529 4421
f 13527 13528 4421
f 13528 13527 10471
f 13526 4420 4419
f 4420 13526 13527
f 10941 11278 10940
f 9506 9507 10006
f 10005 9506 10006
f 11281 11280 10943
f 11282 11281 10943
f 10945 11284 11283
f 11285 11284 10945
f 11279 10942 11280
f 11279 10941 10942
f 10941 11279 11278
f 4103 4104 423
f 4104 4103 7726
f 4106 4105 7726
f 4105 4104 7726
f 12459 424 425
f 4104 424 423
f 424 4105 425
f 4105 424 4104
f 12460 12459 425
f 12459 12460 5347
f 4114 4115 436
f 12999 8756 8757
f 8765 13006 8764
f 13006 8763 8764
f 11135 11463 11462
f 4076 4075 7682
f 11122 11123 11449
f 11123 11124 11449
f 11125 11126 11449
f 11124 11125 11449
f 13404 4295 13403
f 11123 10748 11124
f 8060 8724 8059
f 11455 11454 11130
f 11454 11455 11449
f 11453 11454 11449
f 11126 11450 11449
f 11450 11451 11449
f 10752 11127 11126
f 11127 11128 11451
f 11127 11450 11126
f 11450 11127 11451
f 11128 11129 11453
f 11454 11129 11130
f 11129 11454 11453
f 11456 11455 11130
f 11542 11503 11541
f 10859 10860 11179
f 11175 10853 11176
f 10939 4416 10940
f 4416 10939 10938
f 11276 10939 10940
f 10938 10939 11275
f 10939 11276 11275
f 11267 10932 11268
f 440 12470 12469
f 12470 440 441
f 441 440 4120
f 440 4119 4120
f 12471 12470 441
f 5355 5356 6085
f 5356 12468 12469
f 12468 5356 5355
f 6084 5355 6085
f 8111 6084 6085
f 6084 6083 5354
f 5355 6084 5354
f 12467 12466 436
f 12466 12467 5354
f 12467 5355 5354
f 12467 12468 5355
f 8771 13010 13009
f 4119 4130 4120
f 456 4133 4134
f 4134 4133 4117
f 2787 2788 12106
f 6579 12150 11672
f 6579 6590 6589
f 12151 6579 6589
f 11670 6579 12151
f 6579 11670 12150
f 11648 11647 6598
f 2491 11648 2492
f 2491 2492 6597
f 12116 12117 2779
f 2785 12109 12110
f 12108 12109 2786
f 12109 2785 2786
f 12107 2787 12106
f 12107 12108 2786
f 2787 12107 2786
f 2781 12114 12115
f 12112 12113 2783
f 2788 12105 12106
f 12104 12105 2788
f 6590 6580 6591
f 6580 6581 6591
f 2784 2785 12110
f 2784 12112 2783
f 2780 2781 12115
f 2780 12116 2779
f 12116 2780 12115
f 12113 2782 2783
f 12114 2782 12113
f 2782 12114 2781
f 1147 1146 12163
f 117 7490 116
f 117 118 7490
f 3889 127 128
f 124 125 3889
f 135 136 7493
f 132 133 7493
f 129 3889 128
f 129 130 3889
f 3889 131 132
f 130 131 3889
f 7529 185 186
f 184 185 7529
f 185 2481 186
f 2481 185 184
f 175 176 7529
f 176 177 7529
f 177 178 7529
f 2480 182 2479
f 1107 1108 968
f 1107 1106 12160
f 1108 1107 12160
f 976 2473 2472
f 2473 176 2472
f 176 2473 177
f 987 1126 988
f 174 2470 175
f 2469 2470 174
f 7057 3581 3580
f 7056 7057 3580
f 7074 6714 7075
f 3405 13687 3406
f 1811 1810 11914
f 1810 11913 11914
f 11913 1810 1809
f 1989 2102 1990
f 2217 2102 2216
f 2102 2101 2216
f 1807 11911 11912
f 1984 11909 11908
f 2100 1986 2099
f 2100 2215 2101
f 2214 2100 2099
f 2215 2100 2214
f 11911 1987 11912
f 1987 11911 1986
f 2100 1987 1986
f 1987 2100 2101
f 2256 2255 2211
f 11906 1804 11905
f 1804 1803 11905
f 2095 1979 1978
f 2087 1975 2086
f 2085 1973 2084
f 2196 2085 2084
f 1973 1972 2084
f 1983 1982 2096
f 1982 1981 2096
f 1982 11906 11905
f 11906 1982 1983
f 3521 6977 6978
f 3522 3521 6978
f 6977 3521 3520
f 3521 3522 3331
f 3330 3521 3331
f 3521 3330 3520
f 3319 3320 3138
f 3138 3321 3322
f 3320 3321 3138
f 1874 11848 11849
f 2153 2042 2152
f 1929 2045 1930
f 2045 1929 2044
f 1415 1480 1481
f 2313 13803 2312
f 2159 2158 2315
f 7002 3539 3538
f 7249 7000 6999
f 7000 3537 6999
f 3537 7000 3538
f 13830 6851 13829
f 2342 2343 13829
f 2343 2342 2132
f 13832 2348 2349
f 2348 2352 2349
f 2352 2348 2129
f 2348 2130 2129
f 2020 11816 1902
f 11816 2020 1903
f 1499 1498 11806
f 1435 1499 11806
f 1500 1435 11807
f 1499 1434 1498
f 1434 1435 1375
f 1434 1499 1435
f 7245 13827 7246
f 13827 2341 7246
f 2135 2024 2134
f 1907 2023 1908
f 2023 2024 1908
f 2024 2023 2134
f 2026 2337 2137
f 2026 2136 2337
f 2136 2338 2337
f 2338 2135 2339
f 2135 2338 2136
f 2327 13816 2326
f 11716 1202 1249
f 2146 2145 2329
f 2148 2327 2326
f 2148 1920 2036
f 1920 2148 2037
f 1920 1921 11835
f 1921 1920 2037
f 2157 2317 2158
f 2156 2157 2045
f 2157 2156 2318
f 2317 2157 2318
f 2046 1931 1930
f 2045 2046 1930
f 2157 2046 2045
f 2046 2157 2158
f 11844 1870 11843
f 11844 1929 1930
f 1929 11844 11843
f 1872 1758 1757
f 1925 2042 1926
f 2986 3112 3113
f 2985 3112 2986
f 3112 2985 2984
f 6945 3474 6944
f 3474 3291 3290
f 6799 7205 6800
f 6939 6799 6800
f 6798 6799 6939
f 7204 13802 7205
f 6799 7204 7205
f 13801 7204 7203
f 13802 7204 13801
f 7204 6798 7203
f 7204 6799 6798
f 2048 2159 2160
f 7213 6809 6808
f 7213 7214 6809
f 7214 13811 13812
f 13811 2321 13812
f 7213 13811 7214
f 13811 13810 2320
f 2321 13811 2320
f 3480 6951 6952
f 6950 6951 3480
f 6951 6809 6952
f 6951 6950 6809
f 6948 6949 3479
f 3478 6948 3479
f 6948 6807 6949
f 13809 13808 2318
f 2317 13808 13807
f 13808 2317 2318
f 13808 13809 7210
f 13808 7209 13807
f 13808 7210 7209
f 7196 7197 6791
f 7197 6792 6791
f 6792 7197 7198
f 13797 7197 13796
f 7197 13797 7198
f 6793 7199 6794
f 7199 6793 7198
f 6793 6792 7198
f 6796 6936 6935
f 6796 6797 6936
f 6797 6796 7201
f 7201 6796 7200
f 7193 13791 7194
f 1900 1901 11814
f 11813 1900 11814
f 1901 1900 2018
f 2016 1900 1899
f 1900 11813 1899
f 13833 2350 13834
f 2350 2351 13834
f 2350 13833 2349
f 2351 2350 2349
f 11753 1546 1547
f 1837 1723 11941
f 1546 1638 1547
f 1834 1720 1719
f 1834 1835 1720
f 1438 1443 1437
f 1543 1636 1544
f 1636 1543 1635
f 11750 1543 1544
f 1543 11750 11749
f 1626 1713 1627
f 1713 1626 1827
f 1537 1626 1627
f 1626 1537 1536
f 1628 1537 1627
f 1538 1537 1628
f 1626 1712 1827
f 1540 11747 1539
f 1632 1540 1631
f 1631 1630 1717
f 1630 1540 1539
f 1540 1630 1631
f 1714 1715 1628
f 6865 7255 6866
f 7255 7256 6866
f 11929 2002 1827
f 11929 11928 2000
f 6858 7101 7100
f 7101 6858 7102
f 13110 8916 8917
f 12609 5527 5526
f 9507 10007 10006
f 3393 3392 13681
f 13682 3393 13681
f 3393 13682 3394
f 8563 8564 9224
f 5840 5841 6570
f 5841 5840 12842
f 5840 12841 12842
f 12841 849 12842
f 849 850 12842
f 849 12841 848
f 1710 1623 1709
f 1623 1710 1624
f 4907 9537 9536
f 9537 4907 4908
f 4907 13143 4908
f 3693 7679 7680
f 10951 11292 11291
f 11288 11290 11291
f 10948 11288 11287
f 10947 10948 11287
f 10948 4422 10949
f 10948 10947 4422
f 4422 4423 10949
f 13530 4423 4422
f 13531 4423 13530
f 11297 10955 10956
f 11292 11301 11291
f 11300 11301 11292
f 11301 10959 11302
f 11301 10958 10959
f 10958 11301 11300
f 10953 11294 11293
f 11294 11300 11293
f 11294 11295 11300
f 11295 11299 11300
f 11299 10958 11300
f 11311 11310 10965
f 10966 11311 10965
f 11311 10966 11312
f 11313 10968 11314
f 11313 11314 11544
f 11312 11313 11544
f 10037 10038 10497
f 10038 10037 9538
f 10043 10502 10501
f 10502 13548 10501
f 10959 10960 11302
f 10963 11307 10962
f 4435 10963 10962
f 10955 4428 10956
f 10958 4431 10959
f 4431 10958 4430
f 10969 4441 4442
f 4441 10969 10968
f 4441 13548 4442
f 11325 11546 11324
f 11547 11546 11325
f 11326 11547 11325
f 11321 11322 11544
f 11323 10976 11324
f 11323 11324 11544
f 11322 11323 11544
f 10975 11323 11322
f 11323 10975 10976
f 11950 11949 11564
f 11565 11950 11564
f 11344 11565 11343
f 1503 1509 1510
f 1439 1440 1441
f 1441 1440 1510
f 1440 1503 1510
f 1440 1439 1502
f 1503 1440 1502
f 11742 11746 11747
f 11746 1538 11747
f 2060 1945 11859
f 1768 2060 11859
f 2247 2219 2218
f 2215 2250 2216
f 2250 2215 2251
f 7111 2250 2251
f 13712 2250 7111
f 2062 1953 2174
f 11874 1954 1955
f 2062 1954 1953
f 11875 11874 1955
f 1623 1622 1709
f 1893 1894 1780
f 2111 2110 2230
f 1998 2111 1999
f 1894 1895 1780
f 1781 1896 1601
f 1702 1814 1694
f 1814 1702 1813
f 1783 11880 1784
f 2284 2182 2285
f 2182 2284 1959
f 6979 3522 6978
f 3522 6979 3523
f 6982 6839 6983
f 3524 6981 3525
f 6981 6982 3525
f 6972 3516 3515
f 3515 3516 3326
f 3516 6973 3517
f 3516 6972 6973
f 3327 3516 3517
f 3326 3516 3327
f 6828 6972 6971
f 3328 3519 3329
f 3519 3520 3329
f 6973 6974 3517
f 6975 6974 6831
f 6985 6841 6986
f 6987 3529 6986
f 3530 6989 3531
f 3340 3530 3531
f 3339 3530 3340
f 3529 3530 3339
f 3535 6998 3536
f 3535 3534 6996
f 3535 3536 3345
f 3534 3535 3345
f 6995 6850 6996
f 6849 6850 6995
f 6998 6850 7249
f 7249 6850 13828
f 6850 7248 13828
f 6850 6849 7248
f 7248 6848 6847
f 6849 6848 7248
f 6848 6993 6847
f 1512 1382 1444
f 2846 2970 2971
f 12141 2846 2715
f 2846 2714 2715
f 2970 3094 2971
f 3094 3276 3454
f 3094 2970 3276
f 6648 2662 6649
f 6648 6647 2662
f 6647 6648 2720
f 6646 6647 2720
f 6646 2719 6645
f 2719 6646 2720
f 6646 6645 2662
f 6647 6646 2662
f 6645 6644 2662
f 6644 6643 2662
f 2719 6644 6645
f 6644 2719 6643
f 2718 2719 12144
f 2719 2718 6643
f 2660 2659 2569
f 2969 2968 3092
f 2720 2968 12144
f 2968 12145 3092
f 6640 2717 2569
f 2717 2716 2569
f 12013 6639 2570
f 2716 6639 12013
f 6639 2715 2570
f 6639 12141 2715
f 2845 2846 12141
f 2846 2845 2970
f 6769 6913 6768
f 6914 6769 6770
f 6769 6914 6913
f 2699 2700 12128
f 12127 2699 12128
f 2700 2699 6625
f 2981 2980 3465
f 3466 2981 3465
f 2857 2981 2982
f 2981 2857 2980
f 6923 3466 6777
f 3287 6923 6778
f 2712 12012 12007
f 12012 12008 12007
f 12012 2657 12008
f 12137 12138 2847
f 12138 12137 2712
f 12138 12139 2847
f 12139 12138 2712
f 2583 2582 2584
f 6638 2583 2584
f 2583 6638 2582
f 2654 2574 2573
f 2574 2580 2573
f 12132 12133 2853
f 2707 12133 2706
f 12133 2705 2706
f 12133 12132 2705
f 12131 2702 2703
f 12132 12131 2703
f 2702 12131 2701
f 12131 12132 2853
f 12129 2979 12128
f 2978 2979 12129
f 2979 2855 12128
f 2979 3107 2855
f 3105 2979 2978
f 2273 13759 13758
f 13759 2274 2275
f 2274 2273 2192
f 2273 2274 13759
f 12140 3096 12139
f 12140 12139 2713
f 2714 12140 2713
f 12140 2846 2971
f 2846 12140 2714
f 5139 5140 5877
f 5140 5878 5877
f 5140 12214 5141
f 5879 5140 5141
f 5878 5140 5879
f 5879 5880 7929
f 5880 7930 7929
f 5880 5879 5141
f 7930 5880 5881
f 7928 8590 7927
f 8590 7928 7929
f 5878 7928 7927
f 7928 5879 7929
f 7928 5878 5879
f 8590 8591 12866
f 8591 8590 7930
f 8591 7930 7931
f 12867 8591 7931
f 8591 12867 12866
f 9236 12869 4598
f 9237 9236 4598
f 9235 9236 9739
f 9236 9237 9739
f 4597 9236 9235
f 12869 4597 12868
f 9236 4597 12869
f 12867 4596 12866
f 4596 4597 9235
f 4596 12867 12868
f 4597 4596 12868
f 218 12219 217
f 12220 12219 218
f 217 12219 216
f 12219 5145 216
f 12870 9238 4599
f 8594 12870 8593
f 12870 4599 8593
f 5876 5139 5877
f 5875 5876 7926
f 5876 7927 7926
f 5876 5877 7927
f 5138 5875 5137
f 5138 5137 12211
f 5876 5138 5139
f 5138 5876 5875
f 12213 212 12214
f 12213 5140 5139
f 5140 12213 12214
f 12218 12217 215
f 12217 12216 215
f 12216 12217 5143
f 12217 5144 5143
f 5144 12217 12218
f 215 7559 7560
f 3961 7559 215
f 7560 7559 7555
f 7559 7556 7555
f 7923 7924 7925
f 7924 5873 7925
f 5133 12204 7922
f 7919 7920 8586
f 12200 12199 3956
f 12199 3955 3956
f 7921 7922 8589
f 12864 8585 12865
f 8585 5865 12865
f 5865 5866 12865
f 5865 3954 205
f 3954 3955 205
f 7908 5855 7909
f 9233 9738 12856
f 9738 4589 12856
f 4589 9738 10219
f 12860 4592 4591
f 3964 3965 220
f 3965 3964 7563
f 11444 11445 11446
f 11100 11445 11444
f 11445 11100 10678
f 13339 4230 10678
f 11100 13339 10678
f 7568 7276 7569
f 1100 961 1099
f 962 1100 1101
f 961 1100 962
f 1094 953 1093
f 953 952 1093
f 953 1094 954
f 2453 956 957
f 1097 957 1096
f 1097 958 957
f 959 1098 960
f 959 1097 1098
f 1097 959 958
f 1095 955 954
f 956 955 1095
f 1041 1012 1011
f 1041 1040 1012
f 1010 1042 1011
f 1042 1041 1011
f 4234 13342 4235
f 4243 4244 10698
f 10697 4243 10698
f 10694 4241 10695
f 10690 10689 4238
f 10689 10688 4238
f 10686 10685 4235
f 4231 9748 13341
f 10679 4231 11103
f 4231 10680 11103
f 4231 13341 4232
f 10680 4231 4232
f 9751 10226 9750
f 10227 4234 4233
f 10226 10227 4233
f 13342 10227 10228
f 10227 13342 4234
f 9751 10227 10226
f 10682 10681 4232
f 10681 10680 4232
f 13347 10234 13348
f 12237 5157 5156
f 5157 12237 12238
f 7570 3971 7569
f 3971 3972 229
f 3972 7570 7571
f 7570 3972 3971
f 895 1042 1043
f 1013 1039 1014
f 1040 1039 1013
f 900 899 1048
f 899 1047 1048
f 2381 2382 14
f 2382 2383 14
f 2383 868 2384
f 2382 868 2383
f 868 2382 2381
f 1015 868 867
f 867 868 2380
f 868 2381 2380
f 1049 901 900
f 7576 7283 7577
f 10705 4249 10706
f 10705 10704 4249
f 4245 13355 13356
f 13355 4245 4244
f 10700 4245 10701
f 10240 13355 13354
f 9764 10240 9763
f 4244 10699 10698
f 4245 10699 4244
f 10699 4245 10700
f 12176 12177 5110
f 12177 12176 3933
f 3934 12177 3933
f 7899 8568 8567
f 8567 8568 12845
f 12848 9230 4585
f 9734 10215 13334
f 10215 9734 9230
f 7549 7548 7265
f 7264 7548 7547
f 7548 7264 7265
f 12850 7904 8572
f 3942 7549 3943
f 3942 7548 7549
f 3941 12183 12182
f 5855 5856 7909
f 3944 197 3943
f 197 3944 12187
f 7549 3944 3943
f 190 12174 189
f 188 187 3926
f 3927 3926 7544
f 3927 3928 3926
f 7545 3927 7544
f 3927 7545 3928
f 7546 3931 3930
f 3931 3932 189
f 188 3931 189
f 4 5 7261
f 5 7262 7261
f 7262 5 7263
f 5 6 7263
f 6 5 2374
f 858 859 2374
f 7259 7258 1
f 7545 7258 7259
f 7257 7258 7544
f 7258 7545 7544
f 7545 3929 3928
f 3931 3929 3930
f 3929 7546 3930
f 3929 7545 7546
f 3928 3929 188
f 3929 3931 188
f 2373 858 2374
f 5 2373 2374
f 11664 12155 12156
f 11663 11664 12156
f 11664 11665 12155
f 11665 11664 11643
f 11664 2484 11643
f 11664 11663 2484
f 11663 11662 2484
f 11662 11663 12156
f 11658 12157 11657
f 11659 11658 11642
f 6572 11658 11659
f 2485 11658 11657
f 11658 2485 11642
f 11644 11669 2483
f 997 998 863
f 998 864 863
f 864 998 999
f 2503 2502 6584
f 2502 2501 6584
f 2501 2500 6584
f 2500 2521 2499
f 2499 2498 6584
f 2498 2497 6584
f 2495 2496 2515
f 2495 6583 2496
f 11641 11655 11654
f 11655 11641 2486
f 11653 11641 11654
f 7553 7268 7554
f 7268 7553 7552
f 7551 7267 7552
f 7551 7550 7267
f 3484 3483 6955
f 3482 3296 3295
f 3483 3296 3482
f 3115 2987 3295
f 3115 2988 2987
f 3296 3115 3295
f 3115 3296 3116
f 2988 3115 2989
f 3115 3116 2989
f 13817 6812 7217
f 13816 13817 7217
f 13817 13816 2327
f 6812 13817 6813
f 3512 3323 3322
f 3323 3512 3513
f 3512 6969 3513
f 2336 2337 13825
f 2337 2336 2137
f 2690 12119 12118
f 2689 2690 12118
f 2693 6605 6606
f 2885 2884 2989
f 2873 2988 2874
f 2873 2872 2988
f 12120 2873 2874
f 2872 2873 12120
f 2870 12120 2869
f 2870 2871 12120
f 2870 2869 2987
f 2988 2870 2987
f 2871 2870 2988
f 2867 2866 2987
f 2865 2864 2987
f 2866 2865 2987
f 2865 2866 12122
f 2864 2865 12122
f 2991 3118 2992
f 3118 3119 2992
f 3118 2991 3117
f 2994 3121 2995
f 3300 3121 3299
f 2891 2990 3117
f 2890 2990 2891
f 2889 2990 2890
f 2990 2889 2888
f 2887 2990 2888
f 2990 3296 3117
f 3296 2990 3116
f 3116 2990 2989
f 11121 10745 11122
f 11121 11122 11449
f 10742 11119 10741
f 4019 280 4018
f 7612 4021 4020
f 4630 9265 9264
f 9265 4630 4631
f 4250 10707 10706
f 4249 4250 10706
f 10256 9775 9776
f 10712 10711 4255
f 4254 10711 10710
f 10711 4254 4255
f 4256 10712 4255
f 13365 4256 4255
f 11106 10728 11107
f 2677 6665 6664
f 2750 12069 12068
f 2751 12069 2750
f 2830 2831 12063
f 2830 12064 2829
f 12064 2830 12063
f 2830 2957 2831
f 2956 2957 2829
f 2957 2830 2829
f 12060 2835 12059
f 12060 2743 12061
f 2742 12060 12059
f 2743 12060 2742
f 12062 2832 12061
f 2831 2832 12062
f 3257 3441 3258
f 3071 3257 3258
f 3441 3442 3258
f 3052 3242 3243
f 13727 2259 13728
f 2259 13727 13726
f 2259 2258 2205
f 2259 2260 13728
f 2534 12026 12025
f 2512 2533 2511
f 2512 2534 2533
f 2549 2550 12025
f 2549 12026 2548
f 12026 2549 12025
f 2680 2549 2548
f 2679 2549 2680
f 2549 2679 2550
f 2753 6668 2754
f 6668 2679 2680
f 12026 2547 2548
f 2547 2680 2548
f 2547 2681 2680
f 2670 2564 2671
f 2564 2670 2565
f 2746 12064 12063
f 6658 2743 2742
f 6658 2667 2668
f 6658 6659 2744
f 2743 6658 2744
f 2827 2828 12065
f 12064 2828 2829
f 2828 12064 12065
f 2828 2956 2829
f 12067 2826 12066
f 2826 2827 12066
f 2827 2826 2954
f 6662 2748 6661
f 6662 2674 6663
f 2749 12067 12066
f 2748 2749 12066
f 2749 2750 12068
f 12067 2749 12068
f 2749 6663 2750
f 2749 6662 6663
f 6662 2749 2748
f 2747 2748 12065
f 12064 2747 12065
f 2746 2747 12064
f 2748 2747 6661
f 2747 2746 6661
f 2567 2568 12014
f 2566 2567 12014
f 2568 2567 2668
f 2567 2566 2668
f 2672 2563 2562
f 2562 2563 12014
f 2563 2564 12014
f 2563 2672 2671
f 2564 2563 2671
f 2674 2675 6663
f 2557 2675 2558
f 2673 2672 2562
f 2672 2673 6661
f 2673 6662 6661
f 6662 2673 2674
f 2530 12015 12014
f 12016 12015 2530
f 12015 2562 12014
f 12015 12016 2562
f 12018 12017 2530
f 12017 12016 2530
f 12017 2560 12016
f 12020 2557 12019
f 2530 12020 12019
f 2531 12020 2530
f 12021 12020 2531
f 2533 12023 2532
f 12024 12023 2533
f 12049 2734 12050
f 12049 2733 2734
f 2964 12049 12050
f 12056 2963 12055
f 2739 12056 12055
f 12056 2740 12057
f 2740 12056 2739
f 2730 12045 2729
f 12046 12045 2730
f 12045 12046 3086
f 2965 2840 3086
f 2841 2965 3087
f 2840 2965 12040
f 12040 2965 12039
f 2965 2841 12039
f 2835 2836 12059
f 2836 12058 12059
f 2664 6655 2663
f 6655 2740 2739
f 6655 2664 6656
f 2740 6655 6656
f 6655 6654 2663
f 6654 6655 2739
f 2735 6650 6651
f 6650 2735 2734
f 2733 6650 2734
f 6650 2733 2732
f 2731 6650 2732
f 2730 6650 2731
f 6650 2730 2729
f 6651 6650 2663
f 2736 6652 2737
f 2735 2736 12051
f 6652 2736 6651
f 2736 2735 6651
f 2264 13749 2263
f 2202 2264 2263
f 13750 2265 13751
f 7163 13750 13751
f 13750 2264 2265
f 2264 13750 13749
f 2265 2266 13751
f 2267 2266 2199
f 7166 13753 2269
f 13753 7166 6763
f 2198 2267 2199
f 2087 2198 2199
f 2198 2087 2086
f 2085 2198 2086
f 2266 2200 2199
f 2200 2266 2265
f 2199 2200 2089
f 2203 2202 2263
f 2210 2094 2093
f 2210 2257 2094
f 7145 13727 7146
f 13726 7145 7144
f 13727 7145 13726
f 7140 13722 7141
f 2088 2199 2089
f 2088 2087 2199
f 2272 13758 13757
f 2272 2273 13758
f 2083 2195 2084
f 2083 2194 2195
f 1972 2083 2084
f 6766 6911 6910
f 6910 6911 3451
f 6911 3452 3451
f 6911 6766 6767
f 6912 6911 6767
f 6911 6912 3452
f 3450 6910 3451
f 3450 6909 6910
f 3272 3450 3451
f 6765 6766 6910
f 6909 6765 6910
f 6766 6765 7167
f 6765 7166 7167
f 7166 6764 6763
f 6764 6765 6909
f 6765 6764 7166
f 2784 2913 2785
f 6676 6677 2758
f 6675 6676 2758
f 6676 2687 6677
f 2757 6675 2758
f 6673 2757 2756
f 2687 2686 2538
f 6676 2686 2687
f 2686 6676 6675
f 2811 12081 2810
f 12081 2811 2812
f 2808 2807 2935
f 2946 3068 2947
f 2819 2946 2947
f 3066 2946 2945
f 2818 2946 2819
f 2946 2818 2945
f 2936 2808 2935
f 2755 12077 12076
f 12078 12077 2755
f 12080 12081 2812
f 12081 12080 2758
f 12080 2757 2758
f 6898 3440 6897
f 3440 6898 6899
f 6898 6755 6899
f 3440 3253 3252
f 3254 3441 3255
f 3254 3440 3441
f 3254 3253 3440
f 3066 3254 3255
f 3050 2933 3049
f 2934 3052 2935
f 2807 2934 2935
f 2933 2805 2932
f 2966 12035 12036
f 12036 12035 2728
f 2966 3089 12034
f 3089 2727 12034
f 3089 2966 3088
f 2725 2967 2724
f 2725 2724 6649
f 2726 2725 6649
f 2724 2723 6649
f 12145 2723 2724
f 3452 3453 3274
f 6912 3453 3452
f 3453 3092 3274
f 3453 6912 13758
f 3605 3606 528
f 3600 3599 3606
f 3605 3600 3606
f 3599 3607 3606
f 3608 3607 3599
f 530 3607 3608
f 540 539 3613
f 539 538 3613
f 3610 532 3609
f 565 564 3894
f 563 12609 562
f 3622 559 3621
f 3618 551 3617
f 6167 6166 5450
f 12520 488 489
f 485 12515 484
f 504 3599 505
f 3625 563 562
f 11259 11258 10926
f 10927 11259 10926
f 11259 10927 11260
f 11260 10927 11261
f 10927 10928 11261
f 13509 4409 4408
f 11254 10924 11255
f 10928 4407 4408
f 10927 4407 10928
f 4857 13092 4858
f 8897 13092 8896
f 13023 13024 4764
f 10472 13528 10471
f 10473 10472 10013
f 10472 10473 13529
f 13528 10472 13529
f 4418 13525 4419
f 13525 13526 4419
f 13524 13525 4418
f 13526 13525 10469
f 9502 10002 10001
f 9504 4874 4875
f 9504 10004 10003
f 9506 4877 9507
f 13109 13110 4875
f 4874 13109 4875
f 13109 4874 13108
f 8912 8261 8913
f 9995 9996 10455
f 4109 7726 4110
f 7726 4111 4110
f 4112 4111 7726
f 4113 434 4112
f 12465 434 12466
f 7724 7725 4101
f 7726 7725 7543
f 7725 7724 7543
f 7723 7722 7543
f 7724 7723 7543
f 422 4103 423
f 12457 422 423
f 12458 424 12459
f 12458 12457 423
f 424 12458 423
f 8105 8765 8764
f 8097 8098 8757
f 8756 8097 8757
f 8097 8756 8096
f 8098 8097 6072
f 5343 5344 6072
f 6071 8097 8096
f 8097 6071 6072
f 5343 6071 5342
f 6071 5343 6072
f 6073 6074 8099
f 8098 6073 8099
f 6073 8098 6072
f 5344 6073 6072
f 6075 5346 5347
f 6074 5346 6075
f 5346 12459 5347
f 5346 12458 12459
f 4089 404 403
f 8742 8741 8085
f 8752 8093 8753
f 8752 8753 12996
f 8756 8755 8096
f 13436 10340 13437
f 10340 13436 10339
f 6076 8101 6075
f 6076 6075 5347
f 8760 8101 8761
f 13000 12999 8757
f 4314 10775 4313
f 8761 8762 13004
f 8763 8762 8103
f 4746 13009 4747
f 4746 9375 4745
f 13422 4312 4311
f 10773 4312 4313
f 11133 11459 11458
f 11459 11133 11460
f 12383 5303 5302
f 4069 4068 7682
f 4076 381 4075
f 4709 12982 12983
f 4710 4709 12983
f 4709 4710 9340
f 9334 4704 4705
f 4299 10757 4298
f 10312 9837 10313
f 10310 9825 9826
f 9826 9825 9332
f 10310 10311 13406
f 13408 10311 10312
f 9821 10308 9820
f 10309 9825 10310
f 9821 10309 10308
f 10309 13404 13403
f 13404 10309 10310
f 10306 9816 10307
f 9818 10308 10307
f 13405 10310 13406
f 13405 13404 10310
f 13400 10306 10307
f 4293 4294 10752
f 4295 4294 13403
f 4291 10748 4290
f 4292 13400 4293
f 10750 11125 11124
f 10750 4292 4293
f 10747 11123 11122
f 10747 10748 11123
f 10748 10747 4290
f 9350 4721 9351
f 10333 13431 13430
f 13436 13435 10339
f 13435 10338 10339
f 4330 13436 13437
f 11169 11170 11543
f 11501 11500 11147
f 11501 11542 11543
f 11500 11501 11543
f 10779 11148 11147
f 11149 10780 10781
f 10780 11148 10779
f 11148 10780 11149
f 11151 10784 11152
f 11492 11144 11493
f 11144 11494 11493
f 11497 11498 11543
f 11496 11497 11543
f 13431 4324 13430
f 4324 4323 13430
f 9384 9883 9383
f 8776 13012 8775
f 4763 13023 4764
f 4763 9391 4762
f 11182 10872 11183
f 10877 11188 11187
f 4416 4415 13521
f 4415 4416 10938
f 13519 4415 4414
f 10936 11272 11271
f 4409 4410 10930
f 4410 4409 13511
f 10931 11267 11266
f 10931 10932 11267
f 11265 10931 11266
f 10931 11265 10930
f 4410 10931 10930
f 8114 8776 8775
f 12468 439 12469
f 439 440 12469
f 5357 5356 12469
f 5357 12470 5358
f 12470 5357 12469
f 13012 13011 8775
f 13011 8774 8775
f 13011 8773 8774
f 8773 13011 13010
f 5419 5418 12513
f 483 12508 12507
f 6097 5367 5368
f 5363 12475 5364
f 12475 5363 12474
f 12471 443 12472
f 443 444 12472
f 4131 4130 4119
f 4125 445 444
f 4135 4134 4117
f 4135 458 4134
f 12484 458 12485
f 12480 5369 5368
f 2764 12087 2763
f 11672 11671 11645
f 12150 11671 11672
f 11670 11671 12150
f 11646 11672 11645
f 11647 11646 11645
f 11675 6580 6590
f 11649 2491 11650
f 2491 11649 11648
f 2491 2490 11650
f 2489 2490 6597
f 2490 2491 6597
f 6580 12147 6581
f 2490 11651 11650
f 11652 11651 2489
f 11651 2490 2489
f 12111 2784 12110
f 2784 12111 12112
f 1146 1145 12163
f 121 122 7492
f 120 121 7492
f 118 119 7491
f 7491 119 7492
f 119 120 7492
f 125 126 3889
f 126 127 3889
f 122 123 7492
f 123 3889 7492
f 123 124 3889
f 137 138 7493
f 136 137 7493
f 134 135 7493
f 133 134 7493
f 7495 141 7496
f 1103 963 1102
f 963 1103 1104
f 1103 1102 12160
f 1104 1103 12160
f 1106 1105 12160
f 1105 1104 12160
f 966 1105 1106
f 7505 7506 7529
f 7505 7504 156
f 180 181 7529
f 181 182 7529
f 2477 181 180
f 183 184 7529
f 182 183 7529
f 183 2481 184
f 183 2480 2481
f 2480 183 182
f 179 180 7529
f 178 179 7529
f 179 178 2475
f 1135 1136 988
f 1136 1135 12163
f 1141 12163 1142
f 1138 1139 988
f 1139 1138 12163
f 1133 1132 12163
f 1132 1133 988
f 1131 12162 12163
f 1132 1131 12163
f 1131 1132 988
f 988 1128 1129
f 1128 12162 1129
f 12162 1114 1113
f 1115 1114 12162
f 1114 1115 976
f 1111 1110 12161
f 1109 1108 12161
f 1110 1109 12161
f 1109 970 1108
f 178 2474 2475
f 2474 178 177
f 2473 2474 177
f 2470 2471 175
f 2471 176 175
f 176 2471 2472
f 7057 7058 3581
f 6698 7057 7056
f 3579 7056 3580
f 3578 3579 13682
f 3579 3580 13683
f 13682 3579 13683
f 3577 13682 13681
f 3577 3578 13682
f 3577 7053 3578
f 2254 2253 2097
f 12117 2778 2779
f 2777 2778 12117
f 2775 2776 12117
f 2776 2777 12117
f 2902 2772 2771
f 2772 2773 12117
f 2774 2775 12117
f 2773 2774 12117
f 7070 7071 3590
f 7073 3591 7072
f 7071 3591 3590
f 3591 7071 7072
f 13687 13688 3406
f 13688 13687 3590
f 3591 13688 3590
f 7060 3583 7059
f 3404 13687 3405
f 3404 3405 3207
f 7069 3589 7068
f 13687 3589 3590
f 3589 7070 3590
f 3589 7069 7070
f 2102 2103 1990
f 2219 2103 2218
f 2103 2217 2218
f 2103 2102 2217
f 11910 11911 1807
f 11911 11910 1986
f 11909 1806 11908
f 1988 11913 11912
f 1987 1988 11912
f 1988 1989 11913
f 1988 1987 2101
f 1988 2102 1989
f 2102 1988 2101
f 7111 6685 7037
f 6685 7112 7040
f 6685 7111 13713
f 7112 6685 13713
f 2255 7129 7128
f 7129 2255 2256
f 1803 1802 11905
f 1802 1793 1801
f 1802 1803 1793
f 11904 1802 1801
f 1802 11904 11905
f 11904 1982 11905
f 1982 11904 1981
f 1980 11902 1979
f 1981 1980 2095
f 1980 1979 2095
f 1979 11901 1978
f 11902 11901 1979
f 3456 3279 3278
f 13770 13769 2284
f 13769 6922 6776
f 6922 13769 6777
f 1977 2094 1978
f 2094 1977 2093
f 1973 1974 11899
f 2085 1974 1973
f 1975 1974 2086
f 1974 2085 2086
f 2212 1984 2097
f 2212 2253 2252
f 2253 2212 2097
f 1985 11909 1984
f 2212 1985 1984
f 1985 2212 2098
f 1985 11910 11909
f 11910 1985 1986
f 1986 1985 2099
f 1985 2098 2099
f 3318 3138 3317
f 3318 3319 3138
f 1934 11848 1933
f 11848 1934 11849
f 1934 1935 11849
f 1935 1934 2050
f 2154 2043 2153
f 2043 2042 2153
f 2043 2155 2044
f 2043 2154 2155
f 2042 2043 1926
f 1929 1928 2044
f 1928 1929 11843
f 1351 1302 1301
f 11783 11784 1474
f 1473 11783 1474
f 1467 1404 1466
f 2313 2161 2160
f 2161 2048 2160
f 2161 2313 2312
f 2313 13804 13803
f 13804 13805 7207
f 13804 7207 7206
f 13803 13804 7206
f 3539 7003 3540
f 7002 7003 3539
f 7003 7002 6851
f 6851 7001 7249
f 7001 7000 7249
f 7002 7001 6851
f 7001 7002 3538
f 7000 7001 3538
f 13831 13832 6852
f 13831 2348 13832
f 2344 2131 2345
f 2131 2344 2132
f 2344 2343 2132
f 2344 13830 13829
f 2343 2344 13829
f 13831 2344 2345
f 2344 13831 13830
f 2020 2021 1903
f 2021 2131 2132
f 2021 2020 2131
f 2342 1904 2132
f 1904 2021 2132
f 1905 1904 2342
f 1904 1905 11818
f 2021 1904 1903
f 2348 2347 2130
f 2019 2020 1902
f 2130 2019 2018
f 2019 2130 2345
f 1901 2019 1902
f 2019 1901 2018
f 2131 2019 2345
f 2020 2019 2131
f 1450 1550 11757
f 1639 1640 1547
f 1638 1639 1547
f 1726 1639 1725
f 1639 1726 1640
f 1842 11813 11814
f 11813 1842 1841
f 1641 1728 1549
f 11816 1844 11815
f 1730 1844 11816
f 1729 1730 1642
f 1729 1844 1730
f 1500 1436 1435
f 1378 1436 1437
f 1436 1501 1437
f 1436 1500 1501
f 1435 1376 1375
f 1436 1376 1435
f 1448 1387 1330
f 1387 11755 1388
f 11755 1387 1448
f 1386 1448 1330
f 1434 1433 1498
f 1886 11862 1946
f 7244 6841 7243
f 7244 13827 7245
f 13827 7244 7243
f 6842 7245 6843
f 6841 6842 6986
f 6842 7244 7245
f 7244 6842 6841
f 6987 6842 6843
f 6842 6987 6986
f 2341 2340 2133
f 13827 2340 2341
f 2340 2023 2133
f 2023 2340 2134
f 2340 13827 2339
f 2135 2340 2339
f 2340 2135 2134
f 11761 1553 1554
f 11758 1452 11757
f 11825 1852 11824
f 2024 1909 1908
f 11823 1910 11824
f 1910 11825 11824
f 1910 1909 2026
f 1909 1910 11823
f 1909 11822 1908
f 11822 1907 1908
f 6832 6975 6831
f 7233 6832 6831
f 6976 6833 6977
f 6976 6977 3520
f 6832 6976 6975
f 6976 6832 6833
f 3519 6976 3520
f 6976 3519 6975
f 3490 3491 3299
f 3489 3490 3299
f 1415 1416 1355
f 1416 1415 1481
f 11716 1203 1202
f 11773 11774 1466
f 11774 1467 1466
f 1653 1742 1654
f 1742 1655 1654
f 1655 1742 1743
f 1347 1404 1348
f 1299 1347 1348
f 1465 11773 1466
f 1465 1402 1464
f 2328 2146 2329
f 2328 13817 2327
f 1747 1746 1860
f 11774 1566 1567
f 1566 11774 11773
f 1659 1746 1747
f 1659 1748 1660
f 1748 1659 1747
f 2147 2148 2036
f 2148 2147 2327
f 2146 2147 2036
f 2147 2328 2327
f 2328 2147 2146
f 11832 11833 1860
f 2046 2047 1931
f 2048 2047 2159
f 2159 2047 2158
f 2047 2046 2158
f 11848 11847 1933
f 1871 1872 1757
f 1756 1871 1757
f 1871 1756 1870
f 11844 1871 1870
f 2151 2323 2152
f 2041 2151 2152
f 2151 2041 2040
f 2042 2041 2152
f 1925 2041 2042
f 1922 1863 11835
f 2983 3111 2984
f 3111 3112 2984
f 3112 3293 3113
f 3478 3293 3477
f 3293 3476 3477
f 3293 3479 3113
f 3293 3478 3479
f 3475 3474 6945
f 6946 3475 6945
f 3475 6946 3476
f 3474 3475 3291
f 1762 1672 1761
f 1876 1762 1761
f 1762 1876 1877
f 1879 1880 1764
f 6807 7212 6808
f 7212 7213 6808
f 13810 7212 7211
f 13811 7212 13810
f 7212 13811 7213
f 6947 3478 3477
f 6947 6948 3478
f 6946 6947 3477
f 6947 6946 6805
f 6948 6947 6807
f 13794 13795 7196
f 7197 13795 13796
f 13795 7197 7196
f 13795 2306 13796
f 13791 13792 7194
f 13792 13791 2302
f 2310 13801 13800
f 2310 2311 13801
f 1939 1940 11854
f 2306 2167 2166
f 2305 13795 13794
f 13795 2305 2306
f 6933 6794 6934
f 6933 6793 6794
f 3471 6933 3472
f 6933 6934 3472
f 6933 3471 6932
f 6792 6933 6932
f 6793 6933 6792
f 6795 6935 6934
f 6795 6796 6935
f 6794 6795 6934
f 6795 6794 7200
f 6796 6795 7200
f 13790 13791 7193
f 13791 13790 2302
f 13790 2171 2302
f 2172 13790 2301
f 2128 2017 2016
f 2017 1900 2016
f 2017 2128 2129
f 2018 2017 2129
f 1900 2017 2018
f 6853 6854 7082
f 2240 2359 13697
f 2239 2359 2240
f 11752 1545 1546
f 11753 11752 1546
f 1545 11752 11751
f 11752 11753 1446
f 11752 1445 11751
f 1638 1637 1723
f 1545 1637 1546
f 1637 1638 1546
f 1637 1545 11751
f 1724 1723 1837
f 1724 1638 1723
f 1639 1724 1725
f 1724 1639 1638
f 11813 11812 1899
f 11812 11813 1841
f 11812 2015 1899
f 1898 11812 11811
f 1442 1441 1510
f 1442 1438 1441
f 1442 1443 1438
f 1635 1542 1634
f 1543 1542 1635
f 1542 1543 11749
f 1541 1542 1510
f 1542 1442 1510
f 2002 2003 1827
f 1689 1515 1688
f 11926 11925 2000
f 1711 1712 1624
f 1712 1711 1825
f 1710 1711 1624
f 1712 1625 1624
f 1625 1712 1626
f 1625 1536 1624
f 1625 1626 1536
f 11928 1826 1825
f 1826 1712 1825
f 11929 1826 11928
f 1712 1826 1827
f 1826 11929 1827
f 1632 1633 1541
f 1720 1633 1719
f 1633 1720 1634
f 1542 1633 1634
f 1633 1542 1541
f 1831 1832 1717
f 1718 1631 1717
f 1718 1632 1631
f 1832 1718 1717
f 1718 1832 1719
f 1633 1718 1719
f 1718 1633 1632
f 1829 1715 1714
f 1830 1829 11932
f 1829 1830 1715
f 1629 1538 1628
f 1715 1629 1628
f 1629 1715 1630
f 1538 1629 1539
f 1629 1630 1539
f 13705 6862 6861
f 7255 6862 13705
f 6863 6862 7255
f 6861 6862 7106
f 6862 6863 7106
f 7256 13706 13707
f 7255 13706 7256
f 13706 7255 13705
f 2366 13706 13705
f 2365 2115 2233
f 2366 2365 2233
f 2365 2366 13705
f 2005 2116 2006
f 2116 2005 2115
f 2001 11929 2000
f 11929 2001 2002
f 2367 2366 2233
f 13706 2367 13707
f 2367 13706 2366
f 3657 3656 7651
f 7099 6857 7100
f 6857 6858 7100
f 6857 7099 7098
f 6859 7103 7102
f 6858 6859 7102
f 7103 6859 7104
f 8312 6285 6286
f 10008 9509 10009
f 10472 10012 10013
f 10012 10472 10471
f 10009 10010 10469
f 9513 10012 9512
f 9513 9514 10013
f 10012 9513 10013
f 13122 13121 8947
f 13114 8929 8930
f 13111 13110 8917
f 13111 8919 13112
f 4877 13111 13112
f 12611 565 566
f 8261 8262 8913
f 5529 12611 12612
f 3649 3650 580
f 12624 585 12625
f 585 12624 584
f 3647 3646 3896
f 3646 3645 3896
f 3643 575 3642
f 575 3643 3644
f 3643 3642 3896
f 3644 3643 3896
f 574 3641 3642
f 575 574 3642
f 10468 10009 10469
f 10468 10008 10009
f 13525 10468 10469
f 10468 13525 13524
f 3198 3391 3392
f 3392 3391 13681
f 3391 13680 13681
f 3391 3390 13680
f 3201 3200 3394
f 3200 3393 3394
f 8564 6569 6570
f 8563 6569 8564
f 6569 5840 6570
f 5840 6569 12841
f 849 3885 850
f 7486 7896 7485
f 7896 7484 7485
f 7896 7486 7487
f 7484 7896 7483
f 7488 7896 7487
f 7896 7488 7489
f 6568 6569 8563
f 1823 1710 1709
f 1821 1707 1998
f 8964 8311 8312
f 13148 13147 8984
f 4914 13148 13149
f 13146 13147 4912
f 8985 13148 8984
f 13148 8985 13149
f 8982 13146 13145
f 8332 8985 8984
f 8985 8332 8333
f 8330 6304 6305
f 633 3697 634
f 5594 12668 5595
f 5594 6307 5593
f 12666 633 634
f 633 12666 12665
f 9546 4917 9547
f 9525 9526 10025
f 13143 13144 4908
f 4910 13144 13145
f 13144 8982 13145
f 7681 3694 7680
f 3694 3693 7680
f 12643 12644 5563
f 11290 11289 10949
f 11289 11290 11288
f 11289 10948 10949
f 10948 11289 11288
f 10474 10015 10475
f 10017 10476 10475
f 4423 10950 10949
f 10950 11290 10949
f 10950 10951 11291
f 11290 10950 11291
f 9522 9521 4892
f 9521 10020 10019
f 10020 9521 9522
f 4893 9522 4892
f 4894 4893 13128
f 10024 9525 10025
f 9523 4893 4894
f 4893 9523 9522
f 10952 4425 10953
f 4425 10952 10951
f 10952 10953 11293
f 11292 10952 11293
f 10951 10952 11292
f 4424 4425 10951
f 10950 4424 10951
f 4424 10950 4423
f 4424 4423 13531
f 4426 13533 13534
f 4425 4426 10953
f 13533 4426 4425
f 11296 10955 11297
f 10955 11296 11295
f 11296 11299 11295
f 13533 10479 13534
f 10484 10024 10025
f 11299 10957 10958
f 10958 10957 4430
f 11318 11319 11544
f 10967 10966 4440
f 10967 4441 10968
f 4441 10967 4440
f 11313 10967 10968
f 10966 10967 11312
f 10967 11313 11312
f 10970 10969 4442
f 10969 10970 11316
f 11315 10969 11316
f 11314 11315 11544
f 11315 11316 11544
f 10968 11315 11314
f 10969 11315 10968
f 9544 9543 4914
f 10043 9543 9544
f 10042 10043 10501
f 9543 10042 10041
f 10042 9543 10043
f 13548 13549 4442
f 11310 10964 10965
f 10964 10963 4437
f 11309 10964 11310
f 10964 11309 10963
f 4434 4435 10962
f 13541 4434 4433
f 13542 4434 13541
f 4435 4434 13542
f 10960 4432 4433
f 4432 10960 10959
f 4431 4432 10959
f 4439 13546 4440
f 4439 10966 10965
f 10966 4439 4440
f 13546 13547 4440
f 13547 4441 4440
f 4441 13547 13548
f 10499 13547 13546
f 13548 13547 10501
f 13544 13545 4437
f 13546 13545 10497
f 10496 10037 10497
f 13545 10496 10497
f 10496 13545 13544
f 4436 13544 4437
f 10963 4436 4437
f 4435 4436 10963
f 11324 11545 11544
f 11546 11545 11324
f 11550 11551 11942
f 11549 11550 11942
f 11550 11549 11327
f 11547 11548 11942
f 11548 11549 11942
f 11326 11548 11547
f 11549 11548 11327
f 11548 11326 11327
f 11321 11320 10973
f 11319 11320 11544
f 11320 11321 11544
f 4443 4444 10971
f 4443 10970 4442
f 10970 4443 10971
f 13549 4443 4442
f 4444 4443 13550
f 4443 13549 13550
f 10972 4444 10973
f 4444 10972 10971
f 10972 11320 11319
f 11320 10972 10973
f 11318 10972 11319
f 10972 11318 10971
f 10974 11321 10973
f 11321 10974 11322
f 10974 10975 11322
f 4444 4445 10973
f 4445 10974 10973
f 11950 11953 11949
f 11953 11950 11952
f 11952 11951 11565
f 11951 11950 11565
f 11950 11951 11952
f 11566 11344 11345
f 11344 11566 11565
f 11567 11566 11345
f 11566 11952 11565
f 11566 11953 11952
f 11566 11567 11954
f 11953 11566 11954
f 11947 11563 11564
f 1509 1504 1505
f 1504 1509 1503
f 1504 11809 1505
f 1504 1503 11809
f 1508 1509 1505
f 11860 1945 11861
f 1945 11860 11859
f 1884 11860 11861
f 11792 11793 1480
f 11789 1477 11788
f 11789 1478 1477
f 1586 11793 1677
f 1586 11794 11793
f 1678 1769 1679
f 1678 1768 1769
f 1768 1678 1677
f 1678 1586 1677
f 1883 1768 11859
f 1768 1883 1769
f 1769 1883 1884
f 11860 1883 11859
f 1883 11860 1884
f 1944 1768 1882
f 7110 6683 7109
f 6683 7026 7109
f 2217 2248 2218
f 2248 2247 2218
f 7030 6683 7110
f 7036 7111 7037
f 2299 2175 2174
f 2175 2062 2174
f 1602 1603 1611
f 1603 1602 1690
f 1896 1602 1601
f 1602 1896 1690
f 1603 1610 1611
f 2107 1993 2106
f 1993 1992 2106
f 1992 1993 11918
f 11917 1992 11918
f 1992 11917 1991
f 11878 1958 1782
f 1954 11873 1953
f 11873 1954 11874
f 1896 11873 11874
f 11875 1897 11874
f 1896 1897 1690
f 1897 1896 11874
f 1897 11875 11876
f 11877 1897 11876
f 1707 1621 1620
f 1535 1621 1622
f 1535 1623 1536
f 1535 1622 1623
f 1597 1689 1779
f 1516 1597 1517
f 1617 1618 1532
f 11746 11745 1538
f 11745 11746 11742
f 1895 11872 1781
f 11872 1896 1781
f 11871 11872 1895
f 11872 1952 1953
f 1952 11872 1951
f 11872 11871 1951
f 11873 11872 1953
f 11872 11873 1896
f 1598 1599 1518
f 1599 1895 1781
f 1895 1599 1780
f 1599 1598 1780
f 1813 1700 11915
f 1700 1696 1698
f 11915 1700 1812
f 2069 2182 1959
f 6841 6840 7243
f 6839 6840 6983
f 7242 13827 7243
f 6840 7242 7243
f 7242 6840 6839
f 6974 6830 6831
f 6830 6974 6973
f 6972 6829 6973
f 6828 6829 6972
f 6829 6830 6973
f 6830 6829 7231
f 6974 3518 3517
f 3518 3328 3517
f 3518 3519 3328
f 3519 3518 6975
f 3518 6974 6975
f 6984 3527 6983
f 6984 6985 3527
f 6840 6984 6983
f 6985 6984 6841
f 6984 6840 6841
f 6985 3528 3527
f 3527 3528 3337
f 3529 3528 6986
f 3528 6985 6986
f 3528 3338 3337
f 3528 3529 3338
f 6988 6987 6843
f 6844 6988 6843
f 6988 6844 6989
f 3530 6988 6989
f 6987 6988 3529
f 6988 3530 3529
f 7008 7009 3543
f 7007 7008 3543
f 7008 6852 7009
f 6997 3535 6996
f 3535 6997 6998
f 6850 6997 6996
f 6997 6850 6998
f 6993 6992 6847
f 6847 6992 6846
f 6992 6991 6846
f 3534 3533 6995
f 3344 3533 3345
f 3533 3534 3345
f 3533 3344 3343
f 6848 6994 6993
f 3533 6994 6995
f 6994 3533 6993
f 6994 6849 6995
f 6994 6848 6849
f 1380 1443 1444
f 1374 1434 1375
f 1433 1374 1373
f 1374 1433 1434
f 1263 1217 1262
f 2120 2010 2009
f 2120 2239 2240
f 2120 2240 2121
f 2010 2120 2121
f 1834 11938 1835
f 11938 11939 1835
f 11939 11938 2010
f 2010 11938 2009
f 2240 2358 2121
f 2358 2240 13697
f 1836 11940 1722
f 11939 1836 1835
f 1836 1722 1721
f 1835 1836 1721
f 2662 2661 2569
f 2661 2660 2569
f 6643 2661 2662
f 2660 6641 2659
f 2659 6641 6640
f 6641 2717 6640
f 2717 6641 2718
f 2843 2718 12144
f 2968 2843 12144
f 2843 2968 2969
f 2844 2969 3093
f 2970 2844 3093
f 2845 2844 2970
f 2844 2843 2969
f 2844 2717 2718
f 2843 2844 2718
f 13760 13759 2275
f 6913 3455 3454
f 6914 3455 6913
f 3455 3456 3278
f 2856 12127 2855
f 2856 2857 12127
f 2980 2856 2855
f 2857 2856 2980
f 7180 6923 6777
f 6923 7180 6778
f 13769 7180 6777
f 7180 13769 13770
f 6923 3286 3466
f 3287 3286 6923
f 3108 3286 3287
f 3286 2981 3466
f 2981 3286 2982
f 3286 3108 2982
f 12008 2656 2571
f 2657 2656 12008
f 2654 2655 6636
f 2655 6637 6636
f 2572 2655 2573
f 2655 2654 2573
f 12012 2711 2657
f 2848 2711 12137
f 12137 2711 2712
f 2711 12012 2712
f 2711 2656 2657
f 2656 2711 6637
f 2848 2972 2849
f 12009 2652 2651
f 2653 2652 12009
f 2652 2653 6635
f 2652 6634 2651
f 2652 6635 6634
f 6634 12136 2708
f 12130 12129 2701
f 12131 12130 2701
f 12130 2978 12129
f 3107 3106 3285
f 2979 3106 3107
f 3106 2979 3105
f 3106 3463 3285
f 12215 5142 5141
f 5142 5880 5141
f 214 5142 12215
f 5881 5142 5143
f 5880 5142 5881
f 5142 12216 5143
f 12216 5142 214
f 5883 5882 5145
f 12219 5883 5145
f 5882 5883 7932
f 7932 5883 8593
f 5883 7933 8593
f 212 12212 211
f 12213 12212 212
f 211 12212 12211
f 12212 12213 5139
f 12212 5138 12211
f 5138 12212 5139
f 7557 3961 7556
f 12200 5131 12199
f 3955 12198 205
f 12198 3955 12199
f 12198 5865 205
f 12198 5866 5865
f 5870 5133 7922
f 7921 5870 7922
f 5870 7921 8589
f 12202 5870 8589
f 5133 5870 12202
f 12863 12864 4595
f 12863 8585 12864
f 7918 7919 8586
f 12865 7918 8586
f 5866 7918 12865
f 12857 9233 12856
f 4589 12855 12856
f 9232 4589 10219
f 12855 9232 12854
f 9232 12855 4589
f 7564 3967 3966
f 5148 5886 7936
f 5886 5148 12222
f 220 5884 12221
f 5884 5147 12221
f 5147 5884 7933
f 11445 11101 11446
f 11101 11445 10678
f 4230 11101 10678
f 11101 11102 11446
f 11101 4230 11102
f 11102 13340 10679
f 4230 13340 11102
f 13340 4231 10679
f 11099 11100 11444
f 9746 4603 9242
f 9746 9745 4603
f 3971 227 7569
f 7568 7275 7276
f 15 7275 14
f 7276 7275 15
f 7275 13 14
f 951 950 1092
f 2451 953 954
f 2453 2452 956
f 2452 955 956
f 955 2452 954
f 2452 2451 954
f 13342 4236 4235
f 4236 10686 4235
f 10686 4236 10687
f 4617 4616 12882
f 4616 4617 9254
f 9757 9253 9254
f 9253 4616 9254
f 9756 9253 9757
f 4613 12880 4614
f 4613 4612 12880
f 10229 13342 10228
f 9753 10229 10228
f 10230 9754 9755
f 10229 9754 10230
f 9754 10229 9753
f 9248 9247 4610
f 9245 9751 9750
f 9245 9749 9244
f 9749 9245 9750
f 9246 9245 4608
f 9751 9246 9247
f 9245 9246 9751
f 4609 4608 12877
f 4609 9246 4608
f 9247 4609 4610
f 9246 4609 9247
f 4609 12878 4610
f 12878 4609 12877
f 8602 12878 12877
f 12878 8602 8603
f 10696 4243 10697
f 13349 4240 13348
f 13349 4241 4240
f 10239 10240 13354
f 10240 10239 9763
f 4244 13353 13354
f 4243 13353 4244
f 13353 10239 13354
f 4241 4242 10695
f 4242 10696 10695
f 10696 4242 4243
f 13345 13346 4238
f 10694 10693 4241
f 4241 10693 4240
f 10693 10692 4240
f 10692 10691 4240
f 10226 10225 9750
f 10225 9749 9750
f 10225 10226 13341
f 9749 10225 13341
f 9752 9753 10228
f 10227 9752 10228
f 9752 10227 9751
f 9752 9751 9247
f 9248 9752 9247
f 9752 9248 9753
f 10234 9758 9759
f 9758 9757 9254
f 5157 5894 5156
f 5894 5157 5895
f 234 3976 3977
f 12237 234 12238
f 234 233 3976
f 233 234 12237
f 7283 7578 7577
f 7578 7283 7284
f 7277 7276 15
f 16 7277 15
f 7276 7277 7569
f 7277 7570 7569
f 7570 7277 7571
f 5890 5152 5153
f 3973 3972 7571
f 231 3973 3974
f 896 1045 897
f 28 27 2399
f 2400 28 2399
f 28 2400 29
f 1042 894 1041
f 895 894 1042
f 2400 894 895
f 1039 1038 1014
f 893 1039 1040
f 893 2400 2399
f 893 894 2400
f 1041 893 1040
f 894 893 1041
f 1045 1046 897
f 868 869 2384
f 3976 7575 3977
f 7575 7576 3977
f 2391 877 2392
f 2387 2386 871
f 2387 2388 16
f 2386 2387 16
f 2385 16 15
f 2385 2386 16
f 2384 2385 15
f 869 2385 2384
f 901 2406 900
f 2406 2407 34
f 2407 2406 901
f 1050 901 1049
f 902 2407 901
f 1050 902 901
f 903 902 1051
f 902 1050 1051
f 7282 7283 7576
f 7575 7282 7576
f 7282 20 7283
f 2391 20 2390
f 10702 4247 10703
f 10241 10240 9764
f 13355 10241 13356
f 10240 10241 13355
f 9260 9764 9763
f 9260 4624 4625
f 9261 4627 9262
f 9260 9261 9764
f 3936 191 3935
f 191 3934 3935
f 191 12177 3934
f 193 194 12181
f 12181 194 12182
f 194 3940 12182
f 8571 7904 12850
f 195 12183 3941
f 5857 5856 5124
f 5856 5857 7909
f 5120 5121 5855
f 198 5120 12187
f 5121 5120 12188
f 5120 198 12188
f 195 196 12184
f 196 195 3942
f 196 3942 3943
f 197 196 3943
f 5117 5118 5851
f 5118 5117 12184
f 5850 5117 5851
f 5117 195 12184
f 12186 197 12187
f 3952 3954 3953
f 3951 201 3950
f 5856 5123 5124
f 200 3949 3950
f 201 200 3950
f 3944 3945 12187
f 3945 198 12187
f 198 3945 3946
f 12175 12176 5109
f 12175 190 12176
f 12175 12174 190
f 12173 188 189
f 12174 12173 189
f 2369 2 1
f 2 7259 1
f 2 3 7259
f 2371 2370 856
f 3 2370 2371
f 2 2370 3
f 2370 2 2369
f 997 996 2484
f 996 997 863
f 996 995 12170
f 993 859 858
f 993 12168 12169
f 992 993 858
f 993 992 12168
f 2373 2372 858
f 2371 2372 4
f 2372 5 4
f 2372 2373 5
f 991 2371 856
f 992 991 12168
f 857 992 858
f 2372 857 858
f 857 2372 2371
f 991 857 2371
f 857 991 992
f 11660 6572 11659
f 11660 11659 11642
f 6593 2482 12168
f 6593 6592 2482
f 6593 12168 12167
f 6592 6593 12167
f 6574 12154 6575
f 2508 6584 2509
f 2508 2507 6584
f 2506 2505 6584
f 2507 2506 6584
f 2505 2504 6584
f 2504 2503 6584
f 2501 2522 2500
f 2522 2521 2500
f 2521 2520 2499
f 6583 2494 2493
f 2494 6583 2495
f 2493 2494 2515
f 2494 2495 2515
f 3296 3297 3117
f 3297 3296 3483
f 3484 3297 3483
f 3297 3118 3117
f 13817 7218 6813
f 3135 3314 3136
f 3300 3493 3301
f 3514 6970 6971
f 6970 3514 3513
f 6969 6970 3513
f 6968 6969 3512
f 7228 2336 13825
f 2336 2138 2137
f 2138 2336 2139
f 6605 2617 6606
f 2691 2692 12119
f 2690 2691 12119
f 6599 2689 12118
f 6604 2693 6603
f 6604 6605 2693
f 2616 6604 6603
f 6604 2617 6605
f 2522 11991 2521
f 2640 2639 2585
f 6620 2640 2641
f 6619 2640 6620
f 2640 6619 2639
f 6608 6609 2694
f 2883 2882 2989
f 2884 2883 2989
f 2882 2881 2989
f 2881 2880 2989
f 2879 2878 2989
f 2880 2879 2989
f 2988 2875 2874
f 2876 2875 2988
f 2878 2877 2988
f 2877 2876 2988
f 2869 2868 2987
f 2868 2867 2987
f 2866 12121 12122
f 12121 12120 12122
f 2867 12121 2866
f 2868 12121 2867
f 12120 12121 2869
f 12121 2868 2869
f 3485 3484 6955
f 3485 3297 3484
f 3118 3298 3119
f 3119 3298 3299
f 3298 3489 3299
f 3297 3298 3118
f 3485 3298 3297
f 3122 3121 3300
f 3123 3122 3301
f 3122 3300 3301
f 2995 3122 3123
f 3121 3122 2995
f 3120 3121 2994
f 3119 3120 2993
f 3120 2994 2993
f 3120 3119 3299
f 3121 3120 3299
f 2886 2990 2887
f 2886 2885 2989
f 2990 2886 2989
f 4066 356 4065
f 357 356 4066
f 358 4066 4067
f 358 357 4066
f 11119 11118 10741
f 4284 10742 10741
f 4287 4288 10745
f 10742 11120 11119
f 11119 11120 11449
f 11120 11121 11449
f 5981 8029 5980
f 5194 12272 5195
f 280 279 4018
f 282 4019 4020
f 67 7331 66
f 7611 7612 4020
f 4019 7611 4020
f 7610 7611 4019
f 4022 4023 287
f 7617 4023 7616
f 7331 7617 7616
f 13366 4256 13365
f 4258 13366 13367
f 9266 9267 9769
f 9266 9265 4631
f 4632 9266 4631
f 9266 4632 9267
f 8615 12889 8614
f 12889 12888 8614
f 904 903 1051
f 1052 904 1051
f 7598 4000 7597
f 7307 7598 7597
f 10247 13362 13361
f 13362 4251 13361
f 4251 4250 13361
f 4251 13362 4252
f 4250 4251 10707
f 10708 4251 4252
f 10707 4251 10708
f 13357 10242 13358
f 4247 13357 13358
f 10241 13357 13356
f 13357 10241 10242
f 9768 9266 9769
f 9266 9768 9265
f 10259 13370 13369
f 10259 10260 13370
f 10260 10261 13370
f 10261 9779 10262
f 9775 9774 9273
f 9774 10253 9773
f 10257 10256 9776
f 10255 10256 13367
f 10256 10255 9775
f 10255 9774 9775
f 4259 4258 13367
f 4260 4259 13367
f 4259 4260 10716
f 10256 13368 13367
f 13368 4260 13367
f 10257 13368 10256
f 13368 10257 13369
f 10721 4264 4265
f 4264 13370 4265
f 13370 4264 13369
f 10715 10714 4258
f 10715 4259 10716
f 4259 10715 4258
f 10715 10716 11104
f 10714 4257 4258
f 4257 13366 4258
f 13366 4257 4256
f 4256 10713 10712
f 4257 10713 4256
f 10713 4257 10714
f 11112 10734 11113
f 13386 13387 4279
f 11105 10727 11106
f 10727 10728 11106
f 10727 11105 11104
f 10261 13371 13370
f 13371 10261 10262
f 8635 12911 12910
f 8636 12911 8635
f 12074 12075 2819
f 2818 12075 12076
f 12075 2818 2819
f 12075 2754 12076
f 12075 2753 2754
f 12075 12074 2753
f 12073 2821 12072
f 12074 12073 2753
f 12073 12072 2752
f 2753 12073 2752
f 2820 12074 2819
f 2820 2819 2947
f 2820 12073 12074
f 12073 2820 2821
f 3257 3070 3069
f 3070 3257 3071
f 2949 3070 3071
f 12071 12070 2751
f 12070 12069 2751
f 2823 12070 12071
f 6759 7162 7163
f 7162 13750 7163
f 13750 7162 13749
f 13749 7162 7161
f 2835 2834 2960
f 12060 2834 2835
f 3082 3083 2960
f 2959 3082 2960
f 6903 6902 6759
f 3443 6903 3444
f 6903 3443 6902
f 13745 13744 13736
f 13735 13745 13736
f 3441 3256 3255
f 3257 3256 3441
f 3256 3257 3069
f 3256 3069 3068
f 3255 3256 3068
f 6755 6756 6899
f 6901 3443 3264
f 3443 6901 6902
f 3240 3050 3049
f 3050 3240 3241
f 2260 2261 13748
f 2261 2260 2259
f 3072 3071 3258
f 3073 3072 3258
f 3073 3074 2951
f 3074 3260 3075
f 3075 3260 3076
f 3078 3077 3262
f 3076 3077 2954
f 3079 3078 3262
f 3078 3079 2956
f 2957 3079 3080
f 3079 2957 2956
f 2955 3078 2956
f 2828 2955 2956
f 3077 2955 2954
f 2955 3077 3078
f 2955 2827 2954
f 2955 2828 2827
f 2536 12029 12028
f 2535 2536 12028
f 12027 12026 2534
f 2535 12027 2534
f 12027 2535 12028
f 12027 2547 12026
f 6673 2683 2684
f 2683 2542 2684
f 2542 2683 2543
f 2679 2551 2550
f 2550 2551 12024
f 12023 2551 2552
f 2551 12023 12024
f 2551 2678 2552
f 2678 2551 2679
f 2678 2679 6666
f 6665 2678 6666
f 2677 2678 6665
f 6667 6668 2753
f 6666 6667 2752
f 6667 2753 2752
f 2679 6667 6666
f 6668 6667 2679
f 6668 6669 2754
f 2681 6669 2680
f 6669 6668 2680
f 2547 2546 2681
f 2546 12027 12028
f 12027 2546 2547
f 2669 2670 6659
f 2669 6658 2668
f 6658 2669 6659
f 2566 2669 2668
f 2669 2566 2565
f 2670 2669 2565
f 2746 6660 6661
f 6660 2672 6661
f 2672 6660 2671
f 6660 2670 2671
f 2670 6660 6659
f 6658 6657 2667
f 6657 6658 2742
f 6657 2666 2667
f 2666 6657 6656
f 6657 2741 6656
f 2741 6657 2742
f 2826 2953 2954
f 2953 3076 2954
f 2953 3075 3076
f 2676 2675 2557
f 2676 2677 6664
f 6663 2676 6664
f 2675 2676 6663
f 12016 2561 2562
f 2560 2561 12016
f 2561 2673 2562
f 2673 2561 2674
f 2561 2560 2674
f 2560 2559 2674
f 2675 2559 2558
f 2559 2675 2674
f 2559 2560 12017
f 2559 12018 2558
f 2559 12017 12018
f 12048 12049 2964
f 2733 12048 2732
f 12049 12048 2733
f 2961 2835 2960
f 3083 2961 2960
f 2961 2836 2835
f 2836 2961 2962
f 2962 3266 2963
f 2963 3266 3267
f 3266 3443 3444
f 12041 2840 12040
f 12041 12042 2840
f 12041 12040 2729
f 12042 12041 2729
f 12044 12045 3086
f 12045 12044 2729
f 12058 2837 12057
f 2836 2837 12058
f 2837 12056 12057
f 2837 2836 2962
f 12056 2837 2963
f 2837 2962 2963
f 12053 12052 2737
f 12052 2736 2737
f 2736 12052 12051
f 12051 12052 2838
f 12052 12053 2838
f 2198 2268 2267
f 13753 2268 2269
f 2268 13753 2267
f 2197 2085 2196
f 2197 2198 2085
f 2197 2196 2269
f 2268 2197 2269
f 2197 2268 2198
f 2201 2200 2265
f 2264 2201 2265
f 2201 2264 2202
f 2200 2201 2089
f 2091 2090 2205
f 2203 2090 2202
f 2201 2090 2089
f 2090 2201 2202
f 7139 7138 13720
f 6709 7069 7068
f 7061 3583 7060
f 13719 2257 13720
f 13719 13718 2257
f 7138 13719 13720
f 13718 13717 2257
f 2094 13717 13716
f 2257 13717 2094
f 2092 2210 2093
f 2092 2090 2091
f 2209 2092 2091
f 2092 2209 2210
f 2257 2209 13720
f 2210 2209 2257
f 7168 6766 7167
f 13756 7168 7167
f 6766 7168 7169
f 7169 7168 13757
f 7168 13756 13757
f 2270 13754 2269
f 13754 7166 2269
f 7166 13754 7167
f 2194 2271 2195
f 2272 2271 2194
f 2271 2270 2195
f 2271 13756 2270
f 13756 2271 13757
f 2271 2272 13757
f 2193 2272 2194
f 2272 2193 2273
f 2273 2193 2192
f 2193 2081 2192
f 2083 1971 2194
f 1971 2083 1972
f 3087 3271 3088
f 3271 3450 3272
f 3271 3089 3088
f 3089 3271 3272
f 3447 3269 3268
f 2964 3269 3086
f 3268 3269 2964
f 3271 3449 3450
f 3450 3449 6909
f 12103 2790 12102
f 2791 2790 2920
f 2787 2917 2788
f 2912 2784 2783
f 2912 2913 2784
f 3598 3407 13694
f 3407 3598 7081
f 6672 6673 2756
f 6672 2755 6671
f 2755 6672 2756
f 2683 6672 6671
f 6672 2683 6673
f 2757 6674 6675
f 6673 6674 2757
f 6674 6673 2684
f 2938 3057 3058
f 2938 2811 2810
f 2761 12084 2760
f 2761 2760 6679
f 12083 12084 2807
f 2808 12083 2807
f 12083 2759 2760
f 12084 12083 2760
f 3067 3255 3068
f 3067 3066 3255
f 2946 3067 3068
f 3066 3067 2946
f 3253 3064 3252
f 3054 2936 2935
f 2934 3051 3052
f 3051 3050 3241
f 3050 3051 2933
f 3051 2934 2933
f 3051 3242 3052
f 3242 3051 3241
f 2934 2806 2933
f 2806 2805 2933
f 2806 2934 2807
f 12084 2806 2807
f 2805 2804 2932
f 12146 2966 12034
f 12146 12035 2966
f 12146 12034 2728
f 12035 12146 2728
f 2727 2842 2726
f 3089 2842 2727
f 2842 2725 2726
f 2725 2842 2967
f 3091 3090 3273
f 2967 3090 3091
f 3090 3272 3273
f 3090 3089 3272
f 2842 3090 2967
f 3090 2842 3089
f 2723 2722 6649
f 2722 2723 12145
f 3453 3275 3092
f 3275 3276 3093
f 2969 3275 3093
f 3275 2969 3092
f 3599 506 505
f 507 506 3599
f 509 508 3599
f 508 507 3599
f 507 508 12549
f 3604 3600 3605
f 510 509 3599
f 511 510 3599
f 510 12554 509
f 6234 8260 8259
f 8912 8260 8261
f 8260 6235 8261
f 6235 8260 6234
f 8910 8258 8259
f 12594 12593 532
f 530 531 12591
f 532 531 3609
f 531 3608 3609
f 531 530 3608
f 530 529 3607
f 3606 529 528
f 3607 529 3606
f 529 12587 528
f 12595 534 12596
f 12595 12596 5514
f 3892 3610 3609
f 3892 3612 3611
f 3612 3892 3613
f 3633 3632 3895
f 3634 3633 3895
f 12609 561 562
f 553 3618 3619
f 554 553 3619
f 12605 553 554
f 548 3616 3617
f 491 492 12525
f 3599 491 490
f 492 491 3599
f 498 497 3599
f 497 496 3599
f 495 494 3599
f 496 495 3599
f 495 496 12532
f 496 12533 12532
f 12533 497 12534
f 497 12533 496
f 12528 493 494
f 494 493 3599
f 493 492 3599
f 493 12527 492
f 12527 493 12528
f 495 12530 494
f 490 12522 489
f 13092 8895 8896
f 9477 9977 9476
f 13084 8881 8882
f 8873 8221 8222
f 5452 5453 6169
f 5451 6167 5450
f 6168 5452 6169
f 5451 6168 6167
f 6168 5451 5452
f 6168 8187 8186
f 8187 6168 6169
f 5451 12547 5452
f 12547 506 507
f 503 502 3599
f 504 503 3599
f 12543 503 504
f 12536 12535 498
f 497 12535 12534
f 12535 497 498
f 12535 5437 12534
f 499 498 3599
f 500 499 3599
f 499 12536 498
f 499 500 12538
f 502 501 3599
f 501 500 3599
f 12544 12543 504
f 12545 12544 505
f 12544 504 505
f 6166 5449 5450
f 5449 12545 5450
f 5449 12544 12545
f 3625 3626 563
f 564 3626 3894
f 563 3626 564
f 10853 10854 11176
f 10929 10928 4408
f 4409 10929 4408
f 10929 4409 10930
f 10928 10929 11263
f 10929 11264 11263
f 11264 10929 10930
f 4409 13510 13511
f 13509 13510 4409
f 9994 10453 9993
f 10453 13510 13509
f 9477 9978 9977
f 4402 13499 13500
f 13500 13499 10442
f 13499 10441 10442
f 11252 10923 11253
f 10923 11254 11253
f 10923 10924 11254
f 10923 4402 10924
f 10925 10924 4404
f 11257 10925 10926
f 11256 10925 11257
f 10925 11256 11255
f 10924 10925 11255
f 4406 13506 4407
f 4406 10927 10926
f 4406 4407 10927
f 4407 13507 4408
f 13506 13507 4407
f 13507 13506 10450
f 4857 9486 4856
f 9505 9506 10005
f 10004 9505 10005
f 9505 10004 9504
f 9505 9504 4875
f 9504 9503 4874
f 9503 9504 10003
f 9503 10002 9502
f 10002 9503 10003
f 13110 4876 4875
f 4876 4877 9506
f 13111 4876 13110
f 4876 13111 4877
f 4876 9505 4875
f 9505 4876 9506
f 13108 13107 8913
f 13107 8912 8913
f 8257 6232 8258
f 8910 8911 13105
f 8911 8910 8259
f 8260 8911 8259
f 8911 8260 8912
f 9996 10456 10455
f 4871 4870 13105
f 9501 9502 10001
f 10000 9501 10001
f 9501 4872 9502
f 9501 4871 4872
f 5512 12593 12594
f 433 434 12465
f 433 4111 4112
f 434 433 4112
f 426 12460 425
f 4105 426 425
f 426 4105 4106
f 435 434 4113
f 435 4114 436
f 435 4113 4114
f 12466 435 436
f 434 435 12466
f 12455 5343 5342
f 422 4102 4103
f 7725 4102 4101
f 4102 420 4101
f 4103 4102 7726
f 4102 7725 7726
f 6081 6082 8107
f 8109 6082 6083
f 6083 6082 5354
f 6084 8110 6083
f 8110 8109 6083
f 8110 6084 8111
f 8771 8110 8111
f 13007 13006 8765
f 8766 13007 8765
f 8105 8104 6079
f 8104 8105 8764
f 8104 8763 8103
f 8763 8104 8764
f 6080 8105 6079
f 6081 6080 5352
f 8106 8766 8765
f 8105 8106 8765
f 8766 8106 8107
f 6080 8106 8105
f 8106 6081 8107
f 8106 6080 6081
f 5348 6076 5347
f 6076 5348 6077
f 6078 5350 6079
f 8104 6078 6079
f 6077 6078 8103
f 6078 8104 8103
f 7705 7536 7537
f 7536 7530 7543
f 7542 7541 7537
f 7542 7536 7543
f 7536 7542 7537
f 4094 4095 411
f 4094 7709 4095
f 7695 7694 7530
f 4089 7694 7695
f 407 4091 4092
f 4091 7701 4092
f 6070 6071 8096
f 6071 6070 5342
f 5339 5340 6069
f 5345 5346 6074
f 5345 6073 5344
f 6073 5345 6074
f 5346 5345 12458
f 5345 5344 12457
f 12458 5345 12457
f 406 4091 407
f 6064 6065 8090
f 6059 8082 6058
f 6063 5330 6064
f 8082 8083 8740
f 6059 8083 8082
f 8089 6064 8090
f 8089 6063 6064
f 8089 8088 6063
f 8088 8087 6063
f 8752 8092 8093
f 8754 8755 12997
f 8753 8754 12996
f 8754 12997 12996
f 8755 12998 12997
f 12997 12998 4732
f 12998 8756 12999
f 12998 8755 8756
f 4320 10782 10781
f 10782 4320 4321
f 13006 13005 8763
f 8762 13005 13004
f 13005 8762 8763
f 4741 13005 13006
f 9872 9372 9873
f 10333 9872 9873
f 10341 10340 9881
f 13438 10341 10342
f 10340 10341 13437
f 10341 13438 13437
f 9878 10338 10337
f 4753 4752 13012
f 4752 13011 13012
f 13011 4752 4751
f 6076 8102 8101
f 8762 8102 8103
f 8102 6077 8103
f 8102 6076 6077
f 8101 8102 8761
f 8102 8762 8761
f 8760 8100 8101
f 6074 8100 8099
f 8100 8759 8099
f 8100 8760 8759
f 8100 6074 6075
f 8101 8100 6075
f 8760 13002 8759
f 8758 13000 8757
f 8098 8758 8757
f 8758 8098 8099
f 8759 8758 8099
f 13000 4734 12999
f 9375 9875 9874
f 10335 9875 9876
f 9873 9373 9874
f 9372 9373 9873
f 10778 10779 11147
f 4314 10776 10775
f 10776 11144 10775
f 11146 10778 11147
f 10778 11146 10777
f 11146 11498 11497
f 11500 11146 11147
f 10775 10774 4313
f 10774 10773 4313
f 11478 11140 11479
f 11140 11478 11477
f 11476 11140 11477
f 11140 11476 11475
f 4312 13423 4313
f 13423 4312 13422
f 10321 10322 13422
f 10321 9860 10322
f 9859 10321 10320
f 9860 10321 9859
f 9852 9350 9351
f 10319 9857 10320
f 10755 11129 11128
f 11133 11132 10759
f 11457 11132 11458
f 11132 11133 11458
f 6030 8060 8059
f 378 12382 12381
f 12381 12382 5302
f 12382 12383 5302
f 4077 4076 7682
f 4077 7684 4078
f 4077 4078 392
f 4071 4070 7682
f 4070 4069 7682
f 4075 4074 7682
f 4074 4073 7682
f 376 4074 4075
f 4072 4071 7682
f 4073 4072 7682
f 378 377 4075
f 377 376 4075
f 377 378 12381
f 379 378 4075
f 379 12382 378
f 382 381 4076
f 9316 9315 4686
f 9315 9316 9810
f 9316 9317 9811
f 9810 9316 9811
f 9329 9328 4698
f 9328 9821 9820
f 9821 9328 9329
f 4699 9329 4698
f 9331 4702 9332
f 9825 9331 9332
f 12984 4710 12983
f 4711 12984 12985
f 12984 4711 4710
f 9335 9336 9831
f 9335 9334 4705
f 9333 4704 9334
f 4706 4707 9336
f 4706 9335 4705
f 9335 4706 9336
f 12979 4706 4705
f 12980 4706 12979
f 4707 4706 12980
f 12981 4707 12980
f 8722 12981 12980
f 9339 4709 9340
f 9338 9339 9835
f 4708 12982 4709
f 9339 4708 4709
f 4708 9339 9338
f 4708 12981 12982
f 12981 4708 4707
f 4702 4703 9332
f 4703 9333 9332
f 9333 4703 4704
f 4704 12977 4705
f 4299 10758 10757
f 11132 10758 10759
f 13411 4299 13410
f 13411 10312 10313
f 13411 13410 10312
f 13410 13409 10312
f 13409 13408 10312
f 13408 13409 4298
f 13409 4299 4298
f 4299 13409 13410
f 9834 9835 10312
f 10311 9834 10312
f 9834 10311 9833
f 9834 9338 9835
f 9834 9833 9338
f 9833 9337 9338
f 4707 9337 9336
f 4708 9337 4707
f 9337 4708 9338
f 9838 9839 10313
f 9837 9838 10313
f 9838 9837 9340
f 9828 9829 10310
f 9829 9828 9334
f 9828 9333 9334
f 10311 13407 13406
f 13407 10311 13408
f 9829 9830 10310
f 9830 10311 10310
f 10311 9830 9831
f 9830 9335 9831
f 9830 9829 9334
f 9335 9830 9334
f 9832 10311 9831
f 10311 9832 9833
f 9336 9832 9831
f 9337 9832 9336
f 9832 9337 9833
f 9824 10309 9823
f 10309 9824 9825
f 9824 9331 9825
f 10309 9822 9823
f 9822 10309 9821
f 9822 9329 9823
f 9822 9821 9329
f 9816 9817 10307
f 9817 9818 10307
f 9324 9817 9816
f 10308 9819 9820
f 9818 9819 10308
f 9819 9818 9326
f 9323 9324 9816
f 4693 9323 9322
f 9324 9323 4693
f 9812 9813 10305
f 9813 9812 9319
f 9814 10306 10305
f 9813 9814 10305
f 10308 13401 10307
f 13401 13400 10307
f 13400 13401 4293
f 13400 13399 10306
f 10306 13399 10305
f 4292 13399 13400
f 13399 4292 4291
f 10751 10752 11126
f 11125 10751 11126
f 10750 10751 11125
f 10751 4293 10752
f 10751 10750 4293
f 10748 10749 11124
f 10749 10750 11124
f 4291 10749 10748
f 4292 10749 4291
f 10750 10749 4292
f 10745 10746 11122
f 10746 10747 11122
f 4288 10746 10745
f 10747 4289 4290
f 10746 4289 10747
f 4289 10746 4288
f 4683 4684 9313
f 4684 9314 9313
f 5303 6023 5302
f 6055 8078 8077
f 401 12413 12412
f 8729 8730 12985
f 12984 8729 12985
f 8729 12984 8728
f 8721 8722 12980
f 8076 6053 8077
f 8080 8738 8079
f 12988 12989 4717
f 12988 4715 12987
f 12988 12987 8734
f 12987 8733 8734
f 8733 12987 8732
f 12987 12986 8732
f 8730 12986 12985
f 8726 8727 12983
f 8727 12984 12983
f 12984 8727 8728
f 8062 8727 8726
f 8060 8725 8724
f 8725 12982 8724
f 12982 8725 12983
f 8725 8726 12983
f 8062 8061 6033
f 8061 8725 8060
f 8061 8062 8726
f 8725 8061 8726
f 8063 8727 8062
f 8728 8063 8064
f 8727 8063 8728
f 13429 4322 4321
f 4323 13429 13430
f 4322 13429 4323
f 4326 13432 13433
f 13433 10336 10337
f 10336 10335 9876
f 13432 10336 13433
f 10336 13432 10335
f 10333 10334 13431
f 10334 13432 13431
f 13432 10334 10335
f 10334 9873 9874
f 10334 10333 9873
f 9875 10334 9874
f 10334 9875 10335
f 4327 4326 13433
f 13434 13435 4328
f 13434 4327 13433
f 4327 13434 4328
f 13434 13433 10337
f 10338 13434 10337
f 13435 13434 10338
f 13435 4329 4328
f 4329 13435 13436
f 4330 4329 13436
f 11171 11172 11543
f 11170 11171 11543
f 11502 11501 11147
f 11502 11503 11542
f 11501 11502 11542
f 11148 11504 11503
f 11503 11504 11541
f 11505 11149 11506
f 11505 11148 11149
f 11505 11504 11148
f 11504 11505 11541
f 11150 11511 11510
f 11150 11149 10781
f 10782 11150 10781
f 11492 11491 11144
f 11499 11500 11543
f 11498 11499 11543
f 11499 11146 11500
f 11146 11499 11498
f 10783 10782 4321
f 4322 10783 4321
f 10783 4322 10784
f 11151 10783 10784
f 11150 10783 11151
f 10783 11150 10782
f 10787 10786 4323
f 10786 10787 11152
f 10787 11153 11152
f 10784 10785 11152
f 10785 10786 11152
f 4322 10785 10784
f 10785 4322 4323
f 10786 10785 4323
f 9884 9384 9385
f 9384 9884 9883
f 8776 13013 13012
f 4754 13013 13014
f 13013 4753 13012
f 13013 4754 4753
f 8778 8779 13014
f 13013 8778 13014
f 8778 8118 8779
f 10350 10349 9891
f 9391 9390 4762
f 9889 9390 9391
f 4755 4754 13014
f 4755 9384 9383
f 4754 4755 9383
f 13016 8780 8781
f 8121 8782 8781
f 13017 13018 4758
f 4757 13017 4758
f 13017 4757 13016
f 13017 13016 8781
f 8782 13017 8781
f 13017 8782 13018
f 13018 4759 4758
f 4759 9387 4758
f 11185 11184 10874
f 10872 10873 11183
f 10873 11184 11183
f 11184 10873 10874
f 10874 10873 4336
f 10873 10872 4336
f 10871 11182 11181
f 10871 10872 11182
f 10876 10877 11187
f 11188 10878 11189
f 10877 10878 11188
f 9387 9886 9885
f 13439 13438 10342
f 13439 13440 4333
f 11174 10851 11175
f 10852 10853 11175
f 10851 10852 11175
f 10464 10465 13521
f 10464 10005 10465
f 10464 10004 10005
f 4415 13520 13521
f 13519 13520 4415
f 13520 10464 13521
f 10462 10002 10003
f 13518 4414 4413
f 13518 13519 4414
f 13518 10462 13519
f 4414 10935 4413
f 10936 10935 4414
f 11270 10935 11271
f 10935 10936 11271
f 10937 11273 11272
f 10936 10937 11272
f 10937 10938 11274
f 11273 10937 11274
f 10937 4415 10938
f 4415 10937 4414
f 10937 10936 4414
f 8774 8113 8775
f 8113 8114 8775
f 8115 6088 8116
f 8114 8115 8776
f 6088 6089 8116
f 438 439 12468
f 438 4116 4117
f 439 438 4117
f 440 4118 4119
f 439 4118 440
f 4118 439 4117
f 4118 4133 4132
f 4133 4118 4117
f 4131 4118 4132
f 4118 4131 4119
f 5356 6086 6085
f 5357 6086 5356
f 4750 4749 13010
f 4750 13011 4751
f 13011 4750 13010
f 13010 4748 13009
f 4749 4748 13010
f 13009 4748 4747
f 4748 9377 4747
f 4748 4749 9378
f 9377 4748 9378
f 8772 8771 8111
f 8773 8772 8111
f 8771 8772 13010
f 8772 8773 13010
f 12514 5419 12513
f 5419 12514 12515
f 12514 12513 484
f 12515 12514 484
f 5418 12512 12513
f 12513 12512 484
f 12512 12511 484
f 12510 12509 484
f 12511 12510 484
f 450 449 4130
f 450 4131 451
f 4131 450 4130
f 12478 450 451
f 449 450 12477
f 450 12478 12477
f 449 4129 4130
f 4130 4129 4120
f 12476 449 12477
f 12475 12476 5364
f 12476 5365 5364
f 5365 12476 12477
f 442 12471 441
f 442 443 12471
f 445 446 12474
f 12475 446 447
f 446 12475 12474
f 442 4122 443
f 443 4124 444
f 4124 4125 444
f 458 459 12485
f 459 4135 460
f 4135 459 458
f 12484 457 458
f 457 456 4134
f 458 457 4134
f 453 452 4132
f 452 4131 4132
f 4131 452 451
f 452 453 12480
f 11674 11647 11648
f 11649 11674 11648
f 11674 11649 11675
f 11674 11646 11647
f 11674 11675 6590
f 12148 12147 6580
f 11683 11651 11652
f 12163 1144 1143
f 1145 1144 12163
f 139 7494 138
f 7494 139 7495
f 2465 2464 968
f 1105 965 1104
f 966 965 1105
f 2464 967 968
f 967 2464 2463
f 967 966 1106
f 967 1107 968
f 1107 967 1106
f 7500 7499 150
f 7504 155 156
f 156 155 1102
f 7502 152 153
f 7506 7507 7529
f 162 161 2459
f 2476 179 2475
f 2476 981 2477
f 2476 2477 180
f 179 2476 180
f 1137 1138 988
f 1136 1137 988
f 1138 1137 12163
f 1137 1136 12163
f 1141 1140 12163
f 1140 1139 12163
f 1135 1134 12163
f 1134 1133 12163
f 1134 1135 988
f 1133 1134 988
f 12162 1130 1129
f 1131 1130 12162
f 1130 988 1129
f 1130 1131 988
f 1126 1127 988
f 1127 1128 988
f 1127 1126 12162
f 1128 1127 12162
f 1112 1111 12161
f 12162 1112 12161
f 1112 12162 1113
f 1114 975 1113
f 975 1114 976
f 975 976 2472
f 2471 975 2472
f 1111 972 1110
f 2468 972 2469
f 2466 970 2467
f 1108 969 968
f 970 969 1108
f 969 2465 968
f 969 2466 2465
f 2466 969 970
f 987 1125 1126
f 1126 1125 12162
f 1125 1124 12162
f 1123 1122 12162
f 1124 1123 12162
f 6700 7131 6701
f 6700 6701 7059
f 7058 6700 7059
f 13680 3575 13681
f 7054 3579 3578
f 7053 7054 3578
f 7052 3577 7051
f 3577 7052 7053
f 7116 7115 2252
f 2253 13714 2252
f 13714 7116 2252
f 7116 13714 7117
f 6715 6714 7141
f 6714 6715 7075
f 7145 6720 7144
f 6720 6719 7144
f 6720 7145 6721
f 6720 6721 7081
f 6718 7143 7144
f 6719 6718 7144
f 7143 6718 6717
f 6718 7078 6717
f 7079 6718 6719
f 6718 7079 7078
f 13693 13694 3406
f 13692 13693 3406
f 13690 13691 3406
f 13691 13692 3406
f 3592 7073 7074
f 3592 3591 7073
f 3592 13688 3591
f 13689 13690 3406
f 13688 13689 3406
f 3592 13689 13688
f 3583 3582 7059
f 3582 7058 7059
f 7058 3582 3581
f 3581 3582 13683
f 3399 3206 3205
f 3398 3399 3205
f 3403 3404 3207
f 1697 1696 1784
f 1696 1697 1698
f 1698 1697 1812
f 11907 11906 1983
f 11907 1984 11908
f 11907 1983 1984
f 7039 6685 7040
f 7043 7114 7115
f 2252 7114 13713
f 7115 7114 2252
f 7112 7041 7040
f 7131 7132 6701
f 7133 7132 13716
f 7132 2256 13716
f 7132 7131 2256
f 7131 7130 2256
f 7130 7129 2256
f 6700 7130 7131
f 11903 11904 1801
f 11904 11903 1981
f 11903 1980 1981
f 1980 11903 11902
f 1971 11896 11895
f 11897 11896 1972
f 11896 1971 1972
f 11897 11898 1797
f 11898 11897 1972
f 11898 1973 11899
f 11898 1972 1973
f 11891 1794 1793
f 1793 1794 1801
f 1798 11898 11899
f 11898 1798 1797
f 1792 1803 1804
f 1803 1792 1793
f 1792 11891 1793
f 11906 1805 1804
f 11907 1805 11906
f 1806 1805 11908
f 1805 11907 11908
f 2274 2191 2275
f 2191 2274 2192
f 11889 1791 1790
f 3456 3457 3279
f 3457 3280 3279
f 3280 3457 3458
f 3106 3462 3463
f 3462 3106 3105
f 6918 6919 3460
f 7177 2281 13766
f 2281 7177 7176
f 1976 2088 2089
f 2090 1976 2089
f 1976 1975 2087
f 2088 1976 2087
f 2092 1976 2090
f 1977 1976 2093
f 1976 2092 2093
f 2212 2213 2098
f 2213 2252 13713
f 2213 2212 2252
f 2251 2213 13713
f 2214 2213 2251
f 2213 2214 2099
f 2098 2213 2099
f 1671 1672 1580
f 1672 1671 1761
f 1872 1873 1758
f 1873 1759 1758
f 1759 1873 1874
f 11847 1873 1872
f 1873 11848 1874
f 1873 11847 11848
f 1927 11841 1926
f 2043 1927 1926
f 1927 2043 2044
f 1928 1927 2044
f 11841 1868 1867
f 1868 1869 1754
f 1870 1869 11843
f 1478 1413 1477
f 1300 1299 1348
f 1352 1302 1351
f 1302 1352 1353
f 1411 1353 1410
f 1411 1473 1474
f 1412 1411 1474
f 1302 1303 11711
f 1303 1302 1353
f 1578 11785 11784
f 1475 1412 1474
f 1475 11785 11786
f 11784 1475 1474
f 11785 1475 11784
f 1579 1578 1670
f 1671 1579 1670
f 1579 1671 1580
f 11787 1579 1580
f 1579 11787 11786
f 11785 1579 11786
f 1579 11785 1578
f 1578 1669 1670
f 1758 1669 1757
f 1669 1759 1670
f 1759 1669 1758
f 11782 1473 11781
f 11782 11783 1473
f 1575 1665 1666
f 1575 1574 1665
f 1574 1575 11781
f 1575 11782 11781
f 1473 1472 11781
f 1471 1472 1410
f 1472 1411 1410
f 1411 1472 1473
f 1407 1408 1351
f 1408 1352 1351
f 1349 1300 1348
f 1300 1349 1301
f 2161 2049 2048
f 1934 2049 2050
f 2048 2049 1933
f 2049 1934 1933
f 2311 2162 2312
f 2162 2161 2312
f 2049 2162 2050
f 2162 2049 2161
f 2314 2313 2160
f 2314 13804 2313
f 2314 2159 2315
f 2159 2314 2160
f 13805 2314 2315
f 13804 2314 13805
f 7004 3541 3540
f 7003 7004 3540
f 13830 7004 6851
f 7004 7003 6851
f 2022 2341 2133
f 2022 1905 2342
f 2341 2022 13828
f 2022 2342 13828
f 11817 11816 1903
f 1904 11817 1903
f 11817 1904 11818
f 13831 2346 2348
f 2346 2347 2348
f 2346 13831 2345
f 2130 2346 2345
f 2347 2346 2130
f 1730 1551 1642
f 1551 1550 1642
f 1550 1551 11757
f 1551 11758 11757
f 11758 1551 1552
f 11756 1550 1450
f 1550 11756 1642
f 1451 1450 11757
f 1451 1390 1450
f 1452 1451 11757
f 1390 1391 1335
f 1392 1391 1452
f 1391 1451 1452
f 1451 1391 1390
f 1840 1726 1725
f 1726 1840 1841
f 1840 11812 1841
f 11812 1840 11811
f 1843 1842 11814
f 1842 1843 1728
f 1843 1901 11815
f 1901 1843 11814
f 1844 1843 11815
f 1729 1843 1844
f 1641 1727 1728
f 1727 1726 1841
f 1726 1727 1640
f 1727 1641 1640
f 1842 1727 1841
f 1727 1842 1728
f 1590 11863 1772
f 11863 1590 1946
f 1305 1303 1304
f 1303 1305 11711
f 1360 1306 1421
f 1302 11710 1301
f 11710 1302 11711
f 1156 1155 1190
f 11693 11694 1231
f 1196 1159 1158
f 1238 11702 1239
f 1192 1238 1239
f 1193 1192 1239
f 11827 1855 1854
f 1855 11827 1913
f 1739 1651 1650
f 1557 1556 1647
f 1651 1559 1650
f 11761 1455 1454
f 1455 11761 11762
f 1377 1436 1378
f 1377 1376 1436
f 1548 1641 1549
f 11755 1548 1549
f 1641 1548 1640
f 1640 1548 1547
f 11686 1273 1278
f 1329 1386 1330
f 1329 11686 1278
f 1386 1447 1448
f 11753 1447 1446
f 1447 1386 1446
f 1180 1227 1181
f 1319 11731 11730
f 1263 11731 11732
f 11730 11731 1262
f 11731 1263 1262
f 1769 1770 1679
f 1770 1769 1884
f 1644 1553 1552
f 1644 1731 1732
f 1646 1555 1554
f 11761 1555 11762
f 1555 11761 1554
f 1555 1556 11762
f 1555 1646 1647
f 1556 1555 1647
f 1645 1646 1554
f 1645 1733 1734
f 1646 1645 1734
f 1553 1645 1554
f 1644 1645 1553
f 1733 1645 1732
f 1645 1644 1732
f 1453 1392 1452
f 11825 1853 1852
f 1739 1853 1854
f 2026 2025 2136
f 1909 2025 2026
f 2025 1909 2024
f 2025 2135 2136
f 2025 2024 2135
f 1559 1649 1650
f 1852 1851 11824
f 1851 11823 11824
f 1646 1735 1647
f 1735 1646 1734
f 13826 7233 2337
f 2338 13826 2337
f 13826 2338 2339
f 6977 6834 6978
f 6833 6834 6977
f 1201 1159 1200
f 1201 1200 1249
f 1202 1201 1249
f 1160 1201 1202
f 1201 1160 1159
f 11729 1319 11730
f 1420 1484 11796
f 1484 1420 1419
f 1306 1359 1421
f 1359 1420 1421
f 1305 1359 1306
f 1359 1305 1304
f 1416 1356 1355
f 1203 1204 1163
f 1772 1888 1773
f 1887 11863 11864
f 11863 1887 1772
f 1887 1888 1772
f 1950 1947 1946
f 1947 11863 1946
f 11863 1948 11864
f 1948 1947 1950
f 1947 1948 11863
f 1344 1343 1399
f 1399 1398 1460
f 1343 1398 1399
f 11764 1458 1457
f 1458 1396 1457
f 1396 1458 1397
f 1461 1399 1460
f 11767 1461 1460
f 1563 1653 1654
f 1652 1562 1561
f 1562 1652 1653
f 1563 1562 1653
f 1562 1563 11769
f 1465 11772 11773
f 11772 1465 1464
f 1566 11772 1565
f 11772 1566 11773
f 1403 1347 1346
f 1402 1403 1346
f 1347 1403 1404
f 1403 1402 1465
f 1404 1403 1466
f 1403 1465 1466
f 1345 1402 1346
f 1401 1345 1344
f 1345 1401 1402
f 2146 2035 2145
f 2035 2146 2036
f 1859 1744 1858
f 1744 1859 1745
f 1859 11832 1860
f 1746 1859 1860
f 1859 1746 1745
f 1657 1744 1745
f 1657 1566 1565
f 1863 1862 11835
f 1659 1568 1567
f 1920 1919 2036
f 1919 2035 2036
f 1919 11833 11832
f 2035 1919 11832
f 1861 1747 1860
f 11833 1861 1860
f 1861 1748 1747
f 1861 1862 1748
f 1932 2048 1933
f 1932 2047 2048
f 2047 1932 1931
f 11847 1932 1933
f 1871 11845 1872
f 11845 1871 11844
f 1931 11845 1930
f 11845 11844 1930
f 2324 2151 2040
f 2323 2324 13814
f 2151 2324 2323
f 7216 2324 13815
f 2324 7216 13814
f 11839 11840 1867
f 11840 11841 1867
f 11841 11840 1926
f 11840 1925 1926
f 11840 11839 1925
f 1921 2038 11835
f 2038 1922 11835
f 2038 1921 2037
f 2038 2148 2326
f 2148 2038 2037
f 1408 1470 1471
f 1470 1407 1469
f 1470 1408 1407
f 1753 1752 1867
f 1752 1753 1665
f 1868 1753 1867
f 1753 1868 1754
f 1665 1753 1666
f 1753 1754 1666
f 1866 1752 1865
f 1866 11839 1867
f 1752 1866 1867
f 1574 1664 1665
f 1664 1752 1665
f 3110 2983 3109
f 3110 3111 2983
f 3291 3110 3109
f 3111 3110 3291
f 3293 3292 3476
f 3475 3292 3291
f 3292 3475 3476
f 3292 3293 3112
f 3292 3111 3291
f 3111 3292 3112
f 2171 2170 2302
f 2170 2056 2169
f 1875 1874 11849
f 1875 1876 1761
f 1876 11851 1877
f 1763 1762 1877
f 1763 1879 1764
f 1762 1763 1672
f 1878 1763 1877
f 1763 1878 1879
f 6806 6947 6805
f 6947 6806 6807
f 6806 6805 7211
f 7212 6806 7211
f 6806 7212 6807
f 2305 2304 2169
f 2304 2305 13794
f 7195 13794 7196
f 7195 7196 6790
f 6930 7195 6790
f 7195 6930 7194
f 13792 7195 7194
f 2308 13799 13798
f 7202 13799 13800
f 7201 13799 7202
f 13798 13799 7200
f 13799 7201 7200
f 2308 2165 2164
f 2165 2052 2164
f 2053 2165 2166
f 2052 2165 2053
f 2307 2306 2166
f 2165 2307 2166
f 2307 2165 2308
f 2307 13797 13796
f 2306 2307 13796
f 13797 2307 13798
f 2307 2308 13798
f 1937 2053 1938
f 1937 11851 1936
f 11851 1937 1938
f 2052 1937 1936
f 1937 2052 2053
f 1941 1940 2056
f 2053 2054 1938
f 2054 1939 1938
f 2054 2053 2166
f 2167 2054 2166
f 2168 2305 2169
f 2168 2054 2167
f 2168 2167 2306
f 2305 2168 2306
f 13790 2300 2301
f 2300 2172 2301
f 1944 2300 2173
f 2300 1944 2172
f 2172 11858 1943
f 1766 11858 1882
f 11858 1944 1882
f 1944 11858 2172
f 13790 2058 2171
f 2172 2058 13790
f 2058 2172 1943
f 1942 2058 1943
f 2238 2239 2118
f 2238 2361 2239
f 1838 1724 1837
f 1724 1838 1725
f 2014 2125 2015
f 11812 2014 2015
f 1898 2014 11812
f 1442 1511 1443
f 1443 1511 1444
f 1511 1542 11749
f 1542 1511 1442
f 1511 11750 1444
f 11750 1511 11749
f 2003 11930 1827
f 2004 11930 2003
f 2004 2005 11932
f 2005 2004 2115
f 2113 2003 2002
f 11743 11745 11742
f 11745 11743 11744
f 11927 11928 1825
f 11926 11927 1825
f 11928 11927 2000
f 11927 11926 2000
f 11935 1832 1831
f 1833 1834 1719
f 1832 1833 1719
f 1715 1716 1630
f 1830 1716 1715
f 1630 1716 1717
f 1716 1831 1717
f 1716 1830 1831
f 6864 7255 6865
f 6864 6863 7255
f 6864 6865 7106
f 6863 6864 7106
f 1830 11933 1831
f 11933 2005 2006
f 11933 1830 11932
f 2005 11933 11932
f 2238 2117 2237
f 2117 2238 2118
f 2117 2236 2237
f 2236 2117 2116
f 2367 2368 13707
f 3654 3655 587
f 3655 3654 7651
f 3656 3655 7651
f 12616 574 575
f 3646 577 3645
f 7097 6856 7098
f 6856 6857 7098
f 7096 6856 7097
f 6856 7096 7095
f 6859 6860 7104
f 6860 6861 7105
f 7104 6860 7105
f 7657 7656 7651
f 6279 6278 5563
f 5561 6277 6276
f 4885 13120 13121
f 5552 5553 6266
f 5554 5553 12635
f 4879 13114 4880
f 9509 4879 4880
f 10010 10470 10469
f 10470 13526 10469
f 13527 10470 10471
f 13526 10470 13527
f 10012 10011 9512
f 10011 10470 10010
f 10011 10012 10471
f 10470 10011 10471
f 10011 9511 9512
f 9511 10011 10010
f 13114 13115 4880
f 4884 13118 13119
f 13120 4884 13119
f 4884 13120 4885
f 9513 4884 9514
f 4884 4885 9514
f 4886 4885 13121
f 4886 13122 4887
f 13122 4886 13121
f 4885 4886 9514
f 13113 8929 13114
f 4879 13113 13114
f 8920 8921 13112
f 8919 8920 13112
f 8920 8269 8921
f 8918 13111 8917
f 13111 8918 8919
f 8266 8918 8917
f 5520 6232 5519
f 5532 6245 5531
f 6245 6244 5531
f 12610 5527 12609
f 12610 563 564
f 563 12610 12609
f 565 12610 564
f 12611 12610 565
f 8918 8267 8919
f 8267 8918 8266
f 6238 6239 8264
f 5527 6239 5526
f 6239 6238 5526
f 8263 8262 6237
f 6238 8263 6237
f 8263 6238 8264
f 5530 6244 6243
f 6244 5530 5531
f 5531 5530 12612
f 5530 5529 12612
f 6256 6257 8284
f 586 3654 587
f 586 585 3654
f 585 586 12625
f 5542 6257 6256
f 3649 3897 3650
f 3654 3897 7651
f 3897 3648 7651
f 3648 3897 3649
f 3653 585 584
f 3652 3653 584
f 585 3653 3654
f 3653 3897 3654
f 3897 3653 3652
f 3650 581 580
f 12624 583 584
f 583 3652 584
f 3897 3651 3650
f 3651 3897 3652
f 3651 581 3650
f 581 3651 582
f 583 3651 3652
f 3651 583 582
f 3641 573 3640
f 574 573 3641
f 573 3639 3640
f 10467 10468 13524
f 13523 10467 13524
f 10467 10007 10008
f 10468 10467 10008
f 10465 13522 13521
f 13522 4416 13521
f 4417 13524 4418
f 4417 13523 13524
f 13522 4417 4416
f 4417 13522 13523
f 4417 4418 10942
f 10941 4417 10942
f 4416 4417 10940
f 4417 10941 10940
f 3197 3391 3198
f 3390 3197 3196
f 3391 3197 3390
f 3393 3199 3392
f 3200 3199 3393
f 3199 3198 3392
f 3885 3886 850
f 3886 3885 7893
f 3885 7892 7893
f 3881 846 3880
f 7889 3881 3880
f 3881 7889 7890
f 3884 849 848
f 3884 3885 849
f 3884 7892 3885
f 7465 7883 7464
f 11606 11607 11985
f 11611 11612 11985
f 6569 5839 12841
f 6568 5839 6569
f 1711 1824 1825
f 1824 11926 1825
f 1824 1711 1710
f 1823 1824 1710
f 11926 1824 11925
f 1824 1823 11925
f 11925 11924 1999
f 11924 1998 1999
f 11924 1821 1998
f 1822 1823 1709
f 1821 1822 1709
f 11924 1822 1821
f 1823 1822 11925
f 1822 11924 11925
f 8310 6283 8311
f 13126 13125 8961
f 4913 13148 4914
f 9543 4913 4914
f 13147 4913 4912
f 13148 4913 13147
f 4911 4910 13145
f 13146 4911 13145
f 4911 13146 4912
f 8983 8982 8330
f 8982 8983 13146
f 13147 8983 8984
f 13146 8983 13147
f 8982 8981 8330
f 13144 8981 8982
f 8981 13143 8980
f 8981 13144 13143
f 8331 8330 6305
f 8332 8331 6305
f 8331 8983 8330
f 8331 8332 8984
f 8983 8331 8984
f 8329 8328 6303
f 6304 8329 6303
f 8329 6304 8330
f 8981 8329 8330
f 8328 8329 8980
f 8329 8981 8980
f 5588 12663 5589
f 5590 12664 12665
f 12663 12664 5589
f 12664 5590 5589
f 12669 5596 5595
f 12668 12669 5595
f 6307 6306 5593
f 6306 8332 6305
f 8332 6306 8333
f 6306 6307 8333
f 12666 12667 5593
f 12667 5594 5593
f 5594 12667 12668
f 12667 635 12668
f 12667 12666 634
f 635 12667 634
f 641 640 3703
f 3903 641 3703
f 3702 7681 3703
f 3702 3701 7681
f 640 3702 3703
f 3700 3701 638
f 3701 3700 7681
f 3700 3699 7681
f 4917 4918 9547
f 4916 9546 9545
f 4916 4917 9546
f 10028 10487 10027
f 9526 10026 10025
f 13144 4909 4908
f 4909 13144 4910
f 4908 4909 9538
f 4909 4910 9538
f 12662 629 12663
f 5588 12662 12663
f 3697 3696 7681
f 633 3696 3697
f 629 630 12663
f 12664 630 631
f 630 12664 12663
f 7669 7668 7651
f 3671 7665 7666
f 3671 3670 7665
f 3670 7664 7665
f 7661 7664 7662
f 7664 7661 7665
f 5566 12646 12647
f 12646 610 12647
f 12644 5564 5563
f 5564 6279 5563
f 12646 609 610
f 607 12644 12643
f 607 606 3670
f 3671 607 3670
f 604 605 12640
f 3899 605 604
f 605 3899 606
f 7674 3681 7673
f 3682 3681 7674
f 3683 7674 7675
f 3683 3682 7674
f 3682 3683 620
f 628 12662 12661
f 12662 628 629
f 6285 5571 6286
f 10015 9516 9517
f 4888 9516 4887
f 9516 4888 9517
f 10016 10015 9517
f 10015 10016 10475
f 10016 10017 10475
f 4888 13123 13124
f 13122 13123 4887
f 13123 4888 4887
f 13532 10476 10477
f 13533 13532 10477
f 13532 13533 4425
f 13532 13531 10476
f 13532 4424 13531
f 4424 13532 4425
f 9523 10023 10022
f 10023 10024 10482
f 4426 10954 10953
f 10954 10955 11295
f 10954 11294 10953
f 11294 10954 11295
f 11298 11296 11297
f 11296 11298 11299
f 11298 10957 11299
f 11298 11297 10956
f 10957 11298 10956
f 10479 10480 13534
f 10021 10479 10020
f 10021 10020 9522
f 10480 10021 10022
f 10021 10480 10479
f 10021 9523 10022
f 9523 10021 9522
f 10478 13533 10477
f 10478 10479 13533
f 10019 10478 10477
f 10020 10478 10019
f 10479 10478 10020
f 10024 10483 10482
f 10484 10483 10024
f 10957 4429 4430
f 4428 4429 10956
f 4429 10957 10956
f 10970 11317 11316
f 11316 11317 11544
f 11317 11318 11544
f 11318 11317 10971
f 11317 10970 10971
f 9539 10038 9538
f 4910 9539 9538
f 4911 9539 4910
f 9539 4911 9540
f 9541 10039 9540
f 9541 4911 4912
f 4911 9541 9540
f 11307 11306 10962
f 10961 4434 10962
f 11306 10961 10962
f 10961 11306 11305
f 10961 11304 10960
f 11304 10961 11305
f 10961 10960 4433
f 4434 10961 4433
f 10963 11308 11307
f 11309 11308 10963
f 10498 13546 10497
f 10498 10499 13546
f 10498 10039 10499
f 10039 10498 10038
f 10038 10498 10497
f 13547 10500 10501
f 10500 13547 10499
f 10500 10499 10041
f 10500 10042 10501
f 10042 10500 10041
f 4439 4438 13546
f 4438 13545 13546
f 13545 4438 4437
f 4438 4439 10965
f 10964 4438 10965
f 4438 10964 4437
f 10496 10036 10037
f 9537 10036 9536
f 10036 9537 10037
f 13551 4444 13550
f 13551 4445 4444
f 11562 11943 11942
f 11563 11944 11562
f 11945 11944 11563
f 11944 11943 11562
f 11949 11948 11564
f 11948 11947 11564
f 11948 11953 11954
f 11953 11948 11949
f 11946 11945 11563
f 11947 11946 11563
f 11956 11946 11947
f 11561 11562 11942
f 11560 11561 11942
f 11748 1508 1540
f 1508 11748 1509
f 11748 1540 1632
f 11748 1632 1541
f 11748 1541 1510
f 1509 11748 1510
f 1540 1507 11747
f 1508 1507 1540
f 1479 1478 11791
f 1479 11792 1480
f 11792 1479 11791
f 1415 1479 1480
f 1478 11790 11791
f 11790 1478 11789
f 1586 1587 11794
f 1678 1587 1586
f 1587 1678 1679
f 1588 1587 1679
f 1417 1356 1416
f 1768 2059 2060
f 1944 2059 1768
f 2060 2059 2173
f 2059 1944 2173
f 7019 3554 3553
f 2247 2220 2219
f 2220 2103 2219
f 2248 13711 2247
f 13711 2220 2247
f 2220 13711 13710
f 13711 7110 7109
f 13711 2248 7110
f 2225 2107 2106
f 6680 7010 13708
f 3544 7010 7011
f 7010 6680 7011
f 6682 13711 7109
f 13711 6682 13710
f 7022 6682 7023
f 6682 7022 7021
f 7026 7025 7109
f 7025 6682 7109
f 7110 2249 13712
f 2248 2249 7110
f 2249 2250 13712
f 2250 2249 2216
f 2249 2217 2216
f 2249 2248 2217
f 7029 7030 3562
f 6683 7029 7028
f 7030 7029 6683
f 3160 3159 3362
f 3159 3154 3158
f 3162 3163 3151
f 3163 3164 3151
f 2175 2298 2297
f 2298 2175 2299
f 13789 2298 2299
f 1703 1815 11918
f 1897 1607 1690
f 2107 11919 1993
f 13772 2284 2285
f 3467 3287 6778
f 13774 13775 7184
f 6788 6929 6787
f 13775 13776 7184
f 2063 1954 2062
f 2175 2063 2062
f 1954 2063 1955
f 2063 2064 1955
f 2294 2295 13784
f 11877 1957 11878
f 1957 1958 11878
f 2178 2290 2179
f 2178 1957 11877
f 11879 11880 1783
f 11879 1783 1782
f 1958 11879 1782
f 11880 11879 1959
f 11879 2069 1959
f 11879 1958 2068
f 2069 11879 2068
f 2288 2289 13777
f 2290 2289 2179
f 2181 2069 2068
f 2182 2181 2285
f 2069 2181 2182
f 1957 2067 1958
f 1958 2067 2068
f 1622 1708 1709
f 1621 1708 1622
f 1708 1621 1707
f 1708 1821 1709
f 1821 1708 1707
f 1616 1705 1617
f 1618 1619 1532
f 1533 1619 1620
f 1619 1533 1532
f 1619 1707 1620
f 1707 1619 1998
f 11870 1895 1894
f 11870 11871 1895
f 11870 1894 1893
f 11871 11870 1951
f 1530 1531 1518
f 1616 1531 1615
f 1531 1530 1615
f 1531 1616 1617
f 1702 1701 1813
f 1701 1700 1813
f 1699 1698 1812
f 1700 1699 1812
f 1699 1700 1698
f 7241 7242 6839
f 7242 7241 13827
f 7241 7240 2339
f 13827 7241 2339
f 6980 6837 6981
f 6980 6981 3524
f 6980 3524 3523
f 6979 6980 3523
f 6837 7239 7240
f 7240 7239 2339
f 7239 13826 2339
f 6981 6838 6982
f 6837 6838 6981
f 6838 6839 6982
f 6838 7241 6839
f 6838 6837 7240
f 7241 6838 7240
f 7231 7230 13825
f 7230 6829 6828
f 6829 7230 7231
f 7232 6830 7231
f 7232 7231 13825
f 7232 7233 6831
f 6830 7232 6831
f 2337 7232 13825
f 7233 7232 2337
f 3532 6992 6993
f 3533 3532 6993
f 6991 3532 3531
f 6992 3532 6991
f 3532 3533 3343
f 3532 3342 3531
f 3532 3343 3342
f 1379 1382 1378
f 1379 1378 1437
f 1443 1379 1437
f 1380 1379 1443
f 1271 1270 11740
f 1270 1271 1222
f 1269 1270 1222
f 1221 1269 1222
f 1384 1327 1445
f 1384 11752 1446
f 11752 1384 1445
f 2119 2120 2009
f 2239 2119 2118
f 2120 2119 2239
f 2012 2123 11940
f 1836 2012 11940
f 2012 1836 11939
f 2122 2358 2241
f 2123 2122 2241
f 2358 2122 2121
f 2012 2122 2123
f 2124 2123 2241
f 2123 2124 11940
f 6642 6641 2660
f 6642 2661 6643
f 2661 6642 2660
f 2718 6642 6643
f 6641 6642 2718
f 12142 2844 2845
f 12142 2845 12141
f 6639 12142 12141
f 12142 6639 2716
f 13759 7170 6768
f 13760 7170 13759
f 7170 6769 6768
f 7171 7170 13760
f 6769 7171 6770
f 7170 7171 6769
f 3277 3094 3454
f 3455 3277 3454
f 3094 3277 2971
f 2655 12011 6637
f 2656 12011 2571
f 12011 2656 6637
f 12011 2572 2571
f 12011 2655 2572
f 2711 2710 6637
f 6637 2710 6636
f 2710 2848 2849
f 2710 2711 2848
f 2972 3098 3099
f 3098 3281 3099
f 3098 3280 3458
f 2580 2579 12009
f 2579 2578 12009
f 2576 2653 12009
f 6635 2709 6634
f 2709 12136 6634
f 2709 6635 6636
f 2710 2709 6636
f 12134 2707 2708
f 12134 12133 2707
f 12133 12134 2853
f 3101 2974 2973
f 2854 12131 2853
f 2854 12130 12131
f 12130 2854 2978
f 3100 2973 3099
f 3100 3101 2973
f 3281 3100 3099
f 3282 3281 3460
f 3100 3282 3101
f 3282 3100 3281
f 5146 12219 12220
f 5146 5883 12219
f 5883 5146 7933
f 5146 5147 7933
f 5147 5146 12220
f 7558 7559 3961
f 7557 7558 3961
f 7559 7558 7556
f 7558 7557 7556
f 5871 7923 7922
f 12204 5871 7922
f 5873 5136 5874
f 5136 5137 5874
f 5137 5136 12209
f 207 12204 5133
f 207 3960 12204
f 3960 207 3959
f 7918 5867 7919
f 5867 7918 5866
f 7919 5868 7920
f 5868 12200 7920
f 5868 5131 12200
f 5867 5868 7919
f 5868 5867 5131
f 12201 5132 5869
f 5132 12201 12202
f 4594 12863 4595
f 4592 4594 4595
f 8585 7917 5865
f 8584 7917 8585
f 7917 8584 12861
f 12863 12862 8585
f 12862 8584 8585
f 4594 12862 12863
f 8584 12862 12861
f 8575 7907 7908
f 7907 8575 8574
f 7904 7905 8572
f 7905 5850 5851
f 7905 7904 5850
f 12859 12860 4591
f 8579 8580 12856
f 8580 12857 12856
f 12857 9234 9233
f 4592 9234 4591
f 9233 9234 9738
f 12858 9234 12857
f 8578 8579 12856
f 12855 8578 12856
f 8575 8576 12854
f 7910 8576 7909
f 8576 7908 7909
f 8576 8575 7908
f 12851 12850 8572
f 5864 12197 5865
f 7917 5864 5865
f 204 3954 5865
f 12197 204 5865
f 3954 204 3953
f 204 3952 3953
f 3965 221 220
f 221 3965 3966
f 5885 5884 220
f 5884 5885 7935
f 221 5885 220
f 5885 221 5148
f 7935 5885 7936
f 5885 5148 7936
f 12873 4603 7936
f 5886 12873 7936
f 4603 12873 9242
f 8597 7935 7936
f 4603 8597 7936
f 4231 10224 9748
f 13340 10224 4231
f 10223 13340 4230
f 10223 9746 9242
f 13339 10223 4230
f 9746 10223 13339
f 10677 13339 11100
f 11099 10677 11100
f 10222 9746 13339
f 10222 9745 9746
f 9745 10222 13338
f 10677 10222 13339
f 3970 7568 7569
f 227 3970 7569
f 7275 7274 13
f 8602 8601 7941
f 8601 8602 12877
f 4608 12876 12877
f 12876 8601 12877
f 8601 12876 8600
f 63 64 7327
f 950 1091 1092
f 2458 86 2457
f 7625 7626 4030
f 309 4032 4033
f 953 2450 952
f 2451 2450 953
f 13343 4236 13342
f 13343 10229 10230
f 10229 13343 13342
f 4618 4617 12882
f 9252 9253 9756
f 9252 9756 9755
f 9252 4613 4614
f 8606 8607 12882
f 8608 8607 7947
f 8607 7946 7947
f 7946 8607 8606
f 7945 5894 5895
f 5894 7945 7944
f 7946 7945 5895
f 7945 7946 8606
f 9253 4615 4616
f 4615 9252 4614
f 9252 4615 9253
f 12880 12881 4614
f 12881 4615 4614
f 4615 12881 4616
f 4616 12881 12882
f 12881 8606 12882
f 9251 9252 9755
f 9252 9251 4613
f 4611 9248 4610
f 12878 4611 4610
f 9249 9754 9753
f 9248 9249 9753
f 9249 4611 4612
f 4611 9249 9248
f 7943 7944 8604
f 8603 7943 8604
f 5155 5154 12235
f 5154 5155 5892
f 5891 5154 5892
f 5154 5891 5153
f 5890 5891 7941
f 5891 5890 5153
f 8602 7942 8603
f 7942 7943 8603
f 7943 7942 5892
f 7942 5891 5892
f 7942 8602 7941
f 5891 7942 7941
f 13349 13350 4241
f 13350 4242 4241
f 4242 13350 13351
f 10235 13349 13348
f 10234 10235 13348
f 10235 10234 9759
f 13352 13353 4243
f 4242 13352 4243
f 13352 4242 13351
f 4622 9257 4621
f 10239 9762 9763
f 10232 13346 13345
f 10232 9756 9757
f 9756 10232 10231
f 10232 13345 10231
f 10233 10234 13347
f 13346 10233 13347
f 9758 10233 9757
f 10233 9758 10234
f 10233 10232 9757
f 10232 10233 13346
f 4239 10690 4238
f 4239 10691 10690
f 10691 4239 4240
f 4239 13347 4240
f 13346 4239 4238
f 4239 13346 13347
f 4624 12886 4625
f 12887 12886 8612
f 233 3975 3976
f 7573 3975 3974
f 5157 5158 5895
f 5158 5157 12238
f 12883 4618 12882
f 4618 12883 4619
f 8607 12883 12882
f 12883 8607 8608
f 7579 7578 7284
f 7288 7582 7287
f 7582 7288 7583
f 7579 3982 3981
f 3982 7579 7580
f 12242 3982 239
f 7280 7279 16
f 7573 7279 7280
f 5152 12233 5153
f 7940 5890 7941
f 8601 7940 7941
f 7940 8601 8600
f 12233 12232 229
f 12232 12233 5152
f 5889 5152 5890
f 7940 5889 5890
f 896 2401 895
f 2400 2401 29
f 2401 2400 895
f 896 1044 1045
f 1044 895 1043
f 1044 896 895
f 1037 1015 1014
f 1038 1037 1014
f 892 1038 1039
f 893 892 1039
f 892 893 2399
f 899 898 1047
f 898 1046 1047
f 1046 898 897
f 1028 1029 881
f 1022 1023 871
f 1025 1023 1022
f 879 1027 1028
f 1016 868 1015
f 1020 869 868
f 1027 1020 1028
f 1020 1029 1028
f 3973 7572 3974
f 7572 7573 3974
f 7572 3973 7571
f 7572 7279 7573
f 7574 7575 3976
f 3975 7574 3976
f 7574 3975 7573
f 7574 7573 7280
f 2391 876 877
f 870 2385 869
f 870 1022 871
f 870 869 1022
f 2386 870 871
f 2385 870 2386
f 33 2406 34
f 17 7280 16
f 2388 17 16
f 17 2389 18
f 2389 17 2388
f 7281 7282 7575
f 7281 7574 7280
f 7574 7281 7575
f 17 7281 7280
f 7282 7281 18
f 7281 17 18
f 20 19 2390
f 2389 19 18
f 19 2389 2390
f 19 7282 18
f 19 20 7282
f 22 23 7284
f 22 2394 23
f 879 2393 2392
f 2393 22 2392
f 22 2393 2394
f 25 26 7287
f 26 7288 7287
f 7288 26 27
f 10241 9765 10242
f 9766 9765 9262
f 9765 9766 10242
f 9765 9261 9262
f 9765 10241 9764
f 9261 9765 9764
f 9261 4626 4627
f 12886 4626 4625
f 4626 9260 4625
f 4626 9261 9260
f 4626 12887 4627
f 4626 12886 12887
f 9228 4584 9733
f 4584 9229 9733
f 5111 191 5112
f 191 5111 12177
f 12177 5111 5110
f 7900 8568 7899
f 7900 8569 8568
f 12180 193 12181
f 12180 12179 193
f 12179 192 193
f 192 3937 3938
f 193 192 3938
f 192 3936 3937
f 191 192 5112
f 192 191 3936
f 3939 193 3938
f 3939 194 193
f 194 3939 3940
f 3937 3939 3938
f 12848 12849 9230
f 12849 8571 12850
f 5858 7910 7909
f 5857 5858 7909
f 12193 5858 5124
f 5858 5857 5124
f 195 5116 12183
f 5117 5116 195
f 5116 5117 5850
f 12183 5116 12182
f 7904 5116 5850
f 8571 5116 7904
f 12185 196 197
f 12186 12185 197
f 196 12185 12184
f 12185 5118 12184
f 12185 12186 5118
f 5123 12192 5124
f 12192 5123 12191
f 12192 12193 5124
f 12192 201 12193
f 200 12192 12191
f 12192 200 201
f 3952 202 3951
f 202 201 3951
f 201 202 12193
f 5123 5122 12191
f 5121 5122 5855
f 5122 5856 5855
f 5122 5123 5856
f 5108 12173 12174
f 5108 12175 5109
f 12175 5108 12174
f 5843 5108 5109
f 12172 187 188
f 12173 12172 188
f 12172 5108 5843
f 5108 12172 12173
f 855 854 989
f 2370 855 856
f 855 2370 854
f 854 853 989
f 853 2370 2369
f 2370 853 854
f 862 996 863
f 994 995 859
f 993 994 859
f 994 993 12169
f 12170 994 12169
f 995 994 12170
f 990 991 856
f 855 990 856
f 990 855 989
f 990 989 12167
f 12168 990 12167
f 991 990 12168
f 11661 11662 12156
f 6572 11661 12156
f 11660 11661 6572
f 11661 11660 11642
f 2484 11661 11642
f 11662 11661 2484
f 6573 12154 6574
f 11667 6573 12155
f 12156 6573 6584
f 12155 6573 12156
f 6573 6585 6584
f 6573 6574 6585
f 11665 11666 12155
f 11666 11667 12155
f 11666 11665 11643
f 11667 11666 11643
f 11669 11668 2483
f 6573 11668 12154
f 11668 6573 11667
f 2483 11668 11643
f 11668 11667 11643
f 2524 2501 2502
f 2519 2498 2499
f 2520 2519 2499
f 7219 7218 13819
f 7219 13820 6814
f 2328 13818 13817
f 13818 7218 13817
f 7218 13818 13819
f 13819 13818 2329
f 13818 2328 2329
f 3508 3318 3317
f 3507 3508 3317
f 3318 3508 3319
f 3316 3507 3317
f 3316 3137 3136
f 3137 3316 3317
f 6960 3505 3504
f 3313 3312 3504
f 3505 3313 3504
f 3313 3505 3314
f 3313 3314 3135
f 3134 3313 3135
f 3312 3313 3134
f 3302 3124 3301
f 6959 6960 3504
f 6815 6959 6958
f 6959 6815 6960
f 3503 6959 3504
f 3503 3502 6958
f 6959 3503 6958
f 3490 6956 3491
f 6956 7219 6814
f 6956 3490 3489
f 7218 6956 6813
f 7219 6956 7218
f 6956 6955 6813
f 6956 3489 6955
f 2330 13819 2329
f 2145 2330 2329
f 2330 7219 13819
f 7219 2330 13820
f 6823 6968 6967
f 2334 13824 13823
f 2138 2027 2137
f 2027 2026 2137
f 2027 1910 2026
f 11825 2027 1911
f 1910 2027 11825
f 2334 2029 2139
f 1913 2029 2334
f 2027 2028 1911
f 2028 2027 2138
f 2028 2138 2139
f 2029 2028 2139
f 2605 2612 2611
f 2613 2614 6603
f 2614 2613 2603
f 2602 2614 2603
f 6601 2691 2690
f 6601 2610 2611
f 11989 2520 2521
f 2606 2610 2607
f 2606 2605 2611
f 2610 2606 2611
f 2604 2612 2605
f 2613 2604 2603
f 2612 2604 2613
f 2607 2609 2608
f 2610 2609 2607
f 2609 6599 2608
f 6613 6614 2695
f 2620 6607 6606
f 6607 2620 2621
f 6607 2694 6606
f 6607 6608 2694
f 6608 2623 6609
f 3488 3298 3487
f 3298 3488 3489
f 6955 3488 3487
f 3489 3488 6955
f 3298 3486 3487
f 3486 3298 3485
f 3486 6955 3487
f 3486 3485 6955
f 7648 7647 7356
f 7646 7645 7356
f 7647 7646 7356
f 7352 86 7353
f 4068 361 4067
f 4287 4286 13395
f 11121 10744 10745
f 11120 10744 11121
f 10744 4287 10745
f 10744 4286 4287
f 256 4004 4005
f 2408 902 903
f 902 2408 2407
f 7609 7610 4018
f 7608 7609 4018
f 63 7326 62
f 7326 63 7327
f 7612 7326 7327
f 7611 7326 7612
f 7322 7608 7607
f 12963 12962 8694
f 8692 12962 12961
f 8693 8029 8694
f 12962 8693 8694
f 8693 12962 8692
f 12315 5240 12314
f 5240 12315 5241
f 5955 5956 8007
f 8668 8007 8669
f 12293 12292 297
f 5217 5218 5956
f 5217 5955 5216
f 5955 5217 5956
f 4017 7608 4018
f 7608 4017 7607
f 4017 4016 7607
f 274 4016 275
f 12274 275 12275
f 12274 274 275
f 281 280 4019
f 282 281 4019
f 4021 284 4020
f 285 284 4021
f 7330 7331 7616
f 7331 7330 66
f 7328 7612 7327
f 64 7328 7327
f 7614 4022 4021
f 2441 2442 69
f 7333 68 7334
f 7333 67 68
f 301 4029 4030
f 4029 7625 4030
f 12296 5224 12295
f 5236 12311 5237
f 286 285 4021
f 4022 286 4021
f 286 4022 287
f 12281 286 287
f 4023 288 287
f 289 288 4023
f 290 4024 4025
f 289 4024 290
f 4024 289 4023
f 4024 7619 4025
f 4024 7618 7619
f 7617 4024 4023
f 7618 4024 7617
f 4027 293 4026
f 4648 12906 4649
f 12906 12907 4649
f 10259 9778 10260
f 9778 10261 10260
f 10261 9778 9779
f 4646 9278 9277
f 9278 9778 9277
f 9778 9278 9779
f 12271 12272 5194
f 12271 269 12272
f 9272 4639 9273
f 9774 9272 9273
f 9272 9774 9773
f 9274 9775 9273
f 9775 9274 9776
f 13363 4253 4252
f 13362 13363 4252
f 9270 9773 9772
f 12888 8613 8614
f 8613 8612 7953
f 8613 12887 8612
f 8613 12888 12887
f 12889 4629 12888
f 4629 4630 9264
f 4629 12889 4630
f 906 1054 907
f 1054 1055 907
f 1054 906 1053
f 38 37 2410
f 906 905 1053
f 905 1052 1053
f 905 904 1052
f 904 905 2410
f 7598 7599 4002
f 4001 7598 4002
f 7598 4001 4000
f 7307 7308 7598
f 2411 906 907
f 2411 38 2410
f 905 2411 2410
f 2411 905 906
f 1055 908 907
f 1056 908 1055
f 4246 13357 4247
f 4245 4246 10701
f 4246 4245 13356
f 13357 4246 13356
f 4246 10702 10701
f 4246 4247 10702
f 10245 10246 13361
f 9768 10246 10245
f 10246 10247 13361
f 10247 10246 9769
f 10246 9768 9769
f 4248 4247 13358
f 13359 4248 13358
f 4248 13359 4249
f 10704 4248 4249
f 4248 10704 10703
f 4247 4248 10703
f 13359 13360 4249
f 13360 4250 4249
f 4250 13360 13361
f 13360 10245 13361
f 9767 9768 10245
f 9265 9767 9264
f 9768 9767 9265
f 10252 13366 13365
f 10252 10253 13366
f 10253 10252 9773
f 9773 10252 9772
f 10258 10257 9776
f 10258 10259 13369
f 10257 10258 13369
f 9774 10254 10253
f 10255 10254 9774
f 10254 10255 13367
f 13366 10254 13367
f 10253 10254 13366
f 4260 10717 10716
f 10716 10717 11104
f 10720 4264 10721
f 10720 10721 11104
f 10719 10720 11104
f 4262 13368 13369
f 4278 10734 4277
f 10738 10739 11117
f 11116 10738 11117
f 11114 10736 11115
f 4280 10736 4279
f 4278 13384 4279
f 13384 4278 13383
f 10728 10729 11107
f 10729 11108 11107
f 4652 12909 12910
f 12909 4652 4651
f 2825 2953 2826
f 2825 12067 12068
f 2825 2826 12067
f 2949 2822 2821
f 2821 2822 12072
f 2822 12071 12072
f 2822 2823 12071
f 2820 2948 2821
f 2948 2949 2821
f 2948 2820 2947
f 3069 2948 2947
f 3070 2948 3069
f 2949 2948 3070
f 2555 12020 12021
f 2554 2555 12021
f 2555 2554 2677
f 2676 2555 2677
f 12022 2554 12021
f 12023 12022 2532
f 12022 2531 2532
f 12022 12021 2531
f 6902 6758 6759
f 6758 7162 6759
f 7162 6758 7161
f 6758 6901 7161
f 6901 6758 6902
f 7164 7163 13751
f 6760 6759 7163
f 7164 6760 7163
f 6760 7164 6761
f 6760 6903 6759
f 3446 3268 3267
f 3446 3447 3268
f 2958 2957 3080
f 2957 2958 2831
f 2958 2832 2831
f 2958 2959 2832
f 2833 2959 2960
f 2834 2833 2960
f 2959 2833 2832
f 2832 2833 12061
f 2833 12060 12061
f 2833 2834 12060
f 13747 2260 13748
f 7148 13731 7149
f 6900 3442 3441
f 6900 6756 3442
f 6900 3441 6899
f 6756 6900 6899
f 7159 6756 6755
f 7159 13743 13744
f 7159 13744 13745
f 3263 6901 3264
f 3442 3263 3262
f 6901 3263 3442
f 3079 3263 3080
f 3263 3079 3262
f 6757 13748 7161
f 6901 6757 7161
f 6756 6757 3442
f 6757 6901 3442
f 3431 3242 3241
f 6754 6898 6897
f 6898 6754 6755
f 6754 7158 6755
f 7158 7159 6755
f 7147 6724 7146
f 2261 2262 13748
f 13749 2262 2263
f 2262 13749 13748
f 2262 2203 2263
f 2262 2261 2203
f 2950 2949 3071
f 3072 2950 3071
f 2950 2822 2949
f 2950 3073 2951
f 2950 3072 3073
f 2823 2950 2951
f 2822 2950 2823
f 3442 3259 3258
f 3260 3259 3442
f 3259 3073 3258
f 3259 3074 3073
f 3259 3260 3074
f 3261 3442 3262
f 3261 3260 3442
f 3077 3261 3262
f 3260 3261 3076
f 3261 3077 3076
f 2514 2536 2535
f 2536 2514 2537
f 2542 2541 2684
f 12032 2542 2543
f 2554 2553 2677
f 2553 2678 2677
f 2678 2553 2552
f 12022 2553 2554
f 2553 12023 2552
f 2553 12022 12023
f 6670 6669 2681
f 2755 6670 6671
f 6670 2755 2754
f 6669 6670 2754
f 2546 2682 2681
f 2682 2683 6671
f 6670 2682 6671
f 2682 6670 2681
f 6659 2745 2744
f 2745 6660 2746
f 6660 2745 6659
f 2744 2745 12062
f 2745 12063 12062
f 2745 2746 12063
f 2952 3074 3075
f 2953 2952 3075
f 3074 2952 2951
f 2825 2952 2953
f 12048 12047 2732
f 12047 2731 2732
f 12047 12046 2731
f 3084 2961 3083
f 2961 3084 2962
f 3084 3266 2962
f 12042 12043 2840
f 2840 12043 3086
f 12043 12044 3086
f 12043 12042 2729
f 12044 12043 2729
f 2090 2204 2205
f 2204 2090 2203
f 2204 2259 2205
f 2204 2261 2259
f 2261 2204 2203
f 7071 6711 7072
f 13718 7137 7136
f 13719 7137 13718
f 7137 13719 7138
f 6709 7137 7138
f 2208 2209 2091
f 13723 13722 2258
f 13724 13723 2258
f 13722 13723 7141
f 2259 13725 2258
f 13725 13724 2258
f 13725 2259 13726
f 13725 13726 7144
f 7143 13725 7144
f 13724 13725 7143
f 13756 13755 2270
f 13755 13754 2270
f 13755 13756 7167
f 13754 13755 7167
f 2082 2193 2194
f 2193 2082 2081
f 1971 2082 2194
f 2082 1970 2081
f 2082 1971 1970
f 11894 1971 11895
f 1795 11894 11895
f 3270 3271 3087
f 3270 3449 3271
f 2965 3270 3087
f 3270 2965 3086
f 3269 3270 3086
f 6908 6764 6909
f 3449 6908 6909
f 3448 3269 3447
f 3448 6908 3449
f 3448 3270 3269
f 3270 3448 3449
f 12097 2794 12096
f 2790 12101 12102
f 2791 12101 2790
f 12100 12101 2791
f 2790 2919 2920
f 2782 2910 2783
f 2913 3018 3019
f 2912 3018 2913
f 2685 2686 6675
f 6674 2685 6675
f 2685 6674 2684
f 2541 2685 2684
f 2685 2541 2540
f 2539 2685 2540
f 2685 2539 2538
f 2686 2685 2538
f 2937 2938 2810
f 2938 2937 3057
f 2761 12085 12084
f 12085 2806 12084
f 2806 12085 2805
f 2809 12083 2808
f 2809 2937 2810
f 2936 2809 2808
f 2937 2809 2936
f 3251 3440 3252
f 3064 3063 3252
f 3254 3065 3253
f 3065 3064 3253
f 3065 3254 3066
f 3065 2944 3064
f 3065 3066 2945
f 2944 3065 2945
f 2813 12080 2812
f 12079 12078 2756
f 2813 12079 12080
f 12079 2813 2814
f 2757 12079 2756
f 12080 12079 2757
f 3052 3053 2935
f 3053 3054 2935
f 3053 3052 3243
f 3437 3248 3436
f 6894 3437 3436
f 3440 3439 6897
f 3251 3439 3440
f 2803 2804 12087
f 2968 2721 12145
f 2721 2722 12145
f 2721 2968 2720
f 2722 2721 6649
f 2721 6648 6649
f 6648 2721 2720
f 508 12550 12549
f 12552 12551 509
f 12551 508 509
f 12551 12550 508
f 12550 12551 5456
f 12552 12553 5458
f 12553 12552 509
f 12554 12553 509
f 12557 510 511
f 5516 5517 6230
f 539 12599 538
f 12599 539 540
f 8262 6236 6237
f 6236 8262 8261
f 6235 6236 8261
f 6232 6231 5519
f 5517 6231 6230
f 6231 8257 6230
f 8257 6231 6232
f 12592 5510 12591
f 531 12592 12591
f 12593 12592 532
f 12592 531 532
f 534 535 12596
f 535 534 3611
f 3612 535 3611
f 536 535 3612
f 533 12595 12594
f 12595 533 534
f 533 12594 532
f 3610 533 532
f 3892 533 3610
f 534 533 3611
f 533 3892 3611
f 3631 3630 3895
f 3632 3631 3895
f 560 559 3622
f 552 551 3618
f 553 552 3618
f 552 553 12605
f 549 548 3617
f 546 3615 3616
f 8187 8842 8186
f 8842 8841 8186
f 12533 5435 12532
f 5431 12528 5432
f 5431 12527 12528
f 492 12526 12525
f 12527 12526 492
f 12526 5429 12525
f 12528 12529 5432
f 12529 12528 494
f 12530 12529 494
f 12521 12522 5426
f 12521 12520 489
f 12522 12521 489
f 12522 5427 5426
f 5427 6146 5426
f 5427 5428 6146
f 5429 12524 12525
f 5428 12524 5429
f 12524 491 12525
f 8894 13090 8893
f 4846 13086 13087
f 4847 4846 13087
f 13086 4846 4845
f 4846 4847 9477
f 4845 4846 9476
f 4846 9477 9476
f 4847 9478 9477
f 9979 9478 9479
f 9978 9478 9979
f 9478 9978 9477
f 13085 13086 4845
f 13084 13085 4843
f 9475 4845 9476
f 9474 9473 4843
f 4842 13084 4843
f 4842 9472 4841
f 4842 9473 9472
f 9473 4842 4843
f 8874 8873 8222
f 12547 12546 506
f 12546 12545 505
f 506 12546 505
f 12546 12547 5451
f 12545 12546 5450
f 12546 5451 5450
f 12548 507 12549
f 12548 12547 507
f 5454 12548 12549
f 5453 12548 5454
f 6174 6173 5458
f 6171 6170 5454
f 5453 6170 6169
f 6170 5453 5454
f 6172 5456 6173
f 8192 6172 6173
f 8189 6170 6171
f 12537 499 12538
f 499 12537 12536
f 5441 12537 12538
f 12540 502 12541
f 12540 501 502
f 500 12539 12538
f 501 12539 500
f 12540 12539 501
f 12539 12540 5443
f 12542 503 12543
f 12542 5445 12541
f 5445 12542 5446
f 502 12542 12541
f 503 12542 502
f 12544 5448 12543
f 5449 5448 12544
f 3628 3622 3629
f 3628 3629 566
f 565 3628 566
f 3628 565 3894
f 4331 10854 10853
f 10852 4331 10853
f 4331 10852 10851
f 4331 4330 13437
f 13438 4331 13437
f 10452 9992 9993
f 10453 10452 9993
f 10452 10453 13509
f 13510 10454 13511
f 10453 10454 13510
f 13511 10454 10455
f 10454 10453 9994
f 10454 9995 10455
f 10454 9994 9995
f 9988 9489 9989
f 10441 9981 10442
f 9981 9982 10442
f 4403 4402 13500
f 10924 4403 4404
f 4402 4403 10924
f 4401 13499 4402
f 10923 4401 4402
f 10441 13498 10440
f 13499 13498 10441
f 13498 4401 4400
f 4401 13498 13499
f 10445 10444 9985
f 10444 9984 9985
f 10922 11252 11251
f 10922 10923 11252
f 11250 10922 11251
f 10921 10922 11250
f 10922 4401 10923
f 10922 10921 4400
f 4401 10922 4400
f 9988 9488 9489
f 9488 9988 9987
f 9486 9986 9985
f 9986 10445 9985
f 9488 4859 9489
f 4859 9488 4858
f 9489 9490 9989
f 9490 9990 9989
f 9494 9994 9993
f 459 12486 12485
f 12486 459 460
f 461 4135 4136
f 4135 461 460
f 461 12486 460
f 12486 461 12487
f 465 4136 466
f 12491 465 466
f 465 12491 12490
f 463 12489 12488
f 8126 6100 8127
f 8124 8785 8784
f 13021 8785 8786
f 6098 8124 6097
f 6098 6097 5368
f 5369 6098 5368
f 8124 8123 6097
f 8123 8124 8784
f 5365 6094 5364
f 12486 5379 5378
f 5379 12486 12487
f 5382 12487 12488
f 12482 5372 5371
f 11196 11195 10882
f 13447 4342 13446
f 13447 4343 4342
f 11225 11204 11205
f 13022 13021 8786
f 4763 13022 13023
f 13022 4763 4762
f 13021 13022 4762
f 13019 4759 13018
f 8788 13024 13023
f 8128 8788 8127
f 6102 8128 8127
f 13106 13107 4872
f 13106 4871 13105
f 4871 13106 4872
f 8911 13106 13105
f 13107 13106 8912
f 13106 8911 8912
f 13107 4873 4872
f 9503 4873 4874
f 4874 4873 13108
f 4873 13107 13108
f 4872 4873 9502
f 4873 9503 9502
f 6229 5516 6230
f 9997 9998 10457
f 10456 9997 10457
f 9997 10456 9996
f 9997 9996 9497
f 9998 9499 9999
f 13513 10456 10457
f 10000 10459 9999
f 13515 10459 13516
f 4870 13104 13105
f 13104 8910 13105
f 6224 6223 5510
f 5511 5512 6225
f 6224 5511 6225
f 5511 6224 5510
f 12592 5511 5510
f 5512 5511 12593
f 5511 12592 12593
f 5513 5512 12594
f 5513 12595 5514
f 12595 5513 12594
f 7722 7721 7543
f 420 419 4101
f 7723 4099 7722
f 4099 7721 7722
f 7721 4099 4098
f 415 4098 416
f 12456 422 12457
f 12455 12456 5343
f 5344 12456 12457
f 5343 12456 5344
f 4102 421 420
f 421 4102 422
f 421 12455 420
f 12456 421 422
f 421 12456 12455
f 6082 8108 8107
f 8108 6082 8109
f 8108 8769 8768
f 8769 8108 8109
f 5353 6081 5352
f 5353 6082 6081
f 6082 5353 5354
f 5353 12466 5354
f 5353 12465 12466
f 5353 5352 12465
f 8110 8770 8109
f 8770 8769 8109
f 8770 8110 8771
f 8770 8771 13009
f 8769 8770 13009
f 13008 4744 4743
f 13007 13008 4743
f 4744 13008 4745
f 4746 13008 13009
f 13008 4746 4745
f 8769 13008 8768
f 13008 8769 13009
f 13008 13007 8766
f 6080 5351 5352
f 12463 5351 5350
f 5350 5351 6079
f 5351 6080 6079
f 6078 5349 5350
f 5349 12463 5350
f 5348 5349 6077
f 5349 6078 6077
f 432 433 12465
f 4111 432 4110
f 433 432 4111
f 7535 7536 7703
f 7535 7534 7530
f 7536 7535 7530
f 7536 7704 7703
f 7704 7536 7705
f 7704 4092 7703
f 7541 7538 7537
f 7540 7538 7541
f 7704 4093 4092
f 4093 7704 7705
f 4093 7707 4094
f 7693 7692 7530
f 7694 7693 7530
f 7696 7695 7530
f 7697 7696 7530
f 7696 4089 7695
f 7696 7697 4089
f 7531 7697 7530
f 7532 7531 7530
f 7698 7532 7699
f 7531 7698 7697
f 7698 7531 7532
f 7702 7701 7534
f 7702 7535 7703
f 7535 7702 7534
f 4092 7702 7703
f 7701 7702 4092
f 7700 4091 7699
f 4091 7700 7701
f 12416 402 403
f 7714 7542 7543
f 7542 7714 7713
f 7717 7716 7543
f 6068 5339 6069
f 5339 12451 5340
f 5321 5322 6058
f 5322 6059 6058
f 5322 12425 12426
f 12425 406 12426
f 406 4090 4091
f 7697 4090 4089
f 7698 4090 7697
f 4091 4090 7699
f 4090 7698 7699
f 5332 5333 6064
f 5327 5328 6063
f 8084 8741 8740
f 8083 8084 8740
f 8741 8084 8085
f 8086 8742 8085
f 6061 8086 8085
f 8091 6065 6066
f 8092 8091 6066
f 6065 8091 8090
f 8755 8095 8096
f 8754 8095 8755
f 8095 6070 8096
f 6070 8095 6069
f 8093 8094 8753
f 8094 8754 8753
f 8094 8095 8754
f 6068 8094 8093
f 8094 6068 6069
f 8095 8094 6069
f 9367 9366 4736
f 4741 4742 9372
f 9373 4742 4743
f 4742 9373 9372
f 4742 13007 4743
f 13007 4742 13006
f 4742 4741 13006
f 9371 4741 9372
f 9872 9371 9372
f 13005 4739 13004
f 4739 4738 13004
f 10332 9872 10333
f 10332 13429 10331
f 10332 10333 13430
f 13429 10332 13430
f 9882 10341 9881
f 9883 9882 9383
f 9882 9883 10342
f 10341 9882 10342
f 10340 9880 9881
f 9880 10340 10339
f 9882 9382 9383
f 9382 9882 9881
f 9382 4754 9383
f 4754 9382 4753
f 13002 4737 4736
f 4737 9367 4736
f 13003 13002 8760
f 13003 8761 13004
f 13003 8760 8761
f 4738 13003 13004
f 4737 13003 4738
f 13003 4737 13002
f 8758 13001 13000
f 13001 13002 4736
f 13002 13001 8759
f 13001 8758 8759
f 4733 12998 12999
f 4734 4733 12999
f 12998 4733 4732
f 4732 4733 9363
f 4735 4734 13000
f 4735 13001 4736
f 13001 4735 13000
f 9366 4735 4736
f 9365 4735 9366
f 4735 9365 4734
f 9376 9377 9876
f 9875 9376 9876
f 9376 9875 9375
f 9376 9375 4746
f 9376 4746 4747
f 9377 9376 4747
f 9878 9877 9378
f 9877 9377 9378
f 9377 9877 9876
f 9877 9878 10337
f 10336 9877 10337
f 9877 10336 9876
f 9374 9375 9874
f 9373 9374 9874
f 9374 4744 4745
f 9375 9374 4745
f 4744 9374 4743
f 9374 9373 4743
f 4315 10776 4314
f 10777 4315 4316
f 10776 4315 10777
f 11496 11145 11497
f 11145 11146 11497
f 11145 11496 11495
f 11494 11145 11495
f 11145 11494 11144
f 10776 11145 11144
f 11145 10776 10777
f 11146 11145 10777
f 11144 11143 10775
f 11143 10774 10775
f 11488 11143 11489
f 11489 11143 11490
f 11143 11491 11490
f 11491 11143 11144
f 4308 10768 10767
f 11141 11482 11481
f 11480 11141 11481
f 11141 11483 11482
f 11141 11480 11479
f 11140 11141 11479
f 11483 11141 11484
f 10771 11141 11140
f 11474 11139 11475
f 11139 11140 11475
f 11139 11474 11473
f 11472 11139 11473
f 10768 11139 10767
f 12993 12994 4726
f 12995 8752 12996
f 4729 12995 12996
f 13424 4314 4313
f 13423 13424 4313
f 13424 4315 4314
f 13424 13423 10325
f 10326 13424 10325
f 13424 10326 10327
f 13423 10324 10325
f 9860 9861 10322
f 9861 9862 10322
f 9861 9361 9862
f 9852 9853 10317
f 9853 9852 9351
f 4728 12995 4729
f 12995 4728 12994
f 4725 12993 4726
f 9353 4723 4724
f 9858 9859 10320
f 9857 9858 10320
f 9857 9856 9356
f 10319 9856 9857
f 9856 10318 9855
f 9856 10319 10318
f 10316 9852 10317
f 13418 10316 10317
f 11134 10762 11135
f 11134 11135 11462
f 11461 11134 11462
f 11134 11461 11460
f 11133 11134 11460
f 10760 11133 10759
f 11464 11136 11465
f 11136 11463 11135
f 11136 11464 11463
f 4305 13418 4306
f 10764 4305 4306
f 10754 10755 11128
f 4296 13405 13406
f 4296 10754 4295
f 10754 4296 10755
f 4296 4295 13404
f 13405 4296 13404
f 11129 10756 11130
f 10755 10756 11129
f 10756 10757 11130
f 10757 10756 4298
f 6029 5307 6030
f 6028 6029 8059
f 6029 6030 8059
f 5307 6031 6030
f 6030 6031 8060
f 6031 8061 8060
f 12392 12391 388
f 12391 12392 5307
f 389 388 4076
f 4077 389 4076
f 389 4077 390
f 389 390 12393
f 12392 389 12393
f 389 12392 388
f 12397 12396 392
f 7684 7685 4078
f 7686 7685 7530
f 7685 7684 7530
f 7683 4077 7682
f 4077 7683 7684
f 7530 7683 7682
f 7684 7683 7530
f 391 4077 392
f 4077 391 390
f 12396 391 392
f 12395 391 12396
f 7693 4087 7692
f 4087 402 401
f 400 401 12412
f 400 12410 399
f 4074 375 374
f 375 4074 376
f 381 380 4075
f 380 379 4075
f 380 381 12383
f 12382 380 12383
f 379 380 12382
f 383 4076 384
f 383 382 4076
f 4693 12960 12961
f 12957 4692 4691
f 4692 4693 9322
f 8687 12955 8686
f 4689 4690 9319
f 9316 4688 9317
f 4688 4689 9317
f 4689 9318 9317
f 9318 4689 9319
f 9812 9318 9319
f 9317 9318 9811
f 9318 9812 9811
f 12944 12945 4686
f 12945 12944 8678
f 4695 4696 9326
f 4694 9324 4693
f 4694 4693 12961
f 12962 4694 12961
f 4695 4694 12963
f 4694 12962 12963
f 12965 8696 8697
f 9331 4701 4702
f 4701 12973 4702
f 4712 4711 12985
f 12986 4712 12985
f 4712 12986 4713
f 9343 4712 4713
f 4710 9341 9340
f 4711 9341 4710
f 9341 9838 9340
f 9838 9341 9839
f 8723 12981 8722
f 8724 8723 8059
f 8723 8722 8059
f 12982 8723 8724
f 12981 8723 12982
f 9339 9836 9835
f 9835 9836 10312
f 9836 9837 10312
f 9837 9836 9340
f 9836 9339 9340
f 12973 12974 4702
f 12974 4703 4702
f 4703 12974 12975
f 12976 12977 4704
f 4703 12976 4704
f 12976 4703 12975
f 12978 12979 4705
f 12977 12978 4705
f 11131 10758 11132
f 11131 11456 11130
f 10757 11131 11130
f 10758 11131 10757
f 11456 11131 11457
f 11131 11132 11457
f 9827 10310 9826
f 9827 9828 10310
f 9828 9827 9333
f 9827 9826 9332
f 9333 9827 9332
f 9325 9817 9324
f 9325 4695 9326
f 9818 9325 9326
f 9817 9325 9818
f 4694 9325 9324
f 9325 4694 4695
f 10306 9815 9816
f 9814 9815 10306
f 9815 9814 9322
f 9323 9815 9322
f 9815 9323 9816
f 9320 9813 9319
f 9320 9814 9813
f 9320 4690 4691
f 4690 9320 9319
f 13402 4294 4293
f 13401 13402 4293
f 4294 13402 13403
f 13402 13401 10308
f 13402 10309 13403
f 10309 13402 10308
f 9312 4683 9313
f 9812 10304 9811
f 10304 9812 10305
f 13397 4289 4288
f 13396 4287 13395
f 4287 13396 4288
f 13396 13397 4288
f 9809 9315 9810
f 9809 9314 9315
f 4685 9314 4684
f 4685 12944 4686
f 9315 4685 4686
f 9314 4685 9315
f 8055 8056 8719
f 12405 5315 5314
f 6053 6054 8077
f 6054 6055 8077
f 5321 6057 5320
f 6057 5321 6058
f 6057 8080 8079
f 12414 12413 401
f 402 12414 401
f 12414 5318 12413
f 12413 5318 12412
f 8068 8731 8730
f 8731 12986 8730
f 12986 8731 8732
f 8729 8066 8730
f 8720 8721 12980
f 8720 12980 12979
f 8719 8720 12979
f 8056 8720 8719
f 8722 8058 8059
f 8721 8058 8722
f 8058 6028 8059
f 8736 8076 8077
f 5316 6049 6048
f 8739 8082 8740
f 12990 4719 12989
f 8739 12990 8738
f 4718 9347 4717
f 12989 4718 4717
f 4719 4718 12989
f 8073 8074 8734
f 8733 8073 8734
f 8073 8733 8072
f 8073 6050 8074
f 8073 6049 6050
f 8073 8072 6048
f 6049 8073 6048
f 4715 4714 12987
f 12986 4714 4713
f 4714 12986 12987
f 4716 12988 4717
f 12988 4716 4715
f 9344 9343 4713
f 4714 9344 4713
f 5309 6034 6033
f 6034 8062 6033
f 8063 6036 8064
f 11159 11535 11158
f 11535 11159 11536
f 4329 10820 4328
f 11156 11531 11530
f 11532 11533 11514
f 11156 10798 10799
f 10798 4326 10799
f 10796 11156 11155
f 4325 13432 4326
f 4325 4324 13431
f 13432 4325 13431
f 11518 11517 11152
f 11516 11151 11152
f 11517 11516 11152
f 11518 11528 11517
f 11149 11507 11506
f 11508 11507 11149
f 11539 11507 11508
f 11513 11151 11514
f 11533 11513 11514
f 11505 11540 11541
f 11540 11505 11506
f 11507 11540 11506
f 11540 11507 11539
f 11509 11150 11510
f 11509 11539 11508
f 11509 11508 11149
f 11150 11509 11149
f 11538 11509 11510
f 11509 11538 11539
f 10788 10787 4323
f 10788 4324 10789
f 4324 10788 4323
f 11153 10788 10789
f 10787 10788 11153
f 10344 9884 9885
f 8118 6091 6092
f 6091 8118 6090
f 6091 5361 6092
f 8119 8118 6092
f 8118 8119 8779
f 8119 8780 8779
f 8777 13013 8776
f 8777 8778 13013
f 8778 8777 8116
f 8777 8115 8116
f 8115 8777 8776
f 8117 8778 8116
f 8778 8117 8118
f 8118 8117 6090
f 6089 8117 8116
f 8117 6089 6090
f 9393 9394 9891
f 9392 9393 9891
f 9393 9392 4764
f 9392 4763 4764
f 9392 9391 4763
f 4765 9393 4764
f 13024 4765 4764
f 4765 9394 9393
f 13442 13443 4336
f 9889 10348 10347
f 9390 9888 9389
f 9889 9888 9390
f 9888 9889 10347
f 13015 4755 13014
f 8779 13015 13014
f 8780 13015 8779
f 13015 8780 13016
f 9387 9386 4758
f 9386 4757 4758
f 9386 9387 9885
f 4757 9386 9385
f 9386 9884 9385
f 9884 9386 9885
f 8782 8783 13018
f 13019 8783 8784
f 8783 13019 13018
f 8783 8123 8784
f 11180 10869 11181
f 11186 10876 11187
f 11184 11186 11187
f 11186 11184 11185
f 10875 11185 10874
f 10875 11186 11185
f 11186 10875 10876
f 10878 11190 11189
f 10880 11193 11192
f 9388 9886 9387
f 4759 9388 9387
f 13443 10346 10347
f 10346 13443 13442
f 10346 9888 10347
f 10850 11174 11173
f 11174 10850 10851
f 10850 4331 10851
f 10835 11171 11170
f 10463 10462 10003
f 10004 10463 10003
f 10464 10463 10004
f 13520 10463 10464
f 10463 13520 13519
f 10462 10463 13519
f 10002 10461 10001
f 10462 10461 10002
f 13518 10461 10462
f 10935 10934 4413
f 10934 11270 11269
f 10934 10935 11270
f 8112 8111 6085
f 6086 8112 6085
f 8112 6086 8113
f 8112 8773 8111
f 8773 8112 8774
f 8112 8113 8774
f 5359 6088 5358
f 5359 6089 6088
f 12470 5359 5358
f 12471 5359 12470
f 5361 5362 6092
f 5363 5362 12474
f 12473 5361 12472
f 12473 445 12474
f 5362 12473 12474
f 12473 5362 5361
f 444 12473 12472
f 445 12473 444
f 12467 437 12468
f 437 438 12468
f 437 12467 436
f 4115 437 436
f 4116 437 4115
f 438 437 4116
f 6087 6086 5357
f 6088 6087 5358
f 6087 5357 5358
f 8115 6087 6088
f 6087 8115 8114
f 8113 6087 8114
f 6086 6087 8113
f 12502 12501 479
f 477 476 4136
f 477 478 12500
f 12501 478 479
f 478 12501 12500
f 479 478 4136
f 478 477 4136
f 12495 472 12496
f 480 479 4136
f 481 480 4136
f 480 12502 479
f 483 482 4136
f 482 481 4136
f 5366 5365 12477
f 12478 5366 12477
f 5366 12478 5367
f 12476 448 449
f 448 4129 449
f 448 12475 447
f 448 12476 12475
f 4125 4126 445
f 4126 446 445
f 4124 4126 4125
f 4121 442 441
f 4121 4122 442
f 4121 441 4120
f 4129 4121 4120
f 4122 4123 443
f 4123 4124 443
f 4123 4126 4124
f 5370 12482 5371
f 6100 5370 5371
f 12482 455 456
f 455 4133 456
f 455 454 4133
f 4133 454 4132
f 454 453 4132
f 12479 452 12480
f 12479 12480 5368
f 12479 12478 451
f 452 12479 451
f 5367 12479 5368
f 12478 12479 5367
f 11679 11678 11650
f 11678 11677 11650
f 11676 11649 11650
f 11677 11676 11650
f 11649 11676 11675
f 11646 11673 11672
f 11674 11673 11646
f 11673 6579 11672
f 6579 11673 6590
f 11673 11674 6590
f 12148 11681 12147
f 12147 11684 6581
f 11683 11684 12147
f 11684 11683 11652
f 143 144 7496
f 144 7497 7496
f 7497 144 145
f 141 142 7496
f 142 143 7496
f 140 141 7495
f 139 140 7495
f 169 2464 2465
f 963 964 2459
f 964 2460 2459
f 2460 964 965
f 964 963 1104
f 965 964 1104
f 146 7497 145
f 7497 146 147
f 7499 149 150
f 149 7499 148
f 7499 7498 148
f 7498 147 148
f 7498 7497 147
f 7503 155 7504
f 7503 7502 153
f 151 7500 150
f 7502 7501 152
f 151 7501 7500
f 7501 151 152
f 7508 7509 7529
f 7507 7508 7529
f 157 7505 156
f 7505 157 7506
f 157 156 1102
f 963 157 1102
f 7509 7522 7529
f 7528 174 7529
f 7527 7528 7529
f 7525 7526 7529
f 7526 7527 7529
f 983 2478 2477
f 2478 181 2477
f 182 2478 2479
f 181 2478 182
f 981 982 2477
f 982 983 2477
f 1120 982 981
f 985 1123 1124
f 1122 1121 12162
f 1121 1120 12162
f 1121 982 1120
f 983 1121 1122
f 982 1121 983
f 1118 1117 12162
f 972 971 1110
f 971 1109 1110
f 971 970 1109
f 970 971 2467
f 971 2468 2467
f 971 972 2468
f 1112 973 1111
f 973 972 1111
f 973 2470 2469
f 972 973 2469
f 1115 977 976
f 977 2473 976
f 977 2474 2473
f 977 978 2474
f 6698 6699 7057
f 6699 7058 7057
f 6699 6700 7058
f 6699 7130 6700
f 7129 6699 6698
f 7130 6699 7129
f 3574 3575 13680
f 13679 3574 13680
f 7048 3574 7047
f 3574 7048 3575
f 3576 3577 13681
f 3575 3576 13681
f 3577 3576 7051
f 3576 7050 7051
f 3576 3575 7050
f 3575 7049 7050
f 7048 7049 3575
f 13714 7120 7119
f 7120 13714 2253
f 7120 6686 7119
f 6686 7120 6687
f 6686 6687 7047
f 6697 6698 7056
f 6697 6696 7128
f 7129 6697 7128
f 6697 7129 6698
f 7052 6694 7053
f 3579 7055 7056
f 7054 7055 3579
f 7055 6697 7056
f 7055 7054 6696
f 6697 7055 6696
f 7142 6715 7141
f 6715 7142 6716
f 13723 7142 7141
f 7142 7143 6717
f 6716 7142 6717
f 7142 13724 7143
f 7142 13723 13724
f 3598 7080 7081
f 7079 7080 3598
f 7080 7079 6719
f 7080 6720 7081
f 6720 7080 6719
f 3596 13693 13692
f 7079 3596 7078
f 3593 7074 7075
f 3593 3592 7074
f 13689 3593 13690
f 3593 13689 3592
f 3582 13684 13683
f 13684 3582 3583
f 13684 3398 13683
f 13684 3399 3398
f 13686 3589 13687
f 3404 13686 13687
f 3403 13686 3404
f 3401 3400 13685
f 3400 13684 13685
f 13684 3400 3399
f 3399 3400 3206
f 3206 3400 3207
f 3400 3401 3207
f 3401 3402 3207
f 3402 3403 3207
f 3402 3401 13685
f 13686 3402 13685
f 3402 13686 3403
f 6685 7038 7037
f 7039 7038 6685
f 3568 7039 7040
f 3390 3389 13680
f 3389 13679 13680
f 3389 3390 3196
f 7113 7041 7112
f 7113 7112 13713
f 7114 7113 13713
f 7132 6702 6701
f 6702 7060 6701
f 6702 7061 7060
f 7134 7133 13716
f 13717 7134 13716
f 6707 6706 7136
f 1798 1796 1797
f 1796 1798 1795
f 1796 11897 1797
f 1796 11896 11897
f 1796 1795 11895
f 11896 1796 11895
f 11900 1798 11899
f 1798 11900 11901
f 11901 11900 1978
f 11900 1977 1978
f 11900 1976 1977
f 1976 11900 1975
f 1974 11900 11899
f 11900 1974 1975
f 1799 11901 11902
f 1799 1798 11901
f 1798 1799 1795
f 2191 2190 2275
f 2190 2191 2078
f 11890 1792 1791
f 11889 11890 1791
f 1792 11890 11891
f 11890 1968 11891
f 1968 1969 11891
f 1970 1969 2081
f 2191 2079 2078
f 2079 2191 2192
f 6920 6775 3463
f 3462 6920 3463
f 2077 2190 2078
f 11887 1790 1789
f 6915 3457 3456
f 6915 3455 6914
f 3455 6915 3456
f 6915 6914 6770
f 6771 6915 6770
f 3459 3098 3458
f 3098 3459 3281
f 3281 3459 3460
f 3459 6918 3460
f 6918 6774 6919
f 6774 7177 6775
f 7177 6774 7176
f 6920 6774 6775
f 6774 6920 6919
f 3457 6916 3458
f 6915 6916 3457
f 6916 6915 6771
f 1962 2071 2072
f 6921 7178 6776
f 7178 7177 13766
f 7177 7178 6775
f 7178 6921 3463
f 6775 7178 3463
f 13768 2283 13769
f 11882 1785 11881
f 1960 11882 11881
f 11884 1787 1786
f 11884 1788 1787
f 1671 1760 1761
f 1760 1759 1874
f 1759 1760 1670
f 1760 1671 1670
f 1875 1760 1874
f 1760 1875 1761
f 1869 1755 1754
f 1756 1755 1870
f 1755 1869 1870
f 11842 1868 11841
f 11842 1869 1868
f 1869 11842 11843
f 11842 1928 11843
f 1927 11842 11841
f 11842 1927 1928
f 1414 1479 1415
f 1414 1413 1478
f 1479 1414 1478
f 1413 1354 1412
f 1354 1411 1412
f 1411 1354 1353
f 1354 1303 1353
f 1414 1354 1413
f 1356 1354 1355
f 1354 1356 1303
f 1354 1415 1355
f 1354 1414 1415
f 1475 1476 1412
f 1413 1476 1477
f 1476 1413 1412
f 1477 1476 11788
f 1476 11787 11788
f 11787 1476 11786
f 1476 1475 11786
f 1667 1755 1756
f 1754 1667 1666
f 1755 1667 1754
f 1667 1575 1666
f 1409 1471 1410
f 1409 1408 1471
f 1353 1409 1410
f 1352 1409 1353
f 1408 1409 1352
f 1350 1407 1351
f 1350 1351 1301
f 1349 1350 1301
f 1661 1569 1660
f 1569 1661 1570
f 1569 1659 1660
f 1569 1568 1659
f 11776 1468 1467
f 1468 1405 1467
f 1405 1349 1348
f 1404 1405 1348
f 1467 1405 1404
f 2163 2310 2164
f 2162 2163 2050
f 2310 2163 2311
f 2163 2162 2311
f 7250 7008 7007
f 13831 7250 13830
f 7250 13831 6852
f 7008 7250 6852
f 11822 11821 1907
f 1906 2022 2133
f 11821 1906 1907
f 1906 11821 11820
f 2022 1906 1905
f 1906 11820 1905
f 2023 1906 2133
f 1906 2023 1907
f 1733 1848 1734
f 11821 1848 11820
f 1905 11819 11818
f 11820 11819 1905
f 1845 1731 1730
f 1845 1730 11816
f 11817 1845 11816
f 1845 11817 11818
f 1731 1643 1730
f 1643 1551 1730
f 1551 1643 1552
f 1643 1644 1552
f 1644 1643 1731
f 11756 1449 1549
f 11755 1449 1388
f 1449 11755 1549
f 1334 1390 1335
f 1285 1334 1335
f 1185 1230 1231
f 1230 11693 1231
f 1284 1334 1285
f 11688 1276 1227
f 1589 1485 11796
f 1485 1420 11796
f 1420 1485 1421
f 1682 1772 1773
f 1200 1248 1249
f 1299 11708 11707
f 1300 11708 1299
f 11709 1300 1301
f 11710 11709 1301
f 11709 11708 1300
f 1155 1189 1190
f 4205 1150 1151
f 1183 1149 4195
f 1149 1185 1150
f 1276 1228 1227
f 1228 1276 1277
f 1188 1187 1233
f 1286 1285 1335
f 11695 11694 1288
f 1391 1336 1335
f 1336 1391 1392
f 1291 1292 11699
f 1194 1195 1158
f 1195 1196 1158
f 1195 1194 1241
f 1159 1199 1200
f 1199 1248 1200
f 1248 1199 1247
f 11709 1245 11708
f 1294 11702 1293
f 1343 1294 1293
f 1294 1343 1344
f 1191 1156 1190
f 1192 1191 1238
f 1237 1191 1190
f 1191 1237 1238
f 1159 1157 1158
f 1193 1157 1192
f 1191 1157 1156
f 1157 1191 1192
f 1157 1194 1158
f 1157 1193 1194
f 1243 11706 11707
f 11706 1299 11707
f 1297 1296 1346
f 1296 1345 1346
f 11704 11705 1241
f 11705 11704 1297
f 11704 1296 1297
f 1741 1855 1856
f 1742 1741 1856
f 1741 1742 1653
f 1652 1741 1653
f 1855 1740 1854
f 1740 1739 1854
f 1741 1740 1855
f 1740 1741 1652
f 1739 1740 1651
f 1740 1652 1651
f 1456 1455 11762
f 1455 1456 1395
f 1396 1456 1457
f 1456 1396 1395
f 11763 1556 1557
f 11764 11763 1557
f 1556 11763 11762
f 11763 1456 11762
f 11763 11764 1457
f 1456 11763 1457
f 1558 1649 1559
f 1559 1560 11766
f 1560 11767 11766
f 1560 1559 1651
f 11767 1560 1561
f 1560 1652 1561
f 1652 1560 1651
f 1182 1228 1183
f 1227 1182 1181
f 1228 1182 1227
f 1218 1176 1217
f 1176 1221 1222
f 1221 1176 1220
f 1278 11685 11740
f 1273 11685 1278
f 11685 1271 11740
f 1274 1273 11686
f 1224 1274 1225
f 1274 1224 1273
f 1386 1385 1446
f 1329 1385 1386
f 1385 1329 1278
f 1385 1278 11740
f 11754 1548 11755
f 11754 11755 1448
f 1447 11754 1448
f 1548 11754 1547
f 11754 11753 1547
f 11754 1447 11753
f 1433 1497 1498
f 11805 11804 1596
f 1361 1486 11716
f 11804 11803 1596
f 11758 11759 1452
f 11759 1453 1452
f 11759 11758 1552
f 1738 1739 1650
f 1738 1853 1739
f 1853 1738 1852
f 1738 1851 1852
f 1649 1738 1650
f 11826 11825 1911
f 11826 1853 11825
f 11826 11827 1854
f 1853 11826 1854
f 1649 1648 1736
f 1648 1557 1647
f 1648 1558 1557
f 1558 1648 1649
f 1735 1648 1647
f 1648 1735 1736
f 1851 1850 11823
f 1850 1909 11823
f 1850 11822 1909
f 13826 7238 7237
f 7239 7238 13826
f 4146 1167 4147
f 1203 1161 1202
f 1161 1160 1202
f 1161 4137 1160
f 1259 1258 11726
f 11729 11728 1319
f 11795 1484 1483
f 11795 1483 11794
f 11795 1588 11796
f 1484 11795 11796
f 1587 11795 11794
f 11795 1587 1588
f 1420 1358 1419
f 1359 1358 1420
f 1358 1359 1304
f 1204 1164 1163
f 1250 1204 1203
f 1250 1203 11716
f 1308 1250 11716
f 1362 1486 1487
f 1362 1308 11716
f 1486 1362 11716
f 1891 11869 1892
f 11869 1891 1890
f 1776 1891 1892
f 1891 1776 1890
f 1948 1949 11864
f 1949 1948 1950
f 1342 1398 1343
f 1292 1342 1293
f 1342 1343 1293
f 1458 11765 11766
f 11765 1458 11764
f 11765 1559 11766
f 11765 1558 1559
f 11765 11764 1557
f 1558 11765 1557
f 1458 1459 1397
f 1398 1459 1460
f 1459 1398 1397
f 1459 1458 11766
f 1459 11767 1460
f 11767 1459 11766
f 11768 1461 11767
f 11768 11767 1561
f 1562 11768 1561
f 11768 1562 11769
f 11771 11772 1464
f 11772 11771 1565
f 1400 1344 1399
f 1400 1401 1344
f 1918 2035 11832
f 1656 1657 1565
f 1657 1656 1744
f 1656 1655 1743
f 1744 1656 1743
f 1746 1658 1745
f 1658 1657 1745
f 1658 1659 1567
f 1659 1658 1746
f 1566 1658 1567
f 1657 1658 1566
f 11834 1861 11833
f 11834 1919 1920
f 1919 11834 11833
f 11834 1920 11835
f 1862 11834 11835
f 1861 11834 1862
f 1932 11846 1931
f 11846 1932 11847
f 11846 11845 1931
f 11846 11847 1872
f 11845 11846 1872
f 11837 11838 1865
f 11838 1866 1865
f 1866 11838 11839
f 1864 11837 1865
f 1922 11836 1863
f 11836 1864 1863
f 1864 11836 11837
f 2039 11836 1922
f 1749 1661 1660
f 1748 1749 1660
f 1749 1862 1863
f 1862 1749 1748
f 11777 1470 1469
f 1468 11777 1469
f 11776 11777 1468
f 11777 1569 1570
f 11777 11776 1569
f 1472 11780 11781
f 11780 1472 1471
f 1751 1864 1865
f 1752 1751 1865
f 1664 1751 1752
f 11857 1942 1943
f 1881 11857 1766
f 11858 11857 1943
f 11857 11858 1766
f 1765 1881 1766
f 1880 1765 1764
f 1881 1765 1880
f 1675 1674 1766
f 1674 1765 1766
f 11790 1583 11791
f 2057 2170 2171
f 2058 2057 2171
f 2057 2058 1942
f 2170 2057 2056
f 2057 1941 2056
f 1941 2057 1942
f 1875 11850 1876
f 11850 11851 1876
f 11850 1875 11849
f 1935 11850 11849
f 11850 1935 1936
f 11851 11850 1936
f 11851 11852 1877
f 11852 1878 1877
f 11852 11851 1938
f 2303 2304 13792
f 2303 13792 2302
f 2170 2303 2302
f 2303 2170 2169
f 2304 2303 2169
f 2304 13793 13792
f 13793 7195 13792
f 13793 2304 13794
f 7195 13793 13794
f 2309 13799 2308
f 2309 2308 2164
f 2310 2309 2164
f 2309 2310 13800
f 13799 2309 13800
f 1940 11855 11854
f 1941 11855 1940
f 11855 1879 11854
f 1879 11855 1880
f 2054 2055 1939
f 2056 2055 2169
f 2055 2168 2169
f 2168 2055 2054
f 1940 2055 2056
f 1939 2055 1940
f 7084 7085 7082
f 7085 7084 6854
f 7086 7085 6854
f 7085 7086 7082
f 2360 2359 2239
f 2361 2360 2239
f 1840 1839 11811
f 1839 1840 1725
f 1838 1839 1725
f 1828 1714 1627
f 1713 1828 1627
f 1828 1713 1827
f 11930 1828 1827
f 2114 2004 2003
f 2113 2114 2003
f 2115 2114 2233
f 2004 2114 2115
f 2113 2112 2231
f 2231 2112 2000
f 2112 2001 2000
f 2001 2112 2002
f 2112 2113 2002
f 2232 2113 2231
f 2232 2367 2233
f 2114 2232 2233
f 2232 2114 2113
f 2368 2232 2231
f 2232 2368 2367
f 2007 11935 2006
f 2116 2007 2006
f 2117 2007 2116
f 11934 11935 1831
f 11933 11934 1831
f 11935 11934 2006
f 11934 11933 2006
f 592 593 12630
f 3655 588 587
f 588 3655 3656
f 588 12627 587
f 589 3656 3657
f 590 589 3657
f 589 588 3656
f 589 590 12628
f 12627 589 12628
f 588 589 12627
f 590 12629 12628
f 5548 12629 12630
f 12629 5548 12628
f 12629 592 12630
f 12627 12626 587
f 12626 586 587
f 586 12626 12625
f 5547 12627 12628
f 5548 5547 12628
f 6262 6263 8289
f 6263 5550 6264
f 3648 578 3647
f 578 3646 3647
f 578 577 3646
f 576 12616 575
f 577 576 3645
f 576 3644 3645
f 576 575 3644
f 576 12617 12616
f 12617 576 577
f 12616 5535 5534
f 7094 6855 7095
f 6855 6856 7095
f 6854 6855 7088
f 7253 6855 6854
f 13704 6860 6859
f 6860 13704 6861
f 13704 13705 6861
f 13704 2365 13705
f 2365 2234 2115
f 2234 2116 2115
f 7659 7660 3667
f 7666 7660 7659
f 7665 7660 7666
f 7661 7660 7665
f 7658 7659 3667
f 7658 7657 7651
f 7668 7658 7651
f 3665 3664 7656
f 7657 3665 7656
f 6284 6283 5569
f 6283 6284 8311
f 6284 6285 8312
f 8311 6284 8312
f 6283 5568 5569
f 5568 12649 5569
f 5568 12648 12649
f 3665 600 3664
f 600 3665 601
f 12632 594 595
f 7654 7653 7651
f 6270 5555 5556
f 5555 12637 5556
f 5555 6268 5554
f 8292 6265 6266
f 6265 5552 6266
f 6263 8290 8289
f 8290 6263 6264
f 8290 8942 8289
f 13123 8958 13124
f 8958 13123 8957
f 6279 8306 6278
f 8306 6277 6278
f 6273 5558 5559
f 5562 12643 5563
f 5561 5562 6277
f 6278 5562 5563
f 6277 5562 6278
f 5562 12642 12643
f 12642 5562 5561
f 12642 607 12643
f 607 12642 606
f 5560 5559 12640
f 5560 5561 6276
f 8940 8941 13119
f 8941 13120 13119
f 13120 8941 8942
f 8942 8941 8289
f 8938 13118 13117
f 4877 4878 9507
f 4878 13113 4879
f 4878 4877 13112
f 13113 4878 13112
f 9508 4879 9509
f 9508 10007 9507
f 4878 9508 9507
f 9508 4878 4879
f 10007 9508 10008
f 9508 9509 10008
f 9510 9509 4880
f 9509 9510 10009
f 9510 10010 10009
f 9510 9511 10010
f 13115 4881 4880
f 4881 9510 4880
f 9510 4881 9511
f 9511 4882 9512
f 4881 4882 9511
f 8269 8922 8921
f 8921 8922 13112
f 8922 13113 13112
f 8271 6244 6245
f 12608 12609 5526
f 12608 561 12609
f 12608 560 561
f 12608 12607 559
f 560 12608 559
f 6236 5524 6237
f 12607 558 559
f 558 12607 557
f 559 558 3621
f 558 557 3621
f 552 12604 551
f 12604 552 12605
f 6233 5521 6234
f 6233 5520 5521
f 5520 6233 6232
f 6233 6234 8259
f 8258 6233 8259
f 6232 6233 8258
f 8920 8268 8269
f 8269 8268 6243
f 8268 8920 8919
f 8267 8268 8919
f 6241 8267 8266
f 6239 8265 8264
f 8264 8265 8916
f 8916 8265 8917
f 8265 8266 8917
f 8262 8914 8913
f 8263 8914 8262
f 8914 13108 8913
f 8914 13109 13108
f 5532 6246 6245
f 6255 5540 6256
f 6257 5543 6258
f 5542 5543 6257
f 12622 581 582
f 12622 5543 5542
f 3639 572 3638
f 573 572 3639
f 12616 12615 574
f 12615 573 574
f 12615 12616 5534
f 10466 10467 13523
f 10466 13522 10465
f 13522 10466 13523
f 10466 10465 10006
f 10007 10466 10006
f 10467 10466 10007
f 7361 7740 7360
f 7727 3745 3744
f 3745 681 3744
f 11972 11578 11973
f 3755 692 691
f 7477 7889 7476
f 7890 7477 7478
f 7889 7477 7890
f 3886 851 850
f 851 3886 852
f 850 851 12843
f 851 852 12843
f 7480 7481 7893
f 7892 7480 7893
f 7479 7480 7892
f 3881 847 846
f 847 3882 848
f 3882 847 3881
f 3882 3881 7890
f 3884 7891 7892
f 7891 7479 7892
f 7891 7890 7478
f 7479 7891 7478
f 3888 7895 7896
f 7896 7895 7483
f 7895 7482 7483
f 7472 7473 7887
f 7473 7474 7887
f 7474 7475 7887
f 7889 7888 7476
f 7888 7475 7476
f 7475 7888 7887
f 7888 7889 3880
f 3924 7888 3880
f 7888 3924 7887
f 3878 843 3877
f 3879 3924 3880
f 3879 3878 3924
f 7468 7885 7467
f 7439 7438 115
f 7424 105 106
f 7440 7439 115
f 7441 7440 115
f 7443 7442 115
f 7442 7441 115
f 11385 11607 11606
f 13588 10557 13589
f 10557 10558 13589
f 843 3876 3877
f 12840 5839 6568
f 12840 847 848
f 12841 12840 848
f 5839 12840 12841
f 13126 13127 4892
f 13127 4893 4892
f 4893 13127 13128
f 13127 8964 13128
f 6307 8334 8333
f 13152 4918 4917
f 10492 10032 10033
f 6301 5588 5589
f 5588 6301 6300
f 5591 6304 6303
f 5590 5591 6303
f 12666 5591 12665
f 5591 5590 12665
f 12670 12669 638
f 12669 12670 5596
f 635 3698 3699
f 3698 3697 7681
f 3699 3698 7681
f 3697 3698 634
f 3698 635 634
f 636 635 3699
f 635 636 12668
f 3704 3903 3703
f 7681 3704 3703
f 3705 3704 7681
f 4918 9548 9547
f 9548 10047 9547
f 10047 9548 10048
f 4915 4914 13149
f 4915 4916 9545
f 9544 4915 9545
f 4915 9544 4914
f 4896 9526 9525
f 4895 4896 9525
f 10491 10032 10492
f 13539 4432 4431
f 10491 13539 10490
f 9524 4895 9525
f 9524 10023 9523
f 9524 9523 4894
f 4895 9524 4894
f 10024 9524 9525
f 10023 9524 10024
f 13129 4894 13128
f 13129 4895 4894
f 5587 12662 5588
f 5587 5588 6300
f 5587 5586 12661
f 12662 5587 12661
f 3695 3694 7681
f 3696 3695 7681
f 632 3696 633
f 632 633 12665
f 3695 632 631
f 632 3695 3696
f 632 12664 631
f 12664 632 12665
f 7667 7666 7659
f 7667 7668 3673
f 3672 3671 7666
f 3672 7667 3673
f 7667 3672 7666
f 3672 609 3671
f 3672 3673 610
f 609 3672 610
f 3668 3899 604
f 3668 603 3667
f 603 3668 604
f 7660 3668 3667
f 3668 7660 7661
f 3668 7661 7662
f 7664 7663 7662
f 7663 7664 3670
f 12645 5564 12644
f 12645 609 12646
f 607 608 12644
f 608 12645 12644
f 12645 608 609
f 609 608 3671
f 608 607 3671
f 7673 3900 7672
f 3900 7671 7672
f 7676 3686 7675
f 627 628 12661
f 5587 6299 5586
f 6299 5587 6300
f 12660 12659 626
f 12660 627 12661
f 627 12660 626
f 5586 12660 12661
f 5585 12660 5586
f 12660 5585 5584
f 12659 12660 5584
f 12658 5580 12657
f 5573 6287 6286
f 8316 6289 6290
f 5570 6284 5569
f 5570 5571 6285
f 6284 5570 6285
f 10014 9516 10015
f 9514 10014 10013
f 10014 10473 10013
f 10014 10474 10473
f 10014 10015 10474
f 9518 9519 10017
f 9518 10016 9517
f 10016 9518 10017
f 9519 10018 10017
f 10018 10019 10477
f 10476 10018 10477
f 10017 10018 10476
f 9520 9521 10019
f 10018 9520 10019
f 9520 10018 9519
f 10954 4427 10955
f 4427 10954 4426
f 4427 4428 10955
f 4427 4426 13534
f 10481 10482 13534
f 10480 10481 13534
f 10481 10480 10022
f 10023 10481 10022
f 10481 10023 10482
f 13536 4429 4428
f 9542 9543 10041
f 9542 4913 9543
f 4913 9542 4912
f 9542 9541 4912
f 9541 10040 10039
f 10499 10040 10041
f 10039 10040 10499
f 10040 9542 10041
f 9542 10040 9541
f 10503 13548 10502
f 10503 13549 13548
f 10503 10504 13549
f 9546 10045 9545
f 10504 10505 13549
f 10045 10505 10504
f 10960 11303 11302
f 11304 11303 10960
f 10494 13543 13542
f 4436 13543 13544
f 13543 4435 13542
f 13543 4436 4435
f 10493 10494 13542
f 10493 13542 13541
f 10492 10493 13541
f 10493 10492 10033
f 10035 9535 9536
f 10036 10035 9536
f 10508 13551 13550
f 11955 11956 11947
f 11955 11948 11954
f 11948 11955 11947
f 11567 11955 11954
f 11956 11955 11567
f 11946 11957 11958
f 11956 11957 11946
f 11551 11552 11942
f 11552 11553 11942
f 11554 11555 11942
f 11553 11554 11942
f 674 3736 3737
f 3738 675 3737
f 675 674 3737
f 12694 675 12695
f 675 12694 674
f 11346 11567 11345
f 11346 11347 11567
f 10995 11346 11345
f 11347 11568 11567
f 11957 11568 11958
f 11568 11956 11567
f 11568 11957 11956
f 11747 1506 11741
f 1507 1506 11747
f 1506 1505 11741
f 1506 1508 1505
f 1506 1507 1508
f 1418 1417 1483
f 1418 1484 1419
f 1484 1418 1483
f 1358 1418 1419
f 1417 1482 1483
f 1483 1482 11794
f 1482 1416 1481
f 1482 1417 1416
f 11793 1482 1481
f 11794 1482 11793
f 3150 3142 3149
f 13659 3552 3553
f 3547 3548 13653
f 3556 7022 7023
f 7019 7020 3554
f 7020 6682 7021
f 3157 3360 3158
f 3554 13661 3553
f 7108 7020 7019
f 6682 7108 13710
f 7020 7108 6682
f 2107 2226 2227
f 2225 2226 2107
f 2226 2244 2227
f 2244 2226 2225
f 7107 6680 13708
f 2246 2220 13710
f 2246 2221 2220
f 7108 2246 13710
f 2105 1992 1991
f 1992 2105 2106
f 2244 2223 13708
f 2104 2105 1991
f 1705 1704 1819
f 1704 1616 1615
f 1704 1705 1616
f 2109 1996 1995
f 3558 7024 7025
f 6682 7024 7023
f 7025 7024 6682
f 7030 7031 3562
f 7031 7030 7110
f 3563 13672 3562
f 7031 3563 3562
f 3563 7031 7032
f 3564 3563 7032
f 13672 3564 13673
f 3563 3564 13672
f 6684 7031 7110
f 7031 6684 7032
f 6684 13712 7111
f 6684 7110 13712
f 3161 3152 3160
f 3152 3162 3151
f 3152 3161 3162
f 13787 13786 2297
f 2298 13787 2297
f 13786 2296 2297
f 2295 13785 13784
f 2296 13785 2295
f 13785 2296 13786
f 1604 1610 1603
f 1604 1603 1690
f 2228 1994 2227
f 1994 2107 2227
f 1994 11919 2107
f 1993 1816 11918
f 11919 1816 1993
f 1816 1612 1611
f 1816 1817 1613
f 1612 1816 1613
f 7181 13772 7182
f 7180 7181 6778
f 7183 13774 7184
f 6781 7183 7184
f 13772 13773 7182
f 13773 7183 7182
f 7183 13773 13774
f 13773 13772 2285
f 13774 2286 13775
f 2286 13776 13775
f 13773 2286 13774
f 2181 2286 2285
f 2286 13773 2285
f 6927 6928 3469
f 6928 6929 3469
f 6926 6927 3469
f 3287 3468 3469
f 3467 3468 3287
f 6924 3468 3467
f 3468 6924 3469
f 7187 7186 13777
f 7190 13785 13786
f 13785 7190 13784
f 7185 13776 2288
f 7186 7185 13777
f 7185 2288 13777
f 13776 7185 7184
f 2176 2064 2063
f 2176 2296 2295
f 2294 2176 2295
f 2176 2063 2175
f 2176 2175 2297
f 2296 2176 2297
f 2178 2177 2292
f 2176 2177 2064
f 2177 2176 2294
f 2291 2178 2292
f 2178 2291 2290
f 2066 2178 2179
f 2178 2066 1957
f 2066 2067 1957
f 1956 11877 11876
f 1956 2178 11877
f 2064 1956 1955
f 1956 11875 1955
f 11875 1956 11876
f 2180 2289 2288
f 2289 2180 2179
f 2180 2181 2068
f 2067 2180 2068
f 2180 2066 2179
f 2066 2180 2067
f 1534 1533 1620
f 1621 1534 1620
f 1535 1534 1621
f 1997 2111 1998
f 2111 1997 2110
f 1612 1526 1611
f 1526 1612 1613
f 1599 1519 1518
f 1529 1519 1528
f 1519 1530 1518
f 1519 1529 1530
f 1600 1599 1781
f 1600 1781 1601
f 1529 1614 1530
f 1530 1614 1615
f 1613 1614 1528
f 1614 1529 1528
f 1817 1614 1613
f 11922 1614 1817
f 1700 1695 1696
f 1701 1695 1700
f 1695 1694 1784
f 1696 1695 1784
f 1695 1702 1694
f 1695 1701 1702
f 7229 7230 6828
f 7229 7228 13825
f 7230 7229 13825
f 1379 1381 1382
f 1381 1379 1380
f 1382 1381 1444
f 1381 1380 1444
f 1445 1383 1512
f 1383 1382 1512
f 1327 1326 1445
f 1326 1383 1445
f 1383 1326 1325
f 1382 1324 1378
f 1324 1377 1378
f 1383 1324 1382
f 1324 1383 1325
f 1326 1324 1325
f 2011 2012 11939
f 2011 2122 2012
f 2122 2011 2121
f 2011 2010 2121
f 2011 11939 2010
f 11940 2013 11941
f 2124 2013 11940
f 12143 12142 2716
f 12142 12143 2844
f 2717 12143 2716
f 2844 12143 2717
f 13761 7171 13760
f 13762 2277 13763
f 7172 6771 6770
f 7171 7172 6770
f 13761 7172 7171
f 7172 13761 13762
f 7173 13762 13763
f 7172 7173 6771
f 7173 7172 13762
f 3277 3095 2971
f 3095 12140 2971
f 3095 3455 3278
f 3095 3277 3455
f 3096 3095 3278
f 12140 3095 3096
f 3098 3097 3280
f 3097 3098 2972
f 3280 3097 3279
f 3097 2972 2848
f 3096 3097 2847
f 3279 3097 3096
f 3097 12137 2847
f 3097 2848 12137
f 12010 2574 2654
f 2576 12010 2653
f 12010 2654 6636
f 6635 12010 6636
f 2653 12010 6635
f 2578 2577 12009
f 2577 2576 12009
f 2576 2577 2578
f 2709 2851 12136
f 12136 12135 2708
f 12135 12134 2708
f 2976 2854 2853
f 3104 3105 2978
f 3284 3462 3105
f 3104 3284 3105
f 5872 5871 5134
f 5871 5872 7923
f 5872 7924 7923
f 7924 5872 5873
f 5135 5136 5873
f 5872 5135 5873
f 5135 5872 5134
f 3960 12205 12204
f 12205 5871 12204
f 5871 12205 5134
f 12203 5133 12202
f 12203 207 5133
f 3959 12203 12202
f 207 12203 3959
f 12198 5130 5866
f 5130 5867 5866
f 5130 12198 12199
f 5131 5130 12199
f 5867 5130 5131
f 206 12201 5869
f 12201 206 3957
f 12200 206 7920
f 206 12200 3956
f 3957 206 3956
f 3958 12201 3957
f 3958 3959 12202
f 12201 3958 12202
f 12862 4593 12861
f 4593 12862 4594
f 4593 4592 12861
f 4593 4594 4592
f 7906 7907 8574
f 7906 5853 7907
f 7906 7905 5851
f 8581 12859 4591
f 12858 8581 4591
f 8580 8581 12857
f 8581 12858 12857
f 9234 4590 4591
f 4590 12858 4591
f 12858 4590 9234
f 8577 8578 12855
f 8577 12855 12854
f 8576 8577 12854
f 8577 8576 7910
f 8573 12851 8572
f 7905 8573 8572
f 8573 7906 8574
f 7906 8573 7905
f 12197 5129 12196
f 5864 5129 12197
f 5863 5129 5864
f 12859 8583 12860
f 4592 8583 12861
f 8583 4592 12860
f 5148 222 12222
f 221 222 5148
f 3967 222 3966
f 222 221 3966
f 12873 8598 9242
f 8598 12873 5886
f 12870 4600 9238
f 9238 4600 9742
f 7934 5884 7935
f 5884 7934 7933
f 7933 7934 8594
f 7934 8595 8594
f 8597 8596 7935
f 8596 7934 7935
f 7934 8596 8595
f 9745 9241 4603
f 9241 8597 4603
f 4604 8599 9748
f 8599 4604 12874
f 8598 4604 9242
f 4604 8598 12874
f 9747 10224 13340
f 10223 9747 13340
f 10224 9747 9748
f 9747 4604 9748
f 9747 10223 9242
f 4604 9747 9242
f 10222 4229 13338
f 4229 10222 10677
f 12228 5150 12227
f 12228 3970 227
f 226 12228 12227
f 12228 226 3970
f 7273 7270 7269
f 7274 7273 7269
f 7567 7274 7275
f 7567 225 3968
f 2435 65 64
f 7330 65 66
f 65 7330 7329
f 65 7328 64
f 7328 65 7329
f 2438 67 66
f 63 2434 64
f 2434 2435 64
f 909 1056 1057
f 909 908 1056
f 1079 1058 1057
f 949 1091 950
f 2455 959 960
f 959 2455 958
f 7356 87 2458
f 87 86 2458
f 87 7356 7355
f 7354 87 7355
f 86 87 7353
f 87 7354 7353
f 7350 7351 7636
f 333 4047 334
f 7343 7630 7629
f 310 4033 311
f 310 309 4033
f 7626 4031 4030
f 4032 4031 7626
f 4031 4032 307
f 308 4032 309
f 4032 308 307
f 12311 308 309
f 4032 7627 4033
f 7627 7628 4033
f 7627 4032 7626
f 7339 7627 7626
f 7339 71 72
f 7625 7337 7626
f 952 2449 951
f 2450 2449 952
f 13344 10230 10231
f 13344 13343 10230
f 13345 13344 10231
f 9255 4619 9256
f 9255 4618 4619
f 9759 9255 9256
f 9255 9758 9254
f 9758 9255 9759
f 4617 9255 9254
f 4618 9255 4617
f 8605 7945 8606
f 8605 12881 12880
f 12881 8605 8606
f 7945 8605 7944
f 7944 8605 8604
f 8605 12880 8604
f 12879 4611 12878
f 12879 8603 8604
f 12879 12878 8603
f 4611 12879 4612
f 12880 12879 8604
f 4612 12879 12880
f 9249 9250 9754
f 9754 9250 9755
f 9250 9251 9755
f 9250 9249 4612
f 4613 9250 4612
f 9251 9250 4613
f 5893 5894 7944
f 7943 5893 7944
f 5894 5893 5156
f 5893 5155 5156
f 5893 7943 5892
f 5155 5893 5892
f 12236 5155 12235
f 5155 12236 5156
f 12236 12237 5156
f 12236 233 12237
f 12234 5154 5153
f 12233 12234 5153
f 12234 231 12235
f 5154 12234 12235
f 9760 9759 9256
f 9760 10235 9759
f 9257 9760 9256
f 9761 9760 9257
f 12885 4624 4623
f 12885 12886 4624
f 12886 12885 8610
f 12885 8609 8610
f 9762 9259 9763
f 9259 9260 9763
f 9260 9259 4624
f 4624 9259 4623
f 13353 10238 10239
f 10238 9762 10239
f 13352 10238 13353
f 12242 5162 5161
f 232 3975 233
f 232 12236 12235
f 12236 232 233
f 3975 232 3974
f 231 232 12235
f 232 231 3974
f 7578 3979 7577
f 12240 5160 5159
f 5160 5897 5159
f 5897 5896 5159
f 5896 7946 5895
f 7946 5896 7947
f 5896 5897 7947
f 5158 5896 5895
f 5896 5158 5159
f 12883 4620 4619
f 4619 4620 9256
f 9257 4620 4621
f 4620 9257 9256
f 2394 2395 23
f 2395 24 23
f 24 7285 23
f 23 7285 7284
f 7285 7579 7284
f 7579 7285 7580
f 3985 7582 7583
f 3985 241 240
f 7582 7581 7287
f 5901 7951 5900
f 241 12244 240
f 7290 28 29
f 7278 7277 16
f 7279 7278 16
f 7572 7278 7279
f 7277 7278 7571
f 7278 7572 7571
f 7939 7940 8600
f 5889 7939 5888
f 7939 5889 7940
f 228 3971 229
f 12232 228 229
f 891 1037 1038
f 892 891 1038
f 2404 898 899
f 880 1028 881
f 880 879 1028
f 2393 880 881
f 880 2393 879
f 885 1030 1031
f 1030 1018 1031
f 1024 1023 1025
f 1027 878 877
f 878 1027 879
f 877 878 2392
f 878 879 2392
f 1017 1018 868
f 1016 1017 868
f 1018 1019 868
f 1019 1020 868
f 1020 1019 1029
f 1030 1019 1018
f 1019 1030 1029
f 869 1021 1022
f 1020 1021 869
f 1021 1020 1027
f 2389 874 2390
f 874 1024 1025
f 1026 1025 1022
f 1026 1027 877
f 876 1026 877
f 1021 1026 1022
f 1026 1021 1027
f 5903 5904 7953
f 5904 5903 5167
f 2406 2405 900
f 33 2405 2406
f 2405 899 900
f 2405 2404 899
f 2405 33 32
f 2404 2405 32
f 2402 896 897
f 2402 2401 896
f 2401 2402 29
f 2402 30 29
f 7283 21 7284
f 21 22 7284
f 20 21 7283
f 22 21 2392
f 21 2391 2392
f 21 20 2391
f 27 2398 2399
f 26 2398 27
f 2398 892 2399
f 2398 891 892
f 4583 12846 9228
f 12846 4584 9228
f 4584 12846 8569
f 12846 4583 12845
f 8568 12846 12845
f 8569 12846 8568
f 12847 4584 8569
f 4584 12847 9229
f 9229 12847 4585
f 5845 7900 7899
f 5845 7899 5844
f 5110 5845 5844
f 5111 5845 5110
f 5116 5849 12182
f 5849 5116 8571
f 192 12178 5112
f 12178 192 12179
f 12178 5847 5112
f 13335 10215 9230
f 10215 13335 13334
f 4586 12849 12850
f 4586 13337 13336
f 12851 4586 12850
f 13337 4586 12851
f 202 12194 12193
f 8581 7913 7914
f 7913 8581 8580
f 5858 5859 7910
f 5119 12186 12187
f 12186 5119 5118
f 5120 5119 12187
f 5118 5852 5851
f 5852 7906 5851
f 7906 5852 5853
f 5119 5852 5118
f 5852 5119 5853
f 204 203 3952
f 203 202 3952
f 203 204 12197
f 203 12197 12196
f 202 203 12196
f 12189 5121 12188
f 200 199 3949
f 199 3948 3949
f 3948 199 3947
f 199 12189 12188
f 3947 199 3946
f 198 199 12188
f 199 198 3946
f 12172 12171 187
f 995 860 859
f 859 860 2374
f 861 995 996
f 862 861 996
f 861 860 995
f 861 862 2374
f 860 861 2374
f 2523 2522 2501
f 2524 2523 2501
f 2523 11994 2522
f 2503 2525 2502
f 2525 2524 2502
f 2498 2518 2497
f 2519 2518 2498
f 2518 2519 11986
f 3319 3509 3320
f 3508 3509 3319
f 6822 6823 6967
f 6963 3508 3507
f 3505 3315 3314
f 3314 3315 3136
f 3315 3316 3136
f 3498 3305 3304
f 3302 3125 3124
f 3124 3125 2996
f 3125 3126 2996
f 3126 3303 3304
f 3495 3303 3302
f 3125 3303 3126
f 3303 3125 3302
f 6957 6956 6814
f 3312 3311 3504
f 3311 3503 3504
f 3311 3134 3133
f 3311 3312 3134
f 3503 3310 3502
f 3310 3309 3502
f 3311 3310 3503
f 3310 3311 3133
f 3132 3310 3133
f 3310 3132 3309
f 3132 3308 3309
f 6956 3492 3491
f 3492 6956 3493
f 3492 3300 3491
f 3492 3493 3300
f 1915 1914 2141
f 6826 6970 6969
f 6825 6826 6969
f 6826 6825 7228
f 7229 6826 7228
f 6968 6824 6969
f 6824 6825 6969
f 6823 6824 6968
f 2336 2335 2139
f 13824 2335 2336
f 2335 2334 2139
f 2335 13824 2334
f 7228 7227 2336
f 7227 6824 6823
f 6825 7227 7228
f 6824 7227 6825
f 11827 1912 1913
f 1912 2029 1913
f 1912 2028 2029
f 11826 1912 11827
f 2028 1912 1911
f 1912 11826 1911
f 2619 2620 6606
f 2615 2602 2616
f 2615 2614 2602
f 2614 2615 6603
f 6600 6601 2690
f 6600 2690 2689
f 6599 6600 2689
f 2609 6600 6599
f 6601 6600 2610
f 6600 2609 2610
f 6601 6602 2691
f 6602 6603 2692
f 2691 6602 2692
f 6602 2613 6603
f 6602 2612 2613
f 2612 6602 2611
f 6602 6601 2611
f 11989 11988 2520
f 11990 11991 2607
f 11991 11990 2521
f 11990 11989 2521
f 2607 11996 11997
f 11996 2523 11997
f 11991 11992 2607
f 11992 11991 2522
f 2590 2589 2633
f 2639 2638 2585
f 6619 2638 2639
f 2590 2632 2591
f 2632 2590 2633
f 2631 6614 6613
f 2631 2632 6614
f 2631 2592 2591
f 2632 2631 2591
f 2601 2622 2621
f 2623 2622 2601
f 2622 2623 6608
f 2622 6607 2621
f 6607 2622 6608
f 4058 7649 7650
f 7649 7356 7650
f 7649 7648 7356
f 7639 7352 7353
f 4056 7646 7647
f 7646 4056 7645
f 4065 4064 7650
f 353 4064 4065
f 358 12354 357
f 361 360 4067
f 4069 364 4068
f 4284 4285 10742
f 10743 11120 10742
f 10743 10744 11120
f 10744 10743 4286
f 4285 10743 10742
f 10743 4285 4286
f 4006 256 4005
f 260 4009 4010
f 255 256 12261
f 256 255 4004
f 2408 2409 36
f 2409 37 36
f 904 2409 903
f 2409 2408 903
f 2409 904 2410
f 37 2409 2410
f 5910 7960 7959
f 2407 35 34
f 2408 35 2407
f 35 2408 36
f 5915 5916 7965
f 5915 5179 5916
f 5179 5915 5178
f 12256 5175 5174
f 12256 12257 5175
f 5175 5176 5912
f 12257 5176 5175
f 61 60 2431
f 7323 7609 7608
f 7322 7323 7608
f 7605 7318 7319
f 56 7320 7319
f 5243 5242 12316
f 5242 12315 12316
f 12315 5242 5241
f 5243 5244 5980
f 5244 5981 5980
f 5981 5244 5245
f 5244 12318 5245
f 8033 8698 8697
f 5248 5247 12320
f 5956 8008 8007
f 8007 8008 8669
f 12944 8677 8678
f 5977 8027 8026
f 5977 5240 5241
f 5974 5975 8024
f 5975 8025 8024
f 5237 5238 5974
f 5238 5975 5974
f 5972 5236 5237
f 5236 5972 5971
f 8021 5970 5971
f 5955 5954 5216
f 12293 5221 12292
f 5958 8010 8009
f 8010 5958 5959
f 5227 5964 5963
f 12288 5217 5216
f 5212 5950 5211
f 5954 8005 5953
f 275 276 12275
f 276 277 12275
f 277 276 4017
f 4016 276 275
f 4017 276 4016
f 278 277 4017
f 279 278 4018
f 278 4017 4018
f 283 282 4020
f 284 283 4020
f 5201 12274 12275
f 7614 7615 4022
f 4023 7615 7616
f 4022 7615 4023
f 7615 7330 7616
f 7330 7615 7329
f 7615 7614 7329
f 7613 7328 7329
f 7614 7613 7329
f 7328 7613 7612
f 7613 4021 7612
f 7613 7614 4021
f 67 7332 7331
f 7333 7332 67
f 7332 7617 7331
f 7332 7618 7617
f 7332 7333 7619
f 7618 7332 7619
f 302 301 4030
f 303 302 4030
f 7624 4029 4028
f 4029 7624 7625
f 299 12296 12295
f 5226 5227 5963
f 5962 5226 5963
f 12308 5235 5234
f 5235 5236 5971
f 5235 5970 5234
f 5970 5235 5971
f 5236 12310 12311
f 308 12310 307
f 12310 308 12311
f 5230 5231 5966
f 12305 12306 5233
f 302 12300 301
f 5212 12284 5213
f 12284 289 290
f 12284 5212 5211
f 294 293 4027
f 294 12288 293
f 291 290 4025
f 9278 4647 4648
f 4647 9278 4646
f 9779 9780 10262
f 7969 7968 5919
f 8631 12906 8630
f 8631 8632 12907
f 12906 8631 12907
f 5918 5917 5181
f 7968 5918 5919
f 5917 5918 7967
f 5918 7968 7967
f 12264 12263 258
f 5918 5182 5919
f 5182 5918 5181
f 12263 5182 5181
f 5182 12263 12264
f 12908 12909 4651
f 8632 12908 12907
f 8633 12908 8632
f 12908 8633 12909
f 9272 4638 4639
f 8623 8624 12898
f 8626 7966 7967
f 5916 7966 7965
f 5917 7966 5916
f 7966 5917 7967
f 8625 8624 7965
f 7966 8625 7965
f 8625 7966 8626
f 4640 4639 12898
f 4639 4640 9273
f 4640 9274 9273
f 4644 9276 4643
f 9276 4644 9277
f 9276 9275 4643
f 9274 9275 9776
f 9777 9778 10259
f 9778 9777 9277
f 9777 9276 9277
f 9777 10258 9776
f 10258 9777 10259
f 9275 9777 9776
f 9777 9275 9276
f 13363 10248 10249
f 10248 10247 9769
f 10247 10248 13362
f 10248 13363 13362
f 10251 10250 9772
f 10252 10251 9772
f 10251 10252 13365
f 4254 13364 4255
f 13364 13365 4255
f 13364 10251 13365
f 10251 13364 10250
f 13364 4254 4253
f 13363 13364 4253
f 13364 13363 10249
f 10250 13364 10249
f 9771 10250 10249
f 10250 9771 9772
f 9269 9771 9268
f 9269 9270 9772
f 9771 9269 9772
f 9271 9272 9773
f 9270 9271 9773
f 9271 4638 9272
f 8616 12890 8615
f 4630 12890 4631
f 12889 12890 4630
f 12890 12889 8615
f 4629 4628 12888
f 4627 4628 9262
f 12887 4628 4627
f 12888 4628 12887
f 7599 4003 4002
f 4003 7599 4004
f 255 4003 4004
f 7599 7600 4004
f 4004 7600 4005
f 7600 7312 7601
f 4006 7600 7601
f 7600 4006 4005
f 7308 7309 7598
f 7599 7309 7310
f 7309 7599 7598
f 41 7309 7308
f 2420 915 2421
f 915 2420 914
f 7311 44 7312
f 7600 7311 7312
f 7311 7599 7310
f 7311 7600 7599
f 44 45 7312
f 9767 10244 9766
f 10244 9767 10245
f 13360 10244 10245
f 10244 13360 13359
f 4264 4263 13369
f 4263 4262 13369
f 10720 4263 4264
f 4263 10720 10719
f 4262 4263 10719
f 10718 4262 10719
f 10718 10719 11104
f 10717 10718 11104
f 10740 11118 11117
f 10739 10740 11117
f 11118 10740 10741
f 4283 10740 10739
f 4283 4284 10741
f 10740 4283 10741
f 4282 10738 4281
f 4282 10739 10738
f 4282 4283 10739
f 4283 4282 13392
f 10736 10735 4279
f 10735 4278 4279
f 4278 10735 10734
f 10735 10736 11114
f 10735 11114 11113
f 10734 10735 11113
f 13387 13388 4279
f 13388 4280 4279
f 4280 10737 10736
f 10736 10737 11115
f 10738 10737 4281
f 10737 4280 4281
f 10737 11116 11115
f 11116 10737 10738
f 13385 13386 4279
f 13384 13385 4279
f 10287 10286 9794
f 10726 10727 11104
f 10723 10724 11104
f 4268 13371 13372
f 10733 11112 11111
f 10733 10734 11112
f 10734 10733 4277
f 10285 13387 13386
f 10285 13388 13387
f 10285 10286 13388
f 12020 2556 2557
f 2555 2556 12020
f 2556 2676 2557
f 2556 2555 2676
f 13752 7164 13751
f 2266 13752 13751
f 13752 2266 2267
f 13753 13752 2267
f 7164 6762 6761
f 6904 6761 6905
f 6904 6760 6761
f 6903 6904 3444
f 6760 6904 6903
f 3081 2958 3080
f 3082 3081 3264
f 3081 3082 2959
f 2958 3081 2959
f 3263 3081 3080
f 3081 3263 3264
f 13742 7158 13741
f 7159 13742 13743
f 7158 13742 7159
f 13735 13746 13745
f 13746 7159 13745
f 13747 13733 2260
f 2260 13729 13728
f 13729 7146 13728
f 13729 7147 7146
f 3439 6896 6897
f 6896 3439 3438
f 6896 6754 6897
f 6894 6893 6751
f 6893 6894 3436
f 3435 6893 3436
f 3239 3240 3049
f 3048 3239 3049
f 3238 3239 3048
f 7153 13735 13736
f 13735 7153 7152
f 13742 13738 13743
f 6896 6753 6754
f 7148 6726 7147
f 7145 6722 6721
f 6722 7145 7146
f 6721 6722 7081
f 6867 3407 7081
f 3034 3229 3035
f 3229 3034 3228
f 2804 2931 2932
f 2803 2931 2804
f 2513 2514 2535
f 2512 2513 2534
f 2513 2535 2534
f 12030 2536 2537
f 2536 12030 12029
f 12033 2541 2542
f 12032 12033 2542
f 2541 12033 2540
f 12033 2539 2540
f 2539 12033 2538
f 12033 12032 2537
f 2683 2544 2543
f 2682 2544 2683
f 12030 2544 12029
f 2544 12030 2543
f 2824 2952 2825
f 2824 2823 2951
f 2952 2824 2951
f 12070 2824 12069
f 2824 12070 2823
f 12069 2824 12068
f 2824 2825 12068
f 2839 12048 2964
f 2839 12047 12048
f 12047 2839 12046
f 2839 2964 3086
f 12046 2839 3086
f 3084 3265 3266
f 3443 3265 3264
f 3266 3265 3443
f 3265 3084 3083
f 3265 3082 3264
f 3082 3265 3083
f 7139 6710 7138
f 6711 6710 7139
f 6710 6709 7138
f 7069 6710 7070
f 6709 6710 7069
f 6710 7071 7070
f 6710 6711 7071
f 6712 7073 7072
f 6711 6712 7072
f 6712 7139 7140
f 6712 6711 7139
f 7061 3584 3583
f 7062 3584 7061
f 13684 3584 13685
f 3584 13684 3583
f 2208 2207 2258
f 13722 13721 2258
f 13721 2208 2258
f 13721 13722 7140
f 2209 13721 13720
f 2208 13721 2209
f 13721 7139 13720
f 7139 13721 7140
f 11892 1794 11891
f 1969 11892 11891
f 11892 1969 1970
f 2793 12097 12098
f 2793 2794 12097
f 12096 2795 12095
f 2794 2795 12096
f 3034 3033 3228
f 3227 3033 3032
f 3033 3227 3228
f 2914 2913 3019
f 2913 2914 2785
f 2785 2914 2786
f 2914 2915 2786
f 2789 2919 2790
f 2789 2790 12103
f 2789 12104 2788
f 2789 12103 12104
f 12091 12090 2765
f 2765 12088 2764
f 12088 12087 2764
f 2803 12088 2802
f 12088 2803 12087
f 2911 2912 2783
f 2910 2911 2783
f 2909 2782 2781
f 2909 2910 2782
f 3407 3208 13694
f 2768 2900 2769
f 2762 12085 2761
f 2762 6679 2763
f 2762 2761 6679
f 12086 2804 2805
f 12085 12086 2805
f 2804 12086 12087
f 2762 12086 12085
f 12087 12086 2763
f 12086 2762 2763
f 2809 12082 12083
f 12083 12082 2759
f 12081 12082 2810
f 12082 2809 2810
f 12082 12081 2758
f 2759 12082 2758
f 3437 3249 3248
f 3249 3437 3438
f 3059 3249 3060
f 3248 3059 3058
f 3249 3059 3248
f 2939 2938 3058
f 3059 2939 3058
f 2811 2939 2812
f 2938 2939 2811
f 2940 3060 3061
f 2940 3059 3060
f 2940 2939 3059
f 2940 2813 2812
f 2939 2940 2812
f 2816 12077 12078
f 3062 3251 3252
f 3063 3062 3252
f 3251 3062 3061
f 3062 3063 2942
f 3248 3247 3436
f 3247 3435 3436
f 3435 3247 3246
f 3057 3247 3058
f 3247 3248 3058
f 3245 3055 3054
f 3246 3055 3245
f 3054 3055 2936
f 3055 2937 2936
f 5455 12550 5456
f 5455 6171 5454
f 5455 5454 12549
f 12550 5455 12549
f 6172 5455 5456
f 5455 6172 6171
f 5457 12552 5458
f 12551 5457 5456
f 5457 12551 12552
f 6173 5457 5458
f 5456 5457 6173
f 526 3603 3604
f 3604 3603 3600
f 527 3604 3605
f 527 526 3604
f 527 3605 528
f 12585 527 528
f 524 3600 3601
f 3600 521 3599
f 521 3600 522
f 517 516 3599
f 12557 12556 510
f 517 12568 516
f 516 515 3599
f 12596 5515 5514
f 6229 5515 5516
f 535 12597 12596
f 12597 535 536
f 12597 5515 12596
f 5515 12597 5516
f 12599 12598 538
f 12598 12597 536
f 12597 12598 5516
f 5516 12598 5517
f 12598 12599 5517
f 541 12600 540
f 12600 12599 540
f 6231 5518 5519
f 5518 6231 5517
f 5518 12600 5519
f 12599 5518 5517
f 12600 5518 12599
f 12587 12586 528
f 12586 12585 528
f 12586 12587 5505
f 5507 5508 6221
f 5510 5509 12591
f 6223 5509 5510
f 5507 12589 5508
f 12589 529 530
f 5508 6222 6221
f 6222 5509 6223
f 5509 6222 5508
f 527 12583 526
f 556 3893 557
f 3893 3620 3621
f 557 3893 3621
f 3620 3893 3619
f 551 550 3617
f 550 549 3617
f 12604 550 551
f 550 12604 549
f 542 541 3614
f 543 542 3614
f 542 12600 541
f 548 547 3616
f 547 546 3616
f 546 545 3615
f 5436 5435 12533
f 5437 5436 12534
f 5436 12533 12534
f 12526 5430 5429
f 5431 5430 12527
f 5430 12526 12527
f 6146 6145 5426
f 12499 477 12500
f 476 12499 12498
f 12499 476 477
f 12523 5427 12522
f 12523 12522 490
f 5427 12523 5428
f 12523 12524 5428
f 491 12523 490
f 12524 12523 491
f 8887 8888 13087
f 13091 8894 8895
f 8894 13091 13090
f 13091 8895 13092
f 13091 4857 4856
f 4857 13091 13092
f 8241 8894 8893
f 9978 10438 9977
f 11246 10920 11247
f 11247 10920 11248
f 10920 10921 11248
f 13090 8892 8893
f 13089 8892 13090
f 4844 13085 4845
f 13085 4844 4843
f 9475 4844 4845
f 4844 9474 4843
f 4844 9475 9474
f 9974 9473 9474
f 13080 13079 8876
f 13084 13083 8881
f 13083 4842 4841
f 4842 13083 13084
f 4836 4835 13078
f 13079 4836 13078
f 4836 13079 4837
f 13077 8874 13078
f 8874 13077 8873
f 4835 13077 13078
f 8874 8875 13078
f 8875 13079 13078
f 13079 8875 8876
f 8217 6192 8218
f 8861 13068 8860
f 13068 8859 8860
f 8188 8189 8843
f 8842 8188 8843
f 8188 8842 8187
f 8189 8188 6170
f 8188 8187 6169
f 6170 8188 6169
f 8189 8844 8843
f 8844 13054 8843
f 8201 8202 8852
f 13064 8855 13065
f 8204 8855 8203
f 5442 12539 5443
f 6161 5442 5443
f 5442 5441 12538
f 12539 5442 12538
f 6153 5434 5435
f 12535 5438 5437
f 5438 12535 12536
f 5439 5438 12536
f 5440 12537 5441
f 5440 6158 5439
f 5444 12540 12541
f 5445 5444 12541
f 12540 5444 5443
f 5444 6161 5443
f 5448 5447 12543
f 5447 12542 12543
f 12542 5447 5446
f 5447 6164 5446
f 3628 3623 3622
f 3623 560 3622
f 560 3623 561
f 3627 3626 3625
f 3626 3627 3894
f 3627 3628 3894
f 10855 10856 11177
f 10855 11177 11176
f 10854 10855 11176
f 4331 10855 10854
f 11178 10858 10859
f 11177 10857 11178
f 10856 10857 11177
f 10857 10858 11178
f 10452 10451 9992
f 10451 10450 9991
f 9992 10451 9991
f 10451 13507 10450
f 13508 10452 13509
f 13508 13509 4408
f 13507 13508 4408
f 10451 13508 13507
f 13508 10451 10452
f 10448 9988 9989
f 9485 9486 9985
f 9984 9485 9985
f 9486 9485 4856
f 9980 10441 10440
f 9980 9981 10441
f 9979 9980 10440
f 9980 9979 9479
f 4855 4854 13090
f 4855 13091 4856
f 13091 4855 13090
f 9485 4855 4856
f 9981 9481 9982
f 4853 4854 9483
f 4853 13089 13090
f 4854 4853 13090
f 10443 13500 10442
f 10443 10444 13500
f 9982 10443 10442
f 9983 10443 9982
f 10444 10443 9984
f 10443 9983 9984
f 4403 13502 4404
f 13502 13503 4404
f 13503 4405 4404
f 4405 10925 4404
f 10925 4405 10926
f 4405 4406 10926
f 4406 13505 13506
f 9986 9487 9987
f 9487 9986 9486
f 9487 9488 9987
f 9488 9487 4858
f 9487 4857 4858
f 9487 9486 4857
f 8247 6220 6221
f 6220 5507 6221
f 6220 8246 6219
f 8246 6220 8247
f 8899 8246 8247
f 13094 4860 4859
f 4859 4860 9489
f 4860 9490 9489
f 463 462 4136
f 462 461 4136
f 462 463 12488
f 12487 462 12488
f 461 462 12487
f 464 12489 463
f 464 463 4136
f 465 464 4136
f 464 465 12490
f 12489 464 12490
f 12491 5392 5391
f 6098 8125 8124
f 8125 8785 8124
f 8125 8126 8786
f 8785 8125 8786
f 6094 6095 8121
f 6095 6094 5365
f 5366 6095 5365
f 5385 5384 12488
f 12489 5385 12488
f 5384 5383 12488
f 5383 5382 12488
f 5380 5379 12487
f 8139 8140 8811
f 5377 12486 5378
f 12486 5377 12485
f 5377 5376 12485
f 5375 5376 6104
f 5376 5375 12485
f 5375 12484 12485
f 5375 5374 12484
f 5374 5373 12484
f 6102 5373 5374
f 12483 5372 12482
f 12483 12482 456
f 5373 12483 12484
f 12483 5373 5372
f 457 12483 456
f 12483 457 12484
f 6103 6102 5374
f 6103 5375 6104
f 5375 6103 5374
f 6103 8128 6102
f 6101 6100 5371
f 5372 6101 5371
f 6100 6101 8127
f 6101 6102 8127
f 5373 6101 5372
f 6101 5373 6102
f 11195 11194 10882
f 11243 11194 11195
f 11246 11194 11245
f 10921 11249 11248
f 11249 10921 11250
f 10884 10883 4343
f 4342 10883 10882
f 4343 10883 4342
f 10883 11196 10882
f 11201 10885 10886
f 10885 11201 11200
f 10884 11199 11198
f 11199 11200 11233
f 10885 11199 10884
f 11199 10885 11200
f 13447 4344 4343
f 4344 10884 4343
f 4344 10885 10884
f 11244 11243 10918
f 11194 11244 11245
f 11244 11194 11243
f 11243 11242 10918
f 11242 11243 11195
f 11196 11239 11240
f 4346 10887 10886
f 11204 10887 11205
f 11220 10900 10901
f 11204 11226 11203
f 11225 11226 11204
f 8785 13020 8784
f 13020 13019 8784
f 13020 8785 13021
f 8135 8803 8134
f 8789 8790 13024
f 8788 8789 13024
f 8128 8789 8788
f 8788 8787 8127
f 8787 8126 8127
f 8126 8787 8786
f 8787 13022 8786
f 13022 8787 13023
f 8787 8788 13023
f 8130 8791 8790
f 9498 9499 9998
f 9498 9997 9497
f 9997 9498 9998
f 4868 9498 9497
f 9500 10000 9999
f 9499 9500 9999
f 9500 9501 10000
f 9500 9499 4870
f 4871 9500 4870
f 9501 9500 4871
f 9499 4869 4870
f 4869 13104 4870
f 4869 9498 4868
f 9498 4869 9499
f 10456 13512 10455
f 13513 13512 10456
f 13512 13511 10455
f 13512 4410 13511
f 13514 13513 10457
f 10458 9998 9999
f 10459 10458 9999
f 9998 10458 10457
f 10458 10459 13515
f 10458 13514 10457
f 13514 10458 13515
f 9492 9992 9991
f 9994 9495 9995
f 9494 9495 9994
f 13104 8909 8910
f 8909 8258 8910
f 8909 8257 8258
f 8901 13097 13096
f 7720 7721 4098
f 7720 7719 7543
f 7721 7720 7543
f 4100 419 418
f 4099 4100 418
f 419 4100 4101
f 4100 4099 7723
f 4100 7724 4101
f 4100 7723 7724
f 417 4099 418
f 12451 417 418
f 4098 417 416
f 4099 417 4098
f 4095 412 411
f 413 412 4095
f 12442 412 413
f 13008 8767 8768
f 8767 13008 8766
f 8767 8766 8107
f 8767 8108 8768
f 8108 8767 8107
f 12464 5351 12463
f 12464 432 12465
f 5352 12464 12465
f 5351 12464 5352
f 426 427 12460
f 428 427 4107
f 4107 427 4106
f 427 426 4106
f 5349 12462 12463
f 12462 5349 5348
f 4108 428 4107
f 4108 4107 7726
f 4109 4108 7726
f 430 4108 4109
f 4095 7712 7713
f 7711 7712 4095
f 7712 7711 7541
f 7712 7542 7713
f 7542 7712 7541
f 7709 7710 4095
f 7710 7711 4095
f 7540 7710 7709
f 7711 7710 7541
f 7710 7540 7541
f 7539 7540 7709
f 7539 7538 7540
f 7539 7707 7538
f 4094 7708 7709
f 7707 7708 4094
f 7708 7539 7709
f 7539 7708 7707
f 7538 7706 7537
f 7707 7706 7538
f 7706 7705 7537
f 7706 4093 7705
f 7706 7707 4093
f 7532 7533 7699
f 7533 7700 7699
f 7534 7533 7530
f 7533 7532 7530
f 7701 7533 7534
f 7700 7533 7701
f 7716 7715 7543
f 7715 7714 7543
f 7720 4097 7719
f 4097 7720 4098
f 415 4097 4098
f 4097 415 414
f 6067 6068 8093
f 6067 8092 6066
f 8092 6067 8093
f 6067 6066 5337
f 12450 12451 5339
f 417 12450 416
f 12450 417 12451
f 419 12453 418
f 12428 406 407
f 12425 405 406
f 405 4090 406
f 405 404 4089
f 4090 405 4089
f 408 407 4092
f 4093 408 4092
f 409 408 4093
f 410 4094 411
f 410 4093 4094
f 410 409 4093
f 8087 6062 6063
f 6062 5327 6063
f 8086 6062 8087
f 6062 8086 6061
f 5330 5331 6064
f 5331 5332 6064
f 5331 5330 12438
f 5332 12440 5333
f 5329 5330 6063
f 5328 5329 6063
f 5330 5329 12438
f 6060 6061 8085
f 8084 6060 8085
f 6061 6060 5324
f 6060 8083 6059
f 6060 8084 8083
f 10778 4318 10779
f 9371 9871 9370
f 9871 9371 9872
f 9871 10332 10331
f 10332 9871 9872
f 4741 4740 13005
f 4740 4739 13005
f 4739 4740 9370
f 4740 9371 9370
f 9371 4740 4741
f 9380 4750 4751
f 4752 9380 4751
f 10324 9864 10325
f 9364 4733 4734
f 9365 9364 4734
f 4733 9364 9363
f 9364 9864 9363
f 10326 9866 10327
f 9866 9365 9366
f 10771 4310 4311
f 4310 13422 4311
f 10319 13420 10318
f 11142 11485 11484
f 11141 11142 11484
f 11142 11486 11485
f 11486 11142 11487
f 11142 11488 11487
f 11142 11143 11488
f 10774 11142 10773
f 11143 11142 10774
f 10770 10771 11140
f 10770 4310 10771
f 10772 10771 4311
f 4312 10772 4311
f 10772 4312 10773
f 10771 10772 11141
f 11142 10772 10773
f 10772 11142 11141
f 11138 11472 11471
f 11138 11139 11472
f 11470 11138 11471
f 11138 11470 11469
f 11138 11469 11468
f 11139 11138 10767
f 4721 4722 9351
f 8747 8089 8090
f 8748 8747 8090
f 12993 8747 12994
f 8747 8748 12994
f 8750 12995 12994
f 13424 13425 4315
f 13425 13426 4316
f 4315 13425 4316
f 13425 13424 10327
f 10328 13425 10327
f 13425 10328 13426
f 9862 10323 10322
f 10322 10323 13422
f 10323 13423 13422
f 10323 10324 13423
f 9359 4728 4729
f 9359 9860 9859
f 9361 9362 9862
f 9362 4732 9363
f 4730 4729 12996
f 9853 9854 10317
f 9854 10318 10317
f 10318 9854 9855
f 9854 9353 9855
f 12994 4727 4726
f 4728 4727 12994
f 4727 9356 4726
f 9353 9354 9855
f 4725 9354 4724
f 9354 9353 4724
f 9352 9853 9351
f 9353 9352 4723
f 9352 9854 9853
f 9854 9352 9353
f 4722 9352 9351
f 9352 4722 4723
f 11134 10761 10762
f 10761 11134 11133
f 10760 10761 11133
f 4301 10760 10759
f 10763 4305 10764
f 10762 10763 11135
f 10763 11136 11135
f 10763 10764 11136
f 10754 10753 4295
f 4294 10753 10752
f 10753 4294 4295
f 10753 11127 10752
f 11127 10753 11128
f 10753 10754 11128
f 13407 4297 13406
f 4297 4296 13406
f 4297 13408 4298
f 4297 13407 13408
f 4296 4297 10755
f 10756 4297 4298
f 4297 10756 10755
f 12379 375 376
f 375 12379 12378
f 12376 5299 12375
f 5298 6015 5297
f 6015 6014 5297
f 12391 387 388
f 388 387 4076
f 387 386 4076
f 4076 385 384
f 386 385 4076
f 385 12387 384
f 381 12384 12383
f 382 12384 381
f 12383 12384 5303
f 390 12394 12393
f 5309 12394 12395
f 391 12394 390
f 12394 391 12395
f 12404 12405 5314
f 12400 5312 12399
f 394 12400 12399
f 5310 12395 12396
f 5310 5309 12395
f 12397 5310 12396
f 5310 6034 5309
f 6032 5309 6033
f 8061 6032 6033
f 6031 6032 8061
f 5308 12392 12393
f 12392 5308 5307
f 12394 5308 12393
f 5308 12394 5309
f 6032 5308 5309
f 5308 6031 5307
f 5308 6032 6031
f 7687 7686 7530
f 7687 4081 7686
f 4080 7685 7686
f 4081 4080 7686
f 4080 4081 396
f 4087 7691 7692
f 7692 7691 7530
f 7689 4085 4084
f 4084 4085 399
f 4085 400 399
f 4088 7693 7694
f 4088 4087 7693
f 4088 7694 4089
f 4088 4089 403
f 402 4088 403
f 4087 4088 402
f 12411 400 12412
f 400 12411 12410
f 4078 393 392
f 393 12397 392
f 393 394 12399
f 12956 12957 4691
f 12955 12956 4691
f 8687 12956 12955
f 12959 12960 4693
f 4692 12959 4693
f 8021 8022 8686
f 8022 8687 8686
f 8022 8021 5971
f 5972 8022 5971
f 12954 4690 12953
f 12955 12954 8686
f 12954 12955 4691
f 4690 12954 4691
f 4687 9316 4686
f 4687 4688 9316
f 4688 12949 4689
f 4696 9327 9326
f 9327 9819 9326
f 9327 9328 9820
f 9819 9327 9820
f 12968 4699 4698
f 12967 12968 4698
f 8702 12968 8701
f 12966 4696 12965
f 12966 12965 8697
f 8698 12966 8697
f 12966 8698 8699
f 12967 12966 8699
f 8700 12967 8699
f 12968 8700 8701
f 8700 12968 12967
f 12964 8696 12965
f 12964 4695 12963
f 12964 4696 4695
f 4696 12964 12965
f 9330 4701 9331
f 9329 9330 9823
f 9330 9824 9823
f 9824 9330 9331
f 4701 12972 12973
f 4712 9342 4711
f 9342 9341 4711
f 9342 4712 9343
f 9341 9342 9839
f 9841 9342 9343
f 8718 8719 12979
f 12978 8718 12979
f 8718 12978 8717
f 8718 8055 8719
f 8055 8718 8717
f 12978 8716 8717
f 8716 12977 8715
f 8716 12978 12977
f 9814 9321 9322
f 9320 9321 9814
f 9321 4692 9322
f 4692 9321 4691
f 9321 9320 4691
f 4283 13393 4284
f 13393 4283 13392
f 4682 9312 4681
f 9312 4682 4683
f 12939 4682 4681
f 9312 9311 4681
f 13397 10303 10304
f 10303 9810 9811
f 10304 10303 9811
f 4289 13398 4290
f 13397 13398 4289
f 13398 4291 4290
f 13398 13399 4291
f 13399 13398 10305
f 13398 10304 10305
f 13398 13397 10304
f 9808 10301 9807
f 9809 9808 9314
f 9808 9807 9313
f 9314 9808 9313
f 12408 398 399
f 6056 6055 5320
f 6057 6056 5320
f 6056 6057 8079
f 8078 6056 8079
f 6055 6056 8078
f 6052 5318 6053
f 8076 6052 6053
f 8075 6052 8076
f 5317 6049 5316
f 6049 5317 6050
f 12410 5317 5316
f 12411 5317 12410
f 5318 5317 12412
f 5317 12411 12412
f 5319 6054 6053
f 5318 5319 6053
f 6055 5319 5320
f 6054 5319 6055
f 5315 6045 5314
f 6045 6044 5314
f 6038 8065 8064
f 8065 8066 8729
f 8065 8728 8064
f 8065 8729 8728
f 6039 8065 6038
f 8065 6040 8066
f 6039 6040 8065
f 6040 6039 5312
f 8057 8720 8056
f 8720 8057 8721
f 8057 8058 8721
f 6025 8057 8056
f 8057 6025 6026
f 8058 6027 6028
f 6027 8057 6026
f 8057 6027 8058
f 8735 12988 8734
f 12988 8735 12989
f 8735 8736 12989
f 8074 8735 8734
f 8075 8735 8074
f 8735 8075 8076
f 8736 8735 8076
f 8736 8737 12989
f 8737 12990 12989
f 12990 8737 8738
f 8737 8078 8079
f 8738 8737 8079
f 8078 8737 8077
f 8737 8736 8077
f 8081 8738 8080
f 8081 8739 8738
f 8739 8081 8082
f 8082 8081 6058
f 8081 6057 6058
f 6057 8081 8080
f 4720 12990 4721
f 12990 4720 4719
f 9350 4720 4721
f 9347 9848 9847
f 9849 9848 9347
f 9852 9851 9350
f 10316 9851 9852
f 9348 9849 9347
f 9348 4718 4719
f 4718 9348 9347
f 9842 9841 9343
f 9344 9842 9343
f 9842 9344 9843
f 9345 4714 4715
f 9345 9344 4714
f 6037 6038 8064
f 6036 6037 8064
f 5310 6037 6036
f 6035 6036 8063
f 6035 8063 8062
f 6034 6035 8062
f 5310 6035 6034
f 6035 5310 6036
f 11534 11533 11158
f 11535 11534 11158
f 11534 11513 11533
f 11513 11534 11535
f 10805 11159 11158
f 10805 10806 11159
f 10806 10805 4327
f 10813 4327 4328
f 11168 11169 11543
f 11167 11168 11543
f 11167 10827 10828
f 10827 4330 10828
f 10827 4329 4330
f 11540 11163 11541
f 11157 11531 11156
f 11157 11532 11531
f 11157 11156 10799
f 11533 11157 11158
f 11532 11157 11533
f 11157 10802 11158
f 10792 10791 4324
f 4325 10792 4324
f 4324 10790 10789
f 10791 10790 4324
f 10794 10795 11155
f 10795 10796 11155
f 4325 10795 10794
f 10795 4325 10796
f 10797 10798 11156
f 10796 10797 11156
f 4325 10797 10796
f 10798 10797 4326
f 10797 4325 4326
f 11519 11518 11152
f 11153 11519 11152
f 11519 11153 11520
f 11151 11515 11514
f 11516 11515 11151
f 11515 11532 11514
f 11532 11515 11531
f 11531 11515 11530
f 11515 11516 11530
f 11528 11527 11155
f 11527 11528 11518
f 11519 11527 11518
f 11156 11529 11155
f 11529 11528 11155
f 11529 11156 11530
f 11516 11529 11530
f 11529 11516 11517
f 11528 11529 11517
f 11153 11521 11520
f 11522 11521 11153
f 11154 11522 11153
f 11154 10792 11155
f 10792 11154 10791
f 11154 10790 10791
f 11154 11153 10789
f 10790 11154 10789
f 11512 11535 11536
f 11512 11513 11535
f 11150 11512 11511
f 11512 11150 11151
f 11513 11512 11151
f 11538 11537 11161
f 10344 10343 9884
f 9883 10343 10342
f 9884 10343 9883
f 10343 10344 13440
f 10343 13439 10342
f 13439 10343 13440
f 8120 6094 8121
f 8120 8121 8781
f 8780 8120 8781
f 8119 8120 8780
f 9890 9889 9391
f 9392 9890 9391
f 9890 9392 9891
f 9890 10348 9889
f 10349 9890 9891
f 10348 9890 10349
f 4765 4766 9394
f 4766 4765 13024
f 13025 4766 13024
f 4766 13025 4767
f 8790 13025 13024
f 8791 13025 8790
f 13026 13025 8791
f 13026 8792 8793
f 8792 13026 8791
f 4781 13030 13031
f 9894 9893 9396
f 13015 4756 4755
f 4756 4757 9385
f 4757 4756 13016
f 4756 13015 13016
f 9384 4756 9385
f 4755 4756 9384
f 8783 8122 8123
f 6095 8122 8121
f 8122 8782 8121
f 8122 8783 8782
f 10870 10871 11181
f 10869 10870 11181
f 10867 11180 11179
f 13440 4334 4333
f 4334 10870 10869
f 4337 10874 4336
f 4337 10875 10874
f 13443 4337 4336
f 10875 4337 10876
f 10880 10881 11193
f 11194 10881 10882
f 10881 11194 11193
f 11191 10880 11192
f 10344 13441 13440
f 13441 4334 13440
f 9886 10345 9885
f 10345 10344 9885
f 10345 13441 10344
f 10345 10346 13442
f 13441 10345 13442
f 10346 9887 9888
f 9888 9887 9389
f 9887 9388 9389
f 9388 9887 9886
f 9887 10345 9886
f 10345 9887 10346
f 10849 10850 11173
f 10850 10849 4331
f 11168 10831 11169
f 4331 10837 4330
f 13517 10461 13518
f 13516 13517 4413
f 13517 13518 4413
f 10932 10933 11268
f 11268 10933 11269
f 10933 10934 11269
f 6089 5360 6090
f 5359 5360 6089
f 5360 6091 6090
f 6091 5360 5361
f 5361 5360 12472
f 5360 12471 12472
f 5360 5359 12471
f 5420 5419 12515
f 12517 486 487
f 12518 12517 487
f 475 476 12498
f 12497 475 12498
f 475 12497 474
f 475 474 4136
f 476 475 4136
f 468 469 12493
f 469 468 4136
f 12492 468 12493
f 12494 469 470
f 469 12494 12493
f 12494 5398 12493
f 472 473 12496
f 12497 473 474
f 473 12497 12496
f 473 472 4136
f 474 473 4136
f 471 472 12495
f 471 12494 470
f 12494 471 12495
f 12505 482 483
f 12505 12510 12511
f 446 4127 447
f 4126 4127 446
f 4127 4123 4122
f 4123 4127 4126
f 6099 5370 6100
f 6099 8125 6098
f 6099 6098 5369
f 5370 6099 5369
f 8126 6099 6100
f 8125 6099 8126
f 12481 455 12482
f 12481 454 455
f 5370 12481 12482
f 453 12481 12480
f 454 12481 453
f 12481 5369 12480
f 12481 5370 5369
f 12149 12148 6580
f 11678 12149 11677
f 12148 12149 11679
f 12149 11678 11679
f 12149 11676 11677
f 11675 12149 6580
f 11676 12149 11675
f 11681 11680 11651
f 11680 11679 11650
f 11651 11680 11650
f 11680 12148 11679
f 11680 11681 12148
f 11683 11682 11651
f 11682 11681 11651
f 11682 11683 12147
f 11681 11682 12147
f 2466 170 2465
f 170 169 2465
f 2464 168 2463
f 169 168 2464
f 154 7503 153
f 7503 154 155
f 155 154 1102
f 159 7508 7507
f 7511 7519 7520
f 7510 7511 7520
f 7510 7522 7509
f 161 7510 7509
f 7510 161 162
f 7511 7510 162
f 7522 7523 7529
f 7523 168 169
f 168 7523 7522
f 984 985 2479
f 2478 984 2479
f 984 2478 983
f 985 984 1123
f 984 983 1122
f 1123 984 1122
f 986 2480 2479
f 986 1125 987
f 1125 986 1124
f 986 985 1124
f 1119 1120 981
f 1120 1119 12162
f 1119 1118 12162
f 980 1119 981
f 1119 980 1118
f 980 2476 2475
f 2476 980 981
f 979 978 1117
f 1118 979 1117
f 980 979 1118
f 979 980 2475
f 2474 979 2475
f 978 979 2474
f 974 1112 1113
f 974 973 1112
f 975 974 1113
f 973 974 2470
f 974 2471 2470
f 974 975 2471
f 978 1116 1117
f 977 1116 978
f 1116 977 1115
f 1116 1115 12162
f 1117 1116 12162
f 6686 7118 7119
f 7118 6686 7117
f 7118 13714 7119
f 13714 7118 7117
f 6686 7045 7117
f 7127 2255 7128
f 6696 7127 7128
f 6693 7052 7051
f 6693 6694 7052
f 6694 6695 7053
f 6695 7054 7053
f 7054 6695 6696
f 6695 7127 6696
f 3596 3597 13693
f 3597 3598 13694
f 13693 3597 13694
f 3597 7079 3598
f 3597 3596 7079
f 13691 3595 13692
f 3595 3596 13692
f 13686 3588 3589
f 3589 3588 7068
f 7041 3569 7040
f 3569 3568 7040
f 3567 7038 7039
f 3568 3567 7039
f 7038 3567 7037
f 3574 3573 7047
f 7045 3573 3572
f 3573 3574 13679
f 3572 3573 13679
f 7113 7042 7041
f 7042 7114 7043
f 7042 7113 7114
f 13674 3377 13673
f 3377 13674 3378
f 3181 3377 3378
f 3375 3374 13672
f 3374 3375 3176
f 3175 3374 3176
f 13674 3379 3378
f 3184 3379 3380
f 3183 3379 3184
f 3182 3181 3378
f 3379 3182 3378
f 3182 3379 3183
f 7134 6704 7133
f 7062 6704 7063
f 6706 7135 7136
f 7135 7134 13717
f 7135 13718 7136
f 7135 13717 13718
f 7137 6708 7136
f 6708 6707 7136
f 6708 7137 6709
f 6708 6709 7068
f 7065 7064 6706
f 7064 3586 7063
f 7064 7065 3586
f 7067 6708 7068
f 6708 7067 6707
f 3588 7067 7068
f 6707 7066 6706
f 7066 7065 6706
f 7067 7066 6707
f 7066 7067 3588
f 11903 1800 11902
f 1800 1799 11902
f 1800 11903 1801
f 1794 1800 1801
f 1800 1794 1795
f 1799 1800 1795
f 2081 2080 2192
f 1969 2080 2081
f 2080 2079 2192
f 2080 1969 1968
f 2079 2080 1968
f 1967 2077 2078
f 2079 1967 2078
f 1967 2079 1968
f 1967 11890 11889
f 11890 1967 1968
f 6774 7175 7176
f 7175 6774 6918
f 2279 2074 2186
f 2070 2071 1960
f 2281 2282 13766
f 13767 7178 13766
f 2282 13767 13766
f 13767 2282 2283
f 13768 13767 2283
f 7179 13769 6776
f 7179 13768 13769
f 7178 7179 6776
f 13767 7179 7178
f 7179 13767 13768
f 2185 2280 2186
f 2280 2279 2186
f 2279 2280 13764
f 1961 2071 1962
f 2071 1961 1960
f 1961 11882 1960
f 11883 11884 1786
f 11884 11883 1962
f 11883 1786 1785
f 11882 11883 1785
f 11883 1961 1962
f 1961 11883 11882
f 1963 1962 2072
f 1963 11884 1962
f 1788 11885 1789
f 11884 11885 1788
f 1963 11885 11884
f 1668 1667 1756
f 1668 1756 1757
f 1669 1668 1757
f 1350 1406 1407
f 1406 1350 1349
f 1405 1406 1349
f 1406 1405 1468
f 1407 1406 1469
f 1406 1468 1469
f 1569 11775 1568
f 11776 11775 1569
f 11775 11776 1467
f 11774 11775 1467
f 11775 11774 1567
f 1568 11775 1567
f 2052 2051 2164
f 2051 2163 2164
f 1935 2051 1936
f 2051 2052 1936
f 2051 1935 2050
f 2163 2051 2050
f 7005 7004 13830
f 7250 7005 13830
f 3542 7005 3543
f 7005 3542 3541
f 7004 7005 3541
f 1847 1848 1733
f 1848 1847 11820
f 1847 11819 11820
f 1847 1733 1732
f 1230 11692 11693
f 1286 11692 1285
f 11692 1286 11693
f 1390 1333 1450
f 1334 1333 1390
f 1284 1333 1334
f 11688 11689 1276
f 1276 11689 1277
f 11689 11690 1277
f 1331 1387 1388
f 1275 11688 1227
f 1274 1275 1225
f 1422 1486 1361
f 1360 1422 1361
f 1422 1360 1421
f 1485 1422 1421
f 1681 1590 1772
f 1682 1681 1772
f 1888 1774 1773
f 1889 1774 1888
f 1248 11714 1249
f 1154 1153 1188
f 1154 1189 1155
f 1189 1154 1188
f 1187 1152 1151
f 1153 1152 1188
f 1152 1187 1188
f 4200 1149 1150
f 1230 1229 1277
f 1229 1149 1183
f 1229 1228 1277
f 1228 1229 1183
f 11694 1232 1231
f 1232 1185 1231
f 1187 1232 1233
f 1232 11695 1233
f 11695 1232 11694
f 11695 11696 1233
f 11694 1287 1288
f 1287 1336 1288
f 1287 11694 11693
f 1286 1287 11693
f 1287 1286 1335
f 1336 1287 1335
f 1394 1455 1395
f 1338 1394 1395
f 1455 1394 1454
f 1340 1396 1397
f 1396 1340 1395
f 1245 1244 11708
f 1244 1243 11707
f 11708 1244 11707
f 1198 1199 1159
f 1199 1198 1247
f 1238 11701 11702
f 1237 11701 1238
f 11702 11701 1293
f 11705 1242 1241
f 11706 1242 11705
f 1242 11706 1243
f 1242 1195 1241
f 1196 1242 1243
f 1195 1242 1196
f 1298 11705 1297
f 1298 11706 11705
f 11706 1298 1299
f 1298 1347 1299
f 1298 1297 1346
f 1347 1298 1346
f 11704 11703 1296
f 11702 11703 1239
f 11685 1272 1271
f 1272 11685 1273
f 1271 1272 1222
f 1223 1176 1222
f 1272 1223 1222
f 1224 1223 1273
f 1223 1272 1273
f 1178 1224 1225
f 1178 1225 1179
f 11735 11734 1327
f 1432 1433 1373
f 1432 1497 1433
f 1497 1432 1496
f 1589 1680 1886
f 1680 1771 1886
f 1680 1589 11796
f 1588 1680 11796
f 1680 1588 1679
f 1770 1680 1679
f 1771 1680 1770
f 1886 1885 11862
f 1771 1885 1886
f 11862 1885 11861
f 1885 1884 11861
f 1885 1770 1884
f 1885 1771 1770
f 1258 11725 11726
f 1591 1681 1682
f 1364 1311 1423
f 1424 1364 1423
f 1489 1426 1425
f 1553 11760 1552
f 11760 11759 1552
f 11759 11760 1453
f 1453 11760 1454
f 11760 11761 1454
f 11761 11760 1553
f 1738 1737 1851
f 1850 1737 1736
f 1737 1850 1851
f 1737 1649 1736
f 1737 1738 1649
f 1735 1849 1736
f 1849 1850 1736
f 1850 1849 11822
f 1849 11821 11822
f 1849 1848 11821
f 1849 1735 1734
f 1848 1849 1734
f 13826 7234 7233
f 7235 7234 13826
f 7234 6832 7233
f 6832 7234 6833
f 7234 7235 6833
f 7236 13826 7237
f 7236 7235 13826
f 6834 7236 7237
f 7236 6834 6833
f 7235 7236 6833
f 6835 6834 7237
f 7238 6835 7237
f 6835 6979 6978
f 6834 6835 6978
f 1257 11725 1258
f 4158 1171 1172
f 4189 4146 4147
f 1162 1203 1163
f 1162 1161 1203
f 1157 4224 1156
f 4224 1157 1159
f 1213 1258 1259
f 1214 1213 1259
f 11727 1259 11726
f 11727 11728 1259
f 1357 1358 1304
f 1303 1357 1304
f 1356 1357 1303
f 1357 1418 1358
f 1417 1357 1356
f 1418 1357 1417
f 1207 1253 1254
f 1254 1253 11721
f 1253 11720 11721
f 1165 4145 4144
f 1889 11867 1890
f 1776 1777 1685
f 11801 1777 1595
f 1777 11801 1685
f 1777 1776 1892
f 1655 1564 1654
f 1564 1563 1654
f 11771 1564 1565
f 1564 1656 1565
f 1656 1564 1655
f 1461 1462 1399
f 1462 1400 1399
f 1462 11768 11769
f 11768 1462 1461
f 2144 2330 2145
f 2150 2324 2040
f 2324 2150 13815
f 2038 2149 1922
f 2149 2039 1922
f 13816 2149 2326
f 2149 2038 2326
f 2041 1924 2040
f 1924 2041 1925
f 11839 1924 1925
f 11838 1924 11839
f 11836 1923 11837
f 1923 11836 2039
f 1924 1923 2040
f 1923 2150 2040
f 2150 1923 2039
f 1923 11838 11837
f 1923 1924 11838
f 1749 1750 1661
f 1751 1750 1864
f 1864 1750 1863
f 1750 1749 1863
f 1573 1664 1574
f 1573 1574 11781
f 11780 1573 11781
f 11787 1581 11788
f 1581 11787 1580
f 1672 1581 1580
f 1582 11790 11789
f 1582 1583 11790
f 1582 11789 11788
f 1581 1582 11788
f 1582 1581 1674
f 1582 1674 1675
f 1583 1582 1675
f 1585 1676 1677
f 11793 1585 1677
f 11792 1585 11793
f 1676 1767 1677
f 1767 1768 1677
f 1768 1767 1882
f 1767 1766 1882
f 1767 1675 1766
f 1767 1676 1675
f 11852 11853 1878
f 1879 11853 11854
f 1878 11853 1879
f 11853 1939 11854
f 1939 11853 1938
f 11853 11852 1938
f 11855 11856 1880
f 11856 1881 1880
f 11856 11857 1881
f 11857 11856 1942
f 11856 1941 1942
f 11856 11855 1941
f 6854 7083 7082
f 7083 7084 7082
f 7084 7083 6854
f 7087 6854 7088
f 7087 7086 6854
f 7087 7088 7082
f 7086 7087 7082
f 13696 2358 13697
f 7253 13696 13697
f 2357 13696 13695
f 2358 13696 2241
f 13696 2357 2241
f 7252 6854 6853
f 7252 7253 6854
f 7252 13696 7253
f 13696 7252 13695
f 1839 11810 11811
f 11810 1839 1838
f 11810 1898 11811
f 11810 1838 1837
f 11931 1828 11930
f 1829 11931 11932
f 11931 1829 1714
f 1828 11931 1714
f 11931 2004 11932
f 2004 11931 11930
f 11937 1833 1832
f 1833 11937 1834
f 11938 11937 2009
f 11937 11938 1834
f 591 590 3657
f 591 12629 590
f 12629 591 592
f 3662 3663 598
f 3663 3662 7653
f 7654 3663 7653
f 597 3662 598
f 7653 7652 7651
f 7652 3662 7651
f 3662 7652 7653
f 5546 12626 12627
f 5547 5546 12627
f 6261 5548 6262
f 6261 5547 5548
f 6261 5546 5547
f 5549 5550 6263
f 5548 5549 6262
f 5549 6263 6262
f 5549 5548 12630
f 5550 12631 12632
f 12631 594 12632
f 12631 5549 12630
f 5549 12631 5550
f 593 12631 12630
f 594 12631 593
f 578 579 12619
f 579 578 3648
f 579 3649 580
f 579 3648 3649
f 12617 12618 5537
f 12618 578 12619
f 578 12618 577
f 12618 12617 577
f 2360 13698 2359
f 2359 13698 13697
f 13698 7253 13697
f 6855 7254 6856
f 13702 7254 13701
f 13701 7254 13700
f 6856 7254 6857
f 7254 13702 13703
f 7254 6855 7253
f 13698 7254 7253
f 6857 7254 6858
f 13704 7254 13703
f 7254 6859 6858
f 7254 13704 6859
f 13702 2363 13703
f 13704 2364 2365
f 2364 2234 2365
f 2364 13704 13703
f 2363 2364 13703
f 2235 2236 2116
f 2234 2235 2116
f 2235 2363 2236
f 2364 2235 2234
f 2235 2364 2363
f 7658 3666 7657
f 3666 3665 7657
f 3666 7658 3667
f 3665 3666 601
f 5566 6281 6280
f 12648 5567 12647
f 5567 5566 12647
f 5568 5567 12648
f 5567 6281 5566
f 599 12635 598
f 600 599 3664
f 3663 599 598
f 599 3663 3664
f 12638 5558 5557
f 12638 5557 5556
f 12637 12638 5556
f 12636 600 601
f 12637 12636 601
f 599 12636 12635
f 12636 599 600
f 5555 12636 12637
f 12636 5554 12635
f 12636 5555 5554
f 12634 5553 5552
f 12633 12634 5552
f 5553 12634 12635
f 12635 12634 598
f 12634 597 598
f 597 12634 12633
f 594 3660 595
f 3664 7655 7656
f 7656 7655 7651
f 7655 7654 7651
f 8298 6270 8299
f 6275 5560 6276
f 5560 6275 5559
f 6270 6271 8299
f 6271 6270 5556
f 5557 6271 5556
f 5550 5551 6264
f 5551 6265 6264
f 6265 5551 5552
f 5551 5550 12632
f 5551 12633 5552
f 12633 5551 12632
f 8291 8290 6264
f 6265 8291 6264
f 8291 6265 8292
f 13123 8956 8957
f 8956 13123 13122
f 8963 8309 8310
f 8963 8311 8964
f 8963 8310 8311
f 13127 8963 8964
f 8960 13125 13124
f 13125 8960 8961
f 8307 6279 6280
f 8307 8306 6279
f 8960 8307 8961
f 8307 8960 8306
f 6277 8305 6276
f 8306 8305 6277
f 12641 5560 12640
f 605 12641 12640
f 12641 12642 5561
f 5560 12641 5561
f 12641 605 606
f 12642 12641 606
f 8288 8941 8940
f 8287 8288 8940
f 8941 8288 8289
f 6261 8288 8287
f 8288 6262 8289
f 8288 6261 6262
f 8286 6258 6259
f 13116 4881 13115
f 4882 13116 13117
f 13116 4882 4881
f 4884 4883 13118
f 13118 4883 13117
f 4883 4882 13117
f 4882 4883 9512
f 4883 9513 9512
f 4883 4884 9513
f 8931 13114 8930
f 8931 8932 13114
f 8931 8276 8932
f 8935 13116 13115
f 8929 8928 8273
f 8928 8927 8273
f 13113 8928 8929
f 8927 8928 13113
f 8271 8270 6244
f 8270 8269 6243
f 6244 8270 6243
f 8270 8922 8269
f 8271 8925 8924
f 8924 8925 13113
f 5524 12606 12607
f 12607 12606 557
f 12606 556 557
f 12606 5523 12605
f 5523 12606 5524
f 5523 6236 6235
f 5523 5524 6236
f 12608 5525 12607
f 5525 12608 5526
f 5525 5524 12607
f 6238 5525 5526
f 5525 6238 6237
f 5524 5525 6237
f 549 12603 548
f 12604 12603 549
f 12603 547 548
f 5520 12603 5521
f 12603 12604 5521
f 6242 8268 8267
f 6241 6242 8267
f 8268 6242 6243
f 6242 6241 5529
f 6242 5530 6243
f 5530 6242 5529
f 6241 5528 5529
f 12610 5528 5527
f 5529 5528 12611
f 5528 12610 12611
f 6240 8265 6239
f 6240 6239 5527
f 6240 6241 8266
f 8265 6240 8266
f 5528 6240 5527
f 6240 5528 6241
f 8915 8914 8263
f 8915 8264 8916
f 8915 8263 8264
f 8914 8915 13109
f 13110 8915 8916
f 13109 8915 13110
f 5533 6246 5532
f 5533 12615 5534
f 8276 6247 6248
f 5533 6247 6246
f 6248 6247 5534
f 6247 5533 5534
f 8929 8274 8930
f 8274 8929 8273
f 6246 8274 8273
f 6247 8274 6246
f 5536 12617 5537
f 12617 5536 12616
f 5536 5535 12616
f 5538 12618 12619
f 12618 5538 5537
f 6253 5538 6254
f 5538 6253 5537
f 583 12623 582
f 12623 12622 582
f 12623 583 12624
f 5543 12623 12624
f 12622 12623 5543
f 581 12621 580
f 12622 12621 581
f 12621 12622 5542
f 12614 572 573
f 12615 12614 573
f 12614 571 572
f 12614 5533 5532
f 5533 12614 12615
f 7743 7363 7744
f 7362 7363 7742
f 7363 7743 7742
f 682 3746 683
f 3745 682 681
f 678 679 12698
f 3742 679 678
f 12697 678 12698
f 7741 7740 7361
f 7741 7362 7742
f 7741 7361 7362
f 3760 7741 7742
f 3762 7743 7744
f 3747 3746 7727
f 3746 3747 683
f 3749 7728 7729
f 7728 3749 7727
f 7729 7728 7357
f 7728 7727 7357
f 3909 689 3752
f 3750 3749 7729
f 3746 3908 7727
f 3908 3745 7727
f 682 3908 3746
f 3908 682 3745
f 11984 11604 11985
f 11982 11983 11985
f 11983 11984 11985
f 3756 692 3755
f 3756 7738 3757
f 3886 3887 852
f 3883 3884 848
f 3882 3883 848
f 3883 7891 3884
f 3883 3882 7890
f 7891 3883 7890
f 7895 7894 7482
f 7481 7894 7893
f 7482 7894 7481
f 7894 3886 7893
f 7894 3887 3886
f 7894 7895 3888
f 3887 7894 3888
f 7886 3878 3877
f 7885 7886 3877
f 3924 7886 7887
f 3878 7886 3924
f 7886 7472 7887
f 7886 7471 7472
f 7471 7886 7470
f 7469 7885 7468
f 7886 7469 7470
f 7469 7886 7885
f 7885 7466 7467
f 3857 831 830
f 831 3859 832
f 7449 7450 7867
f 7454 7871 7453
f 7437 7436 115
f 7438 7437 115
f 7433 7432 115
f 7434 7433 115
f 7436 7435 115
f 7435 7434 115
f 114 113 115
f 112 111 115
f 113 112 115
f 107 7425 106
f 7425 7424 106
f 7424 7425 7827
f 7442 7857 7441
f 6540 6541 8535
f 11638 11619 11637
f 9670 5042 9671
f 10559 10558 10101
f 10559 13590 13589
f 10558 10559 13589
f 11612 11395 11396
f 7881 3873 3872
f 7462 7881 7461
f 3878 844 843
f 3879 844 3878
f 5836 12838 5837
f 12838 12839 5837
f 847 12839 846
f 12840 12839 847
f 8559 6564 6565
f 841 12836 12835
f 841 3873 3874
f 7884 3876 7883
f 7884 7466 7885
f 7884 7885 3877
f 3876 7884 3877
f 7884 7883 7465
f 7466 7884 7465
f 12830 5812 12829
f 10205 10204 9722
f 10671 10205 10672
f 10205 10671 10204
f 10202 10203 10669
f 9720 10203 10202
f 13330 9223 9224
f 9223 8563 9224
f 13329 13330 5106
f 8537 6542 6543
f 5812 6542 6541
f 8537 8538 9199
f 8539 8538 6543
f 8538 8537 6543
f 6541 8536 8535
f 6542 8536 6541
f 8536 6542 8537
f 8986 8985 8333
f 8334 8986 8333
f 8985 8986 13149
f 5596 6309 5595
f 13152 13153 4918
f 8990 8991 13154
f 13153 8990 13154
f 8979 8328 8980
f 6301 8326 6300
f 8328 6302 6303
f 6302 6301 5589
f 5590 6302 5589
f 6302 5590 6303
f 5592 12666 5593
f 5592 5591 12666
f 5592 6306 6305
f 6306 5592 5593
f 6304 5592 6305
f 5591 5592 6304
f 639 12670 638
f 12670 639 640
f 3701 639 638
f 639 3702 640
f 3702 639 3701
f 641 12671 640
f 12671 12670 640
f 12670 12671 5598
f 5597 12670 5598
f 12670 5597 5596
f 6311 5597 5598
f 3700 637 3699
f 637 636 3699
f 637 3700 638
f 12669 637 638
f 637 12669 12668
f 636 637 12668
f 642 641 3903
f 642 12671 641
f 642 3704 3705
f 3704 642 3903
f 6312 6311 5598
f 11326 10978 11327
f 13539 10489 10490
f 10489 10030 10490
f 13538 4431 4430
f 13538 13539 4431
f 13538 10489 13539
f 4432 13540 4433
f 13539 13540 4432
f 13540 13541 4433
f 13540 13539 10491
f 13540 10492 13541
f 13540 10491 10492
f 8964 8965 13128
f 8965 13129 13128
f 8965 8966 13129
f 8965 8964 8312
f 13130 4896 4895
f 13129 13130 4895
f 8966 13130 13129
f 3902 3695 631
f 3695 3902 3694
f 630 3902 631
f 3694 3902 3693
f 3902 629 3693
f 3902 630 629
f 3669 3668 7662
f 3668 3669 3899
f 7663 3669 7662
f 3669 7663 3670
f 606 3669 3670
f 3899 3669 606
f 12645 5565 5564
f 5565 5566 6280
f 5565 12646 5566
f 5565 12645 12646
f 6279 5565 6280
f 5564 5565 6279
f 3681 3680 7673
f 3680 3900 7673
f 3677 7670 7671
f 3686 3685 7675
f 623 12658 12657
f 5581 6294 6293
f 5580 5581 6293
f 12658 5581 5580
f 5577 6291 6290
f 5577 12656 12657
f 5585 6297 5584
f 8314 6287 6288
f 5572 5573 6286
f 5571 5572 6286
f 9515 10014 9514
f 10014 9515 9516
f 4886 9515 9514
f 9515 4886 4887
f 9516 9515 4887
f 4888 4889 9517
f 4889 9518 9517
f 4889 4888 13124
f 4891 9520 9519
f 4891 13126 4892
f 13126 4891 13125
f 9521 4891 4892
f 9520 4891 9521
f 10487 10486 10027
f 10486 10026 10027
f 13535 10483 10484
f 13536 13535 10484
f 10482 13535 13534
f 10483 13535 10482
f 13535 13536 4428
f 13535 4427 13534
f 4427 13535 4428
f 10503 10044 10504
f 10044 10045 10504
f 10043 10044 10502
f 10044 10503 10502
f 10045 10044 9545
f 10044 9544 9545
f 10044 10043 9544
f 10046 10505 10045
f 10046 10045 9546
f 10046 9546 9547
f 10047 10046 9547
f 10495 13543 10494
f 10495 10036 10496
f 10495 10496 13544
f 13543 10495 13544
f 10495 10035 10036
f 10035 10495 10494
f 10034 10035 10494
f 10034 10493 10033
f 10493 10034 10494
f 10035 10034 9535
f 10049 10508 10048
f 10507 10047 10048
f 10508 10507 10048
f 10507 10508 13550
f 11346 10996 11347
f 10996 11346 10995
f 675 676 12695
f 676 3738 3739
f 676 675 3738
f 9022 9023 13178
f 11348 11568 11347
f 11570 11569 11349
f 11569 11348 11349
f 11348 11569 11568
f 11568 11569 11958
f 11960 11569 11570
f 9024 8372 9025
f 9577 4947 4948
f 3143 3142 3350
f 3143 3351 3144
f 3351 3143 3350
f 3149 3143 3144
f 3142 3143 3149
f 3141 3150 3139
f 3141 3142 3150
f 3552 3551 7017
f 3551 13657 3550
f 7018 7019 3553
f 3552 7018 3553
f 7018 3552 7017
f 6681 7018 7017
f 7018 7108 7019
f 7108 7018 6681
f 3545 3544 7011
f 3546 3545 7011
f 3545 13650 3544
f 3545 3546 13650
f 13652 3547 13653
f 13652 3546 3547
f 7016 6681 7017
f 3551 7016 7017
f 7016 3551 3550
f 7013 3548 3547
f 3557 3556 7023
f 7024 3557 7023
f 3557 7024 3558
f 3359 3360 3157
f 13658 13659 3357
f 3551 13658 13657
f 13658 3552 13659
f 13658 3551 3552
f 3361 13661 3362
f 3360 3361 3158
f 3361 3159 3158
f 3159 3361 3362
f 13660 13659 3553
f 13661 13660 3553
f 13660 3359 13659
f 3359 13660 3360
f 13660 3361 3360
f 3361 13660 13661
f 2222 2104 2221
f 2222 2223 2105
f 2104 2222 2105
f 2224 2244 2225
f 2224 2223 2244
f 2224 2225 2106
f 2105 2224 2106
f 2223 2224 2105
f 2108 2109 1995
f 1994 2108 1995
f 2108 1994 2228
f 2229 2228 2243
f 2229 2243 2242
f 2229 2108 2228
f 2108 2229 2109
f 2109 2229 1996
f 11921 11922 1817
f 11922 11921 1996
f 11921 1817 1995
f 1996 11921 1995
f 3350 3349 13653
f 3349 13652 13653
f 13652 3349 3348
f 3142 3349 3350
f 3141 3349 3142
f 3349 3141 3348
f 3167 3173 3166
f 3171 3172 3168
f 3167 3172 3173
f 3172 3167 3168
f 3169 3168 3370
f 3169 3171 3168
f 3368 3369 3166
f 3369 3167 3166
f 3161 3364 3162
f 3372 3172 3171
f 3173 3372 3373
f 3172 3372 3173
f 13671 3374 3373
f 3374 13671 13672
f 3372 13671 3373
f 13671 3372 13670
f 13672 13671 3562
f 3561 7029 3562
f 7029 3561 7028
f 13671 3561 3562
f 3561 13671 13670
f 3153 3159 3160
f 3152 3153 3160
f 3153 3154 3159
f 3154 3153 3357
f 13788 2298 13789
f 13788 13787 2298
f 13788 13789 7192
f 13787 13788 7192
f 1605 1604 1690
f 1604 1605 1610
f 1605 1609 1610
f 1608 1609 1607
f 1994 11920 11919
f 1816 11920 1817
f 11920 1816 11919
f 1817 11920 1995
f 11920 1994 1995
f 6779 7181 7182
f 6779 6924 3467
f 6779 3467 6778
f 7181 6779 6778
f 13772 13771 2284
f 7181 13771 13772
f 13771 13770 2284
f 13771 7180 13770
f 13771 7181 7180
f 13776 2287 2288
f 2286 2287 13776
f 2287 2286 2181
f 2287 2180 2288
f 2180 2287 2181
f 6784 6928 6927
f 6783 6784 6927
f 7187 6784 7186
f 6784 7185 7186
f 7185 6784 6783
f 6782 6926 6781
f 6782 6781 7184
f 6782 6783 6927
f 6926 6782 6927
f 7185 6782 7184
f 6782 7185 6783
f 6926 6925 6781
f 6925 6926 3469
f 6924 6925 3469
f 13780 13781 7188
f 13781 13780 2292
f 13780 2291 2292
f 7191 6788 6787
f 7190 7191 6787
f 6788 7191 7192
f 7191 13787 7192
f 13787 7191 13786
f 7191 7190 13786
f 2065 2177 2178
f 1956 2065 2178
f 2177 2065 2064
f 2065 1956 2064
f 1706 1619 1618
f 1706 1618 1617
f 1705 1706 1617
f 1523 1600 1601
f 1600 1523 1522
f 1519 1527 1528
f 1527 1613 1528
f 1527 1526 1613
f 1520 1519 1599
f 1600 1520 1599
f 1527 1520 1526
f 1520 1527 1519
f 1614 1818 1615
f 1818 1614 11922
f 1818 1704 1615
f 1704 1818 1819
f 1818 11922 1819
f 1264 1263 11732
f 1264 1265 1218
f 1263 1264 1217
f 1264 1218 1217
f 1265 11733 11734
f 11733 1264 11732
f 1264 11733 1265
f 1265 1219 1218
f 1176 1219 1220
f 1219 1176 1218
f 11734 1322 1327
f 2279 2187 2074
f 2077 2189 2190
f 13761 2276 13762
f 2276 2277 13762
f 2276 13760 2275
f 2276 13761 13760
f 2276 2189 2277
f 2190 2276 2275
f 2189 2276 2190
f 12010 2575 2574
f 2575 12010 2576
f 2574 2575 2580
f 2575 2579 2580
f 2579 2575 2578
f 2575 2576 2578
f 2850 2851 2709
f 2850 2710 2849
f 2850 2709 2710
f 2972 2850 2849
f 2851 2850 2973
f 2973 2850 3099
f 2850 2972 3099
f 2851 2852 12136
f 2852 12135 12136
f 2852 2974 2853
f 12134 2852 2853
f 12135 2852 12134
f 2974 2852 2973
f 2852 2851 2973
f 2975 2974 3101
f 2974 2975 2853
f 2975 2976 2853
f 2976 2977 2854
f 2854 2977 2978
f 2977 3104 2978
f 3284 3461 3462
f 6919 3461 3460
f 3461 6920 3462
f 6920 3461 6919
f 3283 3282 3460
f 3461 3283 3460
f 3283 3461 3284
f 3282 3283 3101
f 3283 3284 3104
f 12206 5135 5134
f 12205 12206 5134
f 12853 8575 12854
f 8575 12853 8574
f 12853 8573 8574
f 8573 12852 12851
f 12853 12852 8573
f 12852 12853 4587
f 5129 5128 12196
f 5128 5129 5863
f 5128 5127 12196
f 5127 5128 5863
f 7915 5863 5864
f 5863 7915 7914
f 5149 5886 12222
f 12226 226 12227
f 5887 7938 8599
f 7938 5887 5150
f 5150 5887 12227
f 5887 12226 12227
f 4600 9239 9742
f 9240 9239 4601
f 9239 9743 9742
f 9239 9240 9743
f 9239 12871 4601
f 12871 9239 4600
f 8595 12871 8594
f 12871 12870 8594
f 12871 4600 12870
f 8596 12872 8595
f 12871 12872 4601
f 12872 12871 8595
f 4602 8596 8597
f 9241 4602 8597
f 4602 9241 9240
f 4602 12872 8596
f 4602 9240 4601
f 12872 4602 4601
f 9240 10220 9743
f 12230 5151 5888
f 5151 12232 5152
f 5151 5889 5888
f 5889 5151 5152
f 12228 12229 5150
f 12229 12230 5150
f 12229 12228 227
f 12230 12229 227
f 7270 7272 7271
f 7273 7272 7270
f 7272 7564 7271
f 3969 7567 7275
f 3969 7275 7568
f 3969 226 225
f 7567 3969 225
f 3970 3969 7568
f 226 3969 3970
f 7566 7567 3968
f 7567 7566 7274
f 7566 7273 7274
f 4607 12876 4608
f 4607 4606 12876
f 9245 4607 4608
f 4607 9245 9244
f 4606 4607 9244
f 12876 4605 8600
f 4606 4605 12876
f 4605 4606 9244
f 9749 4605 9244
f 4605 9749 13341
f 60 2430 2431
f 915 2422 2421
f 2426 920 2427
f 56 2426 2427
f 918 2424 917
f 2433 63 62
f 2433 2434 63
f 2446 947 948
f 71 2444 72
f 1089 947 946
f 947 1089 948
f 1052 1089 1053
f 1060 911 1059
f 934 933 1079
f 1073 928 927
f 2456 2455 960
f 2456 961 2457
f 961 2456 960
f 7350 83 7351
f 7635 7634 7349
f 7635 7350 7636
f 7350 7635 7349
f 7634 7348 7349
f 7345 7632 7631
f 7630 4035 7629
f 7344 7630 7343
f 7344 7345 7631
f 7630 7344 7631
f 12317 5243 12316
f 12317 5244 5243
f 5244 12317 12318
f 324 323 4040
f 4041 324 4040
f 12322 12323 5250
f 304 4031 305
f 304 303 4030
f 4031 304 4030
f 12306 304 305
f 12305 304 12306
f 304 12304 303
f 304 12305 12304
f 4031 306 305
f 306 4031 307
f 306 307 12308
f 2442 70 69
f 7338 71 7339
f 7338 7339 7626
f 7337 7338 7626
f 7338 70 71
f 70 7338 7337
f 7342 7343 7629
f 7628 7342 7629
f 7341 7342 7628
f 7627 7340 7628
f 7340 7341 7628
f 7340 7627 7339
f 7340 7339 72
f 2448 950 951
f 2449 2448 951
f 2448 949 950
f 7342 74 7343
f 74 7342 7341
f 4237 13345 4238
f 4237 13344 13345
f 10688 4237 4238
f 13343 4237 4236
f 13344 4237 13343
f 4237 10688 10687
f 4236 4237 10687
f 12234 230 231
f 230 12234 12233
f 230 12233 229
f 3972 230 229
f 3973 230 3972
f 230 3973 231
f 13350 10237 13351
f 10237 13352 13351
f 10237 10238 13352
f 10237 9761 9762
f 10238 10237 9762
f 8609 7949 8610
f 12884 8609 12885
f 4622 12884 4623
f 12884 12885 4623
f 12884 4622 4621
f 4620 12884 4621
f 12884 4620 12883
f 12884 12883 8608
f 8609 12884 8608
f 9259 9258 4623
f 9258 9259 9762
f 9258 4622 4623
f 4622 9258 9257
f 9258 9761 9257
f 9761 9258 9762
f 12243 239 240
f 12244 12243 240
f 12243 12242 239
f 12243 5162 12242
f 8612 7952 7953
f 7952 5903 7953
f 8611 12886 8610
f 12886 8611 8612
f 8611 7952 8612
f 7952 8611 7951
f 12239 5158 12238
f 5158 12239 5159
f 12239 12240 5159
f 7576 3978 3977
f 3978 7576 7577
f 3979 3978 7577
f 3980 3979 7578
f 3980 7579 3981
f 7579 3980 7578
f 12241 5160 12240
f 12241 12242 5161
f 5160 12241 5161
f 7286 7285 24
f 7286 25 7287
f 7286 24 25
f 7285 7286 7580
f 7581 7286 7287
f 7286 7581 7580
f 3984 3985 240
f 3985 3984 7582
f 3984 7581 7582
f 239 3984 240
f 3986 3985 7583
f 3985 3986 241
f 3982 3983 239
f 3983 3984 239
f 3984 3983 7581
f 3983 3982 7580
f 7581 3983 7580
f 5162 5163 5900
f 5163 5901 5900
f 12243 5163 5162
f 5163 12243 12244
f 30 7291 29
f 7291 7290 29
f 7290 7289 28
f 28 7289 27
f 7289 7288 27
f 7288 7289 7583
f 33 7295 32
f 7295 7294 32
f 7294 7295 7589
f 12246 12247 5165
f 5168 5904 5167
f 5904 5168 5905
f 7588 7294 7589
f 1032 1017 1033
f 1018 1032 1031
f 1017 1032 1018
f 31 2404 32
f 1029 882 881
f 883 882 1029
f 882 883 2394
f 882 2393 881
f 2393 882 2394
f 884 883 1029
f 1030 884 1029
f 884 1030 885
f 883 884 2394
f 2395 884 885
f 884 2395 2394
f 874 875 2390
f 875 2391 2390
f 875 876 2391
f 875 874 1025
f 1026 875 1025
f 875 1026 876
f 872 2387 871
f 2387 872 2388
f 1023 872 871
f 1024 872 1023
f 873 2389 2388
f 873 874 2389
f 872 873 2388
f 874 873 1024
f 873 872 1024
f 5904 7954 7953
f 7954 8613 7953
f 8613 7954 8614
f 7954 5904 5905
f 7900 7901 8569
f 7901 12847 8569
f 5847 7901 5112
f 12847 7901 4585
f 5846 5845 5111
f 5845 5846 7900
f 5846 5111 5112
f 7901 5846 5112
f 5846 7901 7900
f 5115 12181 12182
f 5849 5115 12182
f 7903 5849 8571
f 7903 12849 12848
f 12849 7903 8571
f 7903 5848 5849
f 12849 9735 9230
f 9735 13335 9230
f 12195 202 12196
f 12195 12194 202
f 5127 12195 12196
f 12194 12195 5126
f 12195 5127 5126
f 12194 5125 12193
f 5125 12194 5126
f 5125 5858 12193
f 5125 5859 5858
f 5860 5125 5126
f 5125 5860 5859
f 5854 5119 5120
f 5119 5854 5853
f 5854 5120 5855
f 5853 5854 7907
f 7908 5854 5855
f 7907 5854 7908
f 12190 200 12191
f 5122 12190 12191
f 12190 199 200
f 199 12190 12189
f 12190 5122 5121
f 12189 12190 5121
f 5107 12171 12172
f 5107 5843 5842
f 5107 12172 5843
f 2525 12001 2524
f 2518 2517 2497
f 2497 2517 2496
f 2517 2518 11986
f 6968 3511 6967
f 3511 6968 3512
f 3321 3511 3322
f 3511 3512 3322
f 6962 6963 3507
f 6966 6822 6967
f 6966 6821 6822
f 6965 3509 3508
f 6965 6966 3509
f 6966 6965 6821
f 3129 3130 2996
f 3130 3129 3306
f 3129 3305 3306
f 3127 3126 3304
f 3305 3127 3304
f 3126 3127 2996
f 3496 3303 3495
f 6957 3496 3495
f 3502 3501 6958
f 3501 3500 6958
f 3309 3501 3502
f 3308 3501 3309
f 3499 3498 6958
f 3500 3499 6958
f 3499 3500 3306
f 3305 3499 3306
f 3499 3305 3498
f 3494 6957 3495
f 3493 3494 3301
f 6956 3494 3493
f 6957 3494 6956
f 3494 3302 3301
f 3494 3495 3302
f 3500 3307 3306
f 3307 3130 3306
f 3501 3307 3500
f 3307 3501 3308
f 3131 3308 3132
f 3130 3131 2996
f 3307 3131 3130
f 3131 3307 3308
f 1857 1742 1856
f 1742 1857 1743
f 1744 1857 1858
f 1857 1744 1743
f 13820 7220 6814
f 7220 6957 6814
f 6957 7220 3498
f 3498 7220 6958
f 7220 7221 6958
f 7222 6815 6958
f 7221 7222 6958
f 7222 7223 6815
f 7223 7222 13823
f 7222 2333 13823
f 1914 11829 1856
f 11829 1914 1915
f 11829 1857 1856
f 11828 1855 1913
f 1855 11828 1856
f 11828 1914 1856
f 2140 2333 2141
f 2140 1913 2334
f 2140 2334 13823
f 2333 2140 13823
f 6970 6827 6971
f 6826 6827 6970
f 6827 6828 6971
f 6827 7229 6828
f 6827 6826 7229
f 7226 13824 2336
f 7227 7226 2336
f 6822 7226 6823
f 7226 7227 6823
f 2617 2618 6606
f 2618 2619 6606
f 11988 11987 2520
f 2519 11987 11986
f 11987 2519 2520
f 11994 11995 2607
f 11995 11996 2607
f 2523 11995 11994
f 11996 11995 2523
f 11993 11994 2607
f 11992 11993 2607
f 11994 11993 2522
f 11993 11992 2522
f 2589 2634 2633
f 2634 2589 2588
f 2587 2635 2588
f 2635 2634 2588
f 2637 2586 2585
f 2638 2637 2585
f 2637 2638 6619
f 6618 2637 6619
f 2596 2627 2597
f 2631 2630 2592
f 2630 2593 2592
f 2630 2631 6613
f 2627 2626 2597
f 2626 2598 2597
f 2626 2627 6611
f 2598 2626 2599
f 7354 7640 7353
f 7640 7639 7353
f 7640 4052 4051
f 7351 7637 7636
f 4056 4055 7645
f 4063 4062 7650
f 4064 4063 7650
f 354 353 4065
f 359 358 4067
f 360 359 4067
f 12356 360 361
f 12356 359 360
f 364 363 4068
f 4070 366 4069
f 4007 4008 258
f 4008 4007 7601
f 4007 4006 7601
f 4006 257 256
f 12263 257 258
f 257 4007 258
f 4007 257 4006
f 261 260 4010
f 259 4009 260
f 259 12264 258
f 4008 259 258
f 4009 259 4008
f 7306 7307 7597
f 5908 7958 7957
f 5907 5908 7957
f 5907 5906 5170
f 5910 5173 5174
f 5909 5910 7959
f 5909 5908 5172
f 5173 5909 5172
f 5909 5173 5910
f 7958 5909 7959
f 5909 7958 5908
f 5910 5911 7960
f 5911 5910 5174
f 5175 5911 5174
f 5911 5175 5912
f 12895 8621 12896
f 12895 8620 8621
f 5180 5917 5916
f 5179 5180 5916
f 5917 5180 5181
f 5180 5179 12261
f 5915 5914 5178
f 251 12257 12256
f 251 250 3998
f 250 251 12256
f 7321 7322 7607
f 7606 7605 7319
f 7320 7606 7319
f 4016 7606 7607
f 7606 7321 7607
f 7321 7606 7320
f 7609 7324 7610
f 7323 7324 7609
f 61 7324 60
f 7324 7323 60
f 7604 7318 7605
f 7603 4011 4010
f 7604 4011 7603
f 4011 7604 4012
f 4011 261 4010
f 261 4011 262
f 263 4012 264
f 4011 263 262
f 263 4011 4012
f 7606 4014 7605
f 7318 55 7319
f 55 56 7319
f 55 2426 56
f 5986 8034 8033
f 8698 8034 8699
f 8033 8034 8698
f 324 12326 323
f 12321 5248 12320
f 8672 8010 8011
f 8013 5962 5963
f 8013 8677 8676
f 4683 12941 4684
f 8029 8028 5980
f 8693 8028 8029
f 8028 8693 8692
f 8027 8028 8692
f 5976 5977 8026
f 8025 5976 8026
f 5976 8025 5975
f 5977 5976 5240
f 5240 5239 12314
f 5238 5239 5975
f 5976 5239 5240
f 5239 5976 5975
f 5239 12313 12314
f 12313 5239 5238
f 12314 12313 311
f 12313 310 311
f 12311 12312 5237
f 12312 5238 5237
f 12312 12313 5238
f 12313 12312 310
f 12312 12311 309
f 310 12312 309
f 5973 5974 8024
f 5973 5237 5974
f 5973 5972 5237
f 8020 5970 8021
f 8020 8684 8019
f 5214 5215 5953
f 5215 5954 5953
f 5954 5215 5216
f 5215 5214 12286
f 5219 5218 12290
f 12291 5219 12290
f 5962 5961 5224
f 5965 5230 5966
f 5222 5221 12293
f 12294 5222 12293
f 5221 5222 5959
f 12287 12288 5216
f 5215 12287 5216
f 12287 5215 12286
f 12288 12287 293
f 5210 5948 5947
f 5951 5212 5213
f 5951 5950 5212
f 5950 5951 8002
f 8006 5954 5955
f 8006 8005 5954
f 8006 5955 8007
f 8005 8006 8667
f 8668 8006 8007
f 8006 8668 8667
f 7996 8658 8657
f 5193 12271 5194
f 5193 5192 12271
f 5930 5193 5194
f 4663 12922 12923
f 4667 12926 4668
f 12913 8637 8638
f 274 273 4016
f 273 12273 272
f 12274 273 274
f 12273 273 12274
f 12278 281 282
f 283 12278 282
f 5199 12273 12274
f 5935 5199 5936
f 7988 8648 8647
f 8648 12922 8647
f 12922 8648 12923
f 2440 69 68
f 2440 2441 69
f 4027 7623 4028
f 7623 7624 4028
f 7335 7623 7334
f 7623 7335 7624
f 68 7335 7334
f 69 7335 68
f 7336 7337 7625
f 7624 7336 7625
f 7335 7336 7624
f 7336 7335 69
f 70 7336 69
f 7336 70 7337
f 299 298 4029
f 298 12293 297
f 298 12294 12293
f 12294 298 12295
f 298 299 12295
f 300 4029 301
f 300 299 4029
f 299 300 12296
f 12296 5225 5224
f 5225 5962 5224
f 5225 5226 5962
f 5235 12309 5236
f 12309 12310 5236
f 12309 5235 12308
f 307 12309 12308
f 12310 12309 307
f 8018 5968 8019
f 12307 12306 305
f 306 12307 305
f 12307 306 12308
f 12307 12308 5234
f 5233 12307 5234
f 12306 12307 5233
f 5232 12305 5233
f 5968 5232 5233
f 5232 5231 12304
f 12305 5232 12304
f 5965 5229 5230
f 5229 5965 5964
f 12302 302 303
f 5226 12298 5227
f 12298 300 301
f 12284 12285 5213
f 12285 5214 5213
f 5214 12285 12286
f 12285 291 12286
f 12285 12284 290
f 291 12285 290
f 12282 12281 287
f 288 12282 287
f 294 12289 12288
f 5218 12289 12290
f 5217 12289 5218
f 12288 12289 5217
f 295 4027 4028
f 295 294 4027
f 12289 295 12290
f 295 12289 294
f 291 292 12286
f 292 12287 12286
f 12287 292 293
f 293 292 4026
f 4026 292 4025
f 292 291 4025
f 10265 10266 13372
f 9780 10263 10262
f 10263 13371 10262
f 9278 9279 9779
f 9279 9780 9779
f 9279 4648 4649
f 9279 9278 4648
f 8627 8626 7967
f 7968 8627 7967
f 12262 12263 5181
f 12262 5180 12261
f 5180 12262 5181
f 256 12262 12261
f 257 12262 256
f 12262 257 12263
f 261 12266 260
f 7976 8637 8636
f 8634 7974 8635
f 8633 8634 12909
f 8634 8635 12910
f 12909 8634 12910
f 5189 12270 5190
f 12897 8623 12898
f 4639 12897 12898
f 12897 4638 12896
f 4638 12897 4639
f 8624 12899 12898
f 8625 12899 8624
f 12899 4640 12898
f 12904 4647 4646
f 12903 12904 4646
f 10248 9770 10249
f 9770 9771 10249
f 9771 9770 9268
f 9268 9770 9267
f 9267 9770 9769
f 9770 10248 9769
f 8617 8616 7957
f 7958 8617 7957
f 4633 9268 9267
f 4632 4633 9267
f 4634 9269 9268
f 4633 4634 9268
f 9271 4637 4638
f 12895 4637 4636
f 4637 9270 4636
f 4637 9271 9270
f 4638 4637 12896
f 4637 12895 12896
f 7956 8616 8615
f 8616 7956 7957
f 7956 5907 7957
f 5907 7956 5906
f 9263 4628 4629
f 9263 4629 9264
f 9263 9766 9262
f 4628 9263 9262
f 9767 9263 9264
f 9263 9767 9766
f 40 7308 7307
f 40 41 7308
f 7306 40 7307
f 44 43 2415
f 43 7311 7310
f 7311 43 44
f 910 911 2415
f 910 909 1057
f 1058 910 1057
f 910 1058 1059
f 911 910 1059
f 45 46 7312
f 911 2416 2415
f 2416 44 2415
f 2416 45 44
f 10244 10243 9766
f 10242 10243 13358
f 9766 10243 10242
f 10243 13359 13358
f 10243 10244 13359
f 10718 4261 4262
f 13368 4261 4260
f 4262 4261 13368
f 4261 10717 4260
f 4261 10718 10717
f 4282 13391 13392
f 13391 13390 10289
f 13390 13391 4281
f 13391 4282 4281
f 13390 10288 10289
f 10287 10288 13390
f 10288 9796 10289
f 9796 9795 9302
f 9795 9301 9302
f 9301 9795 9794
f 9795 10287 9794
f 9795 10288 10287
f 10288 9795 9796
f 10290 13391 10289
f 13391 10290 13392
f 13388 13389 4280
f 13389 13390 4281
f 4280 13389 4281
f 13389 10287 13390
f 13389 10286 10287
f 10286 13389 13388
f 10724 10725 11104
f 10725 10726 11104
f 4268 10725 10724
f 10722 10721 4265
f 10721 10722 11104
f 10722 10723 11104
f 4268 4267 13371
f 10723 4267 10724
f 4267 4268 10724
f 4271 13374 4272
f 10728 4271 4272
f 10727 4271 10728
f 11109 10731 11110
f 13378 4276 4275
f 4276 10731 4275
f 6907 3448 3447
f 6907 6762 6763
f 3448 6907 6908
f 6764 6907 6763
f 6908 6907 6764
f 6761 6906 6905
f 6762 6906 6761
f 6906 3446 6905
f 3446 6906 3447
f 6906 6907 3447
f 6907 6906 6762
f 13752 7165 7164
f 7165 6762 7164
f 7165 13752 13753
f 7165 13753 6763
f 6762 7165 6763
f 3446 3445 6905
f 3445 6904 6905
f 6904 3445 3444
f 3445 3446 3267
f 3445 3266 3444
f 3266 3445 3267
f 7160 13746 13747
f 13746 7160 7159
f 7159 7160 6756
f 7160 13747 13748
f 6757 7160 13748
f 7160 6757 6756
f 13734 13733 13747
f 13734 13746 13735
f 13746 13734 13747
f 13734 13735 7152
f 13732 13731 2260
f 13733 13732 2260
f 13731 13732 7149
f 13732 7150 7149
f 7150 13732 13733
f 13731 13730 2260
f 13730 13729 2260
f 13730 13731 7148
f 13730 7148 7147
f 13729 13730 7147
f 6895 3437 6894
f 6895 6753 6896
f 3437 6895 3438
f 6895 6896 3438
f 3244 3245 3054
f 3244 3053 3243
f 3053 3244 3054
f 3433 3244 3243
f 3244 3433 3245
f 7154 7153 13736
f 13737 7154 13736
f 7154 13737 7155
f 13738 13737 13743
f 13744 13737 13736
f 13743 13737 13744
f 13739 13738 13742
f 7155 6752 6751
f 6752 6894 6751
f 6752 6895 6894
f 6895 6752 6753
f 6725 6724 7147
f 6726 6725 7147
f 6725 6867 6724
f 6867 6725 6726
f 6727 7148 6728
f 6727 6726 7148
f 6727 6867 6726
f 6724 6723 7146
f 6723 6722 7146
f 6867 6723 6724
f 6722 6723 7081
f 6723 6867 7081
f 6730 7148 7149
f 2928 2929 2800
f 12031 12032 2543
f 12030 12031 2543
f 12032 12031 2537
f 12031 12030 2537
f 2545 2682 2546
f 2545 2544 2682
f 2544 2545 12029
f 12029 2545 12028
f 2545 2546 12028
f 6712 6713 7073
f 7074 6713 6714
f 7073 6713 7074
f 6713 6712 7140
f 6714 6713 7141
f 6713 7140 7141
f 3585 3584 7062
f 3586 3585 7063
f 3585 7062 7063
f 3585 3586 13685
f 3584 3585 13685
f 2258 2206 2205
f 2207 2206 2258
f 2206 2091 2205
f 2206 2208 2091
f 2206 2207 2208
f 1794 11893 1795
f 11892 11893 1794
f 11893 11894 1795
f 11893 11892 1970
f 1971 11893 1970
f 11894 11893 1971
f 2921 2791 2920
f 3033 2921 3032
f 2796 12094 12095
f 2795 2796 12095
f 12094 2796 12093
f 2921 2792 2791
f 2792 12100 2791
f 2792 12099 12100
f 2792 2793 12098
f 12099 2792 12098
f 3026 3223 3224
f 3026 3025 3223
f 3025 3026 2917
f 2916 2917 2787
f 2916 2787 2786
f 2915 2916 2786
f 3018 3220 3019
f 3227 3417 3228
f 12093 12092 2765
f 12092 12091 2765
f 12091 12092 2798
f 12090 2799 2800
f 12091 2799 12090
f 2799 12091 2798
f 2799 2928 2800
f 12090 12089 2765
f 12089 12088 2765
f 12089 12090 2800
f 12088 12089 2802
f 3017 3018 2912
f 2780 2908 2781
f 2908 2909 2781
f 2898 2897 3000
f 2897 2898 2766
f 2896 2897 2766
f 2997 2895 2894
f 2896 2895 2997
f 2895 2766 2894
f 2895 2896 2766
f 2897 2999 3000
f 2999 2897 2896
f 3210 3407 3211
f 3004 3003 3211
f 2900 3004 3005
f 3004 2900 3003
f 3007 3008 2902
f 2900 2899 3003
f 2899 2767 2766
f 2898 2899 2766
f 2767 2899 2768
f 2899 2900 2768
f 3249 3250 3060
f 3250 3251 3061
f 3060 3250 3061
f 3250 3249 3438
f 3439 3250 3438
f 3250 3439 3251
f 2941 2940 3061
f 2941 3062 2942
f 3062 2941 3061
f 2814 2941 2942
f 2813 2941 2814
f 2940 2941 2813
f 2815 2814 2942
f 2815 2816 12078
f 12079 2815 12078
f 2815 12079 2814
f 2816 2943 2944
f 3063 2943 2942
f 2943 2815 2942
f 2815 2943 2816
f 2944 2943 3064
f 2943 3063 3064
f 2817 2816 2944
f 2818 2817 2945
f 2817 2944 2945
f 2816 2817 12077
f 2817 2818 12076
f 12077 2817 12076
f 3056 3055 3246
f 3056 3247 3057
f 3247 3056 3246
f 2937 3056 3057
f 3055 3056 2937
f 12578 12579 5495
f 12578 524 12579
f 525 12580 12579
f 524 525 12579
f 525 526 12581
f 12580 525 12581
f 525 524 3601
f 3600 523 522
f 524 523 3600
f 523 12578 12577
f 12578 523 524
f 8228 8227 6202
f 8875 8224 8876
f 6199 8224 6198
f 520 519 3599
f 521 520 3599
f 519 518 3599
f 518 517 3599
f 12555 12554 510
f 12556 12555 510
f 12553 5459 5458
f 5459 12553 12554
f 5459 6174 5458
f 6174 5459 6175
f 12559 12560 5466
f 12598 537 538
f 537 12598 536
f 537 536 3612
f 538 537 3613
f 537 3612 3613
f 12587 5506 5505
f 6220 5506 5507
f 5506 6219 5505
f 5506 6220 6219
f 12590 530 12591
f 12590 12589 530
f 5509 12590 12591
f 12590 5509 5508
f 12589 12590 5508
f 12588 12589 5507
f 12588 5506 12587
f 5506 12588 5507
f 529 12588 12587
f 12589 12588 529
f 13085 8884 13086
f 8886 8236 8887
f 8886 8887 13087
f 13086 8886 13087
f 5504 5503 12585
f 5504 12586 5505
f 12586 5504 12585
f 5503 5504 6217
f 12582 12583 5501
f 526 12582 12581
f 12583 12582 526
f 12584 527 12585
f 12584 12583 527
f 5503 12584 12585
f 555 554 3619
f 3893 555 3619
f 555 3893 556
f 12606 555 556
f 555 12605 554
f 555 12606 12605
f 545 544 3615
f 3615 544 3614
f 544 543 3614
f 4809 9435 4808
f 9429 9428 4803
f 5435 12531 12532
f 5434 12531 5435
f 12531 5434 12530
f 12531 495 12532
f 12531 12530 495
f 8237 8889 8888
f 8236 8237 8887
f 8237 8888 8887
f 8894 8242 8895
f 8241 8242 8894
f 6215 8242 8241
f 10438 10437 9977
f 10439 10438 9978
f 10439 9979 10440
f 10439 9978 9979
f 13495 10437 10438
f 4396 10919 10918
f 11244 10919 11245
f 10919 11244 10918
f 10919 11246 11245
f 10919 10920 11246
f 11239 10916 11240
f 11242 10917 10918
f 10916 10917 11240
f 13492 4395 13491
f 4395 13492 4396
f 4395 4396 10918
f 10917 4395 10918
f 8891 13089 8890
f 8891 8892 13089
f 9475 9975 9474
f 9975 9974 9474
f 4839 4838 13080
f 13079 4838 4837
f 4838 13079 13080
f 8877 13080 8876
f 8877 8878 13080
f 8878 13081 13080
f 13081 4839 13080
f 13081 4840 4839
f 9963 9463 9464
f 13459 13463 13464
f 13460 13463 13459
f 13457 13456 10367
f 13456 10366 10367
f 10368 13457 10367
f 5475 5474 12565
f 5477 12568 5478
f 5476 5477 6189
f 12568 12567 516
f 5477 12567 12568
f 12567 5477 5476
f 6194 5480 5481
f 8220 6194 8221
f 8873 8872 8221
f 8872 8220 8221
f 8220 8872 8871
f 8870 8871 13075
f 13074 8870 13075
f 13075 4833 4832
f 8217 6191 6192
f 6188 5476 6189
f 8866 8867 13072
f 8863 8210 8864
f 13071 4822 4821
f 8865 13071 8864
f 8865 8866 13072
f 13071 8865 13072
f 13068 13067 8859
f 8190 8844 8189
f 6172 8190 6171
f 8190 8189 6171
f 8198 8197 6176
f 6179 8202 8201
f 13064 4812 13063
f 8858 13067 13066
f 13067 8858 8859
f 13065 8856 13066
f 8855 8856 13065
f 8856 8204 8205
f 8856 8855 8204
f 8854 13064 13063
f 8854 8855 13064
f 8855 8854 8203
f 5442 6160 5441
f 6160 5442 6161
f 6153 6152 5434
f 5389 6123 6122
f 8841 8185 8186
f 8185 6168 8186
f 6168 8185 6167
f 6165 5449 6166
f 6165 5448 5449
f 6165 5447 5448
f 5447 6165 6164
f 8183 6165 6166
f 8182 6165 8183
f 6164 6165 8181
f 6165 8182 8181
f 5444 6162 6161
f 6162 5444 5445
f 6163 6162 5445
f 6163 5445 5446
f 6164 6163 5446
f 13046 8821 8822
f 13046 13048 13049
f 6157 5438 5439
f 6158 6157 5439
f 3624 3623 3628
f 3627 3624 3628
f 3624 3627 3625
f 3623 3624 561
f 3624 3625 562
f 561 3624 562
f 10855 4332 10856
f 4332 10855 4331
f 4332 10857 10856
f 10857 4332 10858
f 4332 4331 13438
f 10858 4332 10859
f 4332 13439 4333
f 13439 4332 13438
f 10860 4332 4333
f 4332 10860 10859
f 9988 10447 9987
f 10448 10447 9988
f 9484 9485 9984
f 9484 9983 9483
f 9983 9484 9984
f 4854 9484 9483
f 4855 9484 4854
f 9484 4855 9485
f 4848 4849 9479
f 9478 4848 9479
f 4848 9478 4847
f 4848 4847 13087
f 4851 13088 13089
f 13088 4848 13087
f 4848 13088 4849
f 8888 13088 13087
f 8889 13088 8888
f 13089 13088 8890
f 13088 8889 8890
f 9482 9481 4851
f 9481 9482 9982
f 9482 9983 9982
f 9983 9482 9483
f 4849 9480 9479
f 9480 9481 9981
f 9480 9980 9479
f 9980 9480 9981
f 9481 4850 4851
f 4850 13088 4851
f 13088 4850 4849
f 4850 9480 4849
f 9480 4850 9481
f 13501 10444 10445
f 13502 13501 10445
f 10444 13501 13500
f 13501 4403 13500
f 13501 13502 4403
f 13505 13504 10448
f 10447 13504 13503
f 13504 10447 10448
f 13504 4405 13503
f 4405 13504 4406
f 13504 13505 4406
f 10449 13505 10448
f 10449 9990 10450
f 13506 10449 10450
f 13505 10449 13506
f 9990 10449 9989
f 10449 10448 9989
f 5504 6218 6217
f 6219 6218 5505
f 6218 5504 5505
f 8897 13093 13092
f 13092 13093 4858
f 13093 4859 4858
f 13093 13094 4859
f 13094 8898 8899
f 8898 8246 8899
f 8898 13093 8897
f 13093 8898 13094
f 13095 4860 13094
f 13095 13094 8899
f 5398 5397 12493
f 5397 5396 12493
f 8123 6096 6097
f 6096 6095 5366
f 8122 6096 8123
f 6096 8122 6095
f 6096 5367 6097
f 6096 5366 5367
f 5388 5389 6122
f 5389 5388 12490
f 5388 12489 12490
f 5388 5387 12489
f 5387 5386 12489
f 5386 5385 12489
f 5382 5381 12487
f 5381 5380 12487
f 8140 8812 8811
f 8141 8812 8140
f 8812 8141 8813
f 8810 8139 8811
f 13037 8810 8811
f 8810 8809 8139
f 8809 13036 8808
f 8809 13037 13036
f 8809 8810 13037
f 8807 8137 8808
f 8807 8806 8137
f 11197 10884 11198
f 11197 10883 10884
f 10883 11197 11196
f 11237 11197 11198
f 11197 11239 11196
f 11203 11202 10886
f 11202 11201 10886
f 11202 11230 11201
f 11199 11235 11198
f 13448 4344 13447
f 9893 10351 10350
f 10351 9893 9894
f 10350 10351 13446
f 4350 13450 4351
f 4350 4349 13450
f 4349 4350 10889
f 10890 4350 4351
f 4350 10890 10889
f 4347 10887 4346
f 13448 4347 4346
f 10888 4349 10889
f 11209 10888 10889
f 4347 10888 10887
f 4352 10890 4351
f 10890 4352 10891
f 13450 4352 4351
f 4352 13450 13451
f 10892 4355 10893
f 11232 10912 11233
f 11200 11232 11233
f 11228 11202 11203
f 10900 4381 10901
f 10904 4385 10905
f 10904 11223 10903
f 4385 4386 10905
f 11215 10895 11216
f 9466 4836 4837
f 9467 9466 4837
f 4840 9470 4839
f 4761 13021 4762
f 4761 13020 13021
f 9390 4761 4762
f 4761 9390 9389
f 8802 13032 13031
f 13032 8802 8803
f 8803 8802 8134
f 8802 8133 8134
f 13027 13026 8793
f 8132 8133 8800
f 8789 8129 8790
f 8129 8130 8790
f 8129 8789 8128
f 6103 8129 8128
f 8129 6103 6104
f 8130 8129 6104
f 9493 4864 9494
f 9493 9494 9993
f 9992 9493 9993
f 9492 9493 9992
f 9490 9491 9990
f 9990 9491 9991
f 9491 9492 9991
f 6227 5513 5514
f 8251 6224 6225
f 4867 4868 9497
f 4866 9496 9495
f 9996 9496 9497
f 9496 4867 9497
f 4867 9496 4866
f 9496 9996 9995
f 9495 9496 9995
f 4867 13102 4868
f 13099 4865 4864
f 4865 4866 9495
f 4864 4865 9494
f 4865 9495 9494
f 9491 4862 9492
f 13097 4862 13096
f 8900 8899 8247
f 8900 13095 8899
f 8900 8901 13096
f 13095 8900 13096
f 13098 13099 4864
f 5334 5335 6065
f 5333 5334 6064
f 5334 6065 6064
f 6065 5336 6066
f 5335 5336 6065
f 6066 5336 5337
f 12445 5336 5335
f 12444 413 414
f 12445 12444 414
f 12444 12445 5335
f 12447 12448 5337
f 5336 12447 5337
f 415 12447 414
f 12448 12447 415
f 12461 12462 5348
f 12460 12461 5347
f 12461 5348 5347
f 427 12461 12460
f 12461 427 428
f 12462 12461 428
f 12462 429 12463
f 429 430 12463
f 429 12462 428
f 4108 429 428
f 430 429 4108
f 431 12464 12463
f 430 431 12463
f 12464 431 432
f 432 431 4110
f 431 4109 4110
f 431 430 4109
f 4097 7718 7719
f 7718 4097 7717
f 7719 7718 7543
f 7718 7717 7543
f 7717 4096 7716
f 4097 4096 7717
f 4096 7715 7716
f 7715 4096 7714
f 4096 413 4095
f 4096 4095 7713
f 7714 4096 7713
f 413 4096 414
f 4096 4097 414
f 6068 5338 5339
f 6067 5338 6068
f 5338 6067 5337
f 5338 12450 5339
f 12448 5338 5337
f 12451 12452 5340
f 12452 12451 418
f 12453 12452 418
f 6070 5341 5342
f 12452 5341 5340
f 5341 12452 12453
f 5340 5341 6069
f 5341 6070 6069
f 12454 12455 5342
f 5341 12454 5342
f 12454 5341 12453
f 12455 12454 420
f 12454 419 420
f 12454 12453 419
f 12427 5322 12426
f 406 12427 12426
f 12428 12427 406
f 6060 5323 5324
f 5323 12430 5324
f 12427 5323 5322
f 5323 12427 12428
f 5322 5323 6059
f 5323 6060 6059
f 12430 12429 407
f 12429 12428 407
f 5323 12429 12430
f 12429 5323 12428
f 5319 12418 5320
f 12421 5321 5320
f 12420 12421 5320
f 12421 12420 404
f 12436 5328 5327
f 12431 12430 407
f 408 12431 407
f 12430 12431 5324
f 12433 408 409
f 12434 12433 409
f 6062 5326 5327
f 12440 12441 5333
f 12441 5334 5333
f 5334 12441 12442
f 12441 412 12442
f 12441 12440 412
f 5331 12439 5332
f 12439 12440 5332
f 12439 5331 12438
f 12439 12438 411
f 412 12439 411
f 12440 12439 412
f 13426 4317 4316
f 4318 4317 13426
f 4317 4318 10778
f 4317 10777 4316
f 4317 10778 10777
f 13427 4318 13426
f 10329 9869 10330
f 13427 10329 10330
f 10328 10329 13426
f 10329 13427 13426
f 9868 10329 10328
f 10329 9868 9869
f 9368 4737 4738
f 4737 9368 9367
f 9368 9868 9367
f 9868 9368 9869
f 9869 9870 10330
f 10330 9870 10331
f 9870 9871 10331
f 9871 9870 9370
f 9379 9878 9378
f 9380 9379 4750
f 4749 9379 9378
f 4750 9379 4749
f 9879 9380 9880
f 9878 9879 10338
f 9379 9879 9878
f 9879 9379 9380
f 10338 9879 10339
f 9879 9880 10339
f 9380 9381 9880
f 9880 9381 9881
f 9381 9382 9881
f 9381 9380 4752
f 9381 4752 4753
f 9382 9381 4753
f 9863 9864 10324
f 9863 10323 9862
f 10323 9863 10324
f 9362 9863 9862
f 9864 9863 9363
f 9863 9362 9363
f 9865 9866 10326
f 9865 10326 10325
f 9864 9865 10325
f 9364 9865 9864
f 9865 9364 9365
f 9866 9865 9365
f 9867 10328 10327
f 9866 9867 10327
f 9867 9868 10328
f 9867 9866 9366
f 9367 9867 9366
f 9868 9867 9367
f 10765 10764 4306
f 4307 10765 4306
f 4308 4309 10768
f 13420 4309 4308
f 13421 10319 10320
f 13421 13420 10319
f 10321 13421 10320
f 13421 10321 13422
f 4310 13421 13422
f 4309 13421 4310
f 13421 4309 13420
f 10318 13419 10317
f 13420 13419 10318
f 13419 13418 10317
f 13418 13419 4306
f 13419 4307 4306
f 4307 13419 4308
f 13419 13420 4308
f 11139 10769 11140
f 10769 10770 11140
f 10769 11139 10768
f 4309 10769 10768
f 10770 10769 4310
f 10769 4309 4310
f 11467 11137 11468
f 11137 11138 11468
f 11137 11467 11466
f 11137 11466 11465
f 11136 11137 11465
f 10764 11137 11136
f 10765 11137 10764
f 12990 12991 4721
f 12991 4722 4721
f 12991 8739 8740
f 12991 12990 8739
f 4722 12991 4723
f 8741 12991 8740
f 8086 8743 8742
f 8743 8086 8087
f 8745 8746 12993
f 8746 8747 12993
f 8747 8746 8089
f 8089 8746 8088
f 8746 8745 8088
f 8748 8749 12994
f 8749 8750 12994
f 8749 8748 8090
f 8091 8749 8090
f 8750 8749 8091
f 12995 8751 8752
f 8750 8751 12995
f 8751 8092 8752
f 8751 8091 8092
f 8751 8750 8091
f 9359 9358 4728
f 9858 9358 9859
f 9358 9359 9859
f 4731 9362 9361
f 4730 4731 9361
f 9362 4731 4732
f 4731 12997 4732
f 12997 4731 12996
f 4731 4730 12996
f 9360 4730 9361
f 9861 9360 9361
f 9360 9359 4729
f 4730 9360 4729
f 9360 9861 9860
f 9359 9360 9860
f 9355 9856 9855
f 9354 9355 9855
f 9856 9355 9356
f 9356 9355 4726
f 9355 4725 4726
f 9355 9354 4725
f 4300 4301 10759
f 10758 4300 10759
f 4300 10758 4299
f 13411 4300 4299
f 4300 13413 4301
f 4305 13417 13418
f 13417 10316 13418
f 10761 4303 10762
f 9345 9846 9845
f 12377 12376 374
f 375 12377 374
f 12377 375 12378
f 12380 377 12381
f 377 12380 376
f 12380 12379 376
f 5300 12377 12378
f 5299 5300 6018
f 5300 5299 12376
f 12377 5300 12376
f 6012 6013 8047
f 5299 6016 5298
f 6016 6015 5298
f 6015 8049 6014
f 6016 8049 6015
f 12387 12386 384
f 12386 383 384
f 387 12390 386
f 12390 12389 386
f 12390 387 12391
f 385 12388 12387
f 12388 385 386
f 12389 12388 386
f 12403 12404 5314
f 5313 12403 5314
f 12403 5313 12402
f 12403 12402 396
f 12404 12403 396
f 6044 6043 5314
f 6043 5313 5314
f 6043 6044 8068
f 5313 12401 12402
f 12401 5313 5312
f 12400 12401 5312
f 5311 5310 12397
f 5312 5311 12399
f 5311 6039 6038
f 6039 5311 5312
f 6037 5311 6038
f 5311 6037 5310
f 7689 7688 7530
f 7688 7687 7530
f 7688 7689 4084
f 4083 7688 4084
f 7688 4083 7687
f 4083 4084 399
f 398 4083 399
f 7685 4079 4078
f 4080 4079 7685
f 4079 393 4078
f 393 4079 394
f 395 4080 396
f 4079 395 394
f 395 4079 4080
f 12402 395 396
f 12401 395 12402
f 395 12400 394
f 395 12401 12400
f 4081 397 396
f 12404 397 12405
f 397 12404 396
f 7690 4085 7689
f 7690 7689 7530
f 7691 7690 7530
f 12398 393 12399
f 393 12398 12397
f 5311 12398 12399
f 12398 5311 12397
f 12958 4692 12957
f 12958 12959 4692
f 8022 8023 8687
f 8023 5973 8024
f 8023 8022 5972
f 5973 8023 5972
f 4687 12947 4688
f 8685 12954 12953
f 12954 8685 8686
f 8685 8021 8686
f 8685 8020 8021
f 8020 8685 8684
f 12952 8685 12953
f 8685 12952 8684
f 4690 12952 12953
f 12952 4690 4689
f 8684 8683 8019
f 8683 8018 8019
f 8018 8683 8682
f 8679 12945 8678
f 8681 8018 8682
f 8681 12947 8680
f 4697 9327 4696
f 12966 4697 4696
f 9328 4697 4698
f 9327 4697 9328
f 4697 12967 4698
f 4697 12966 12967
f 4699 12969 12970
f 12968 12969 4699
f 12969 12968 8702
f 12969 8703 12970
f 12969 8702 8703
f 12964 8695 8696
f 8695 8031 8696
f 8695 12963 8694
f 8695 12964 12963
f 9330 4700 4701
f 4700 4699 12970
f 4699 4700 9329
f 4700 9330 9329
f 9342 9840 9839
f 9840 9342 9841
f 9839 9840 10313
f 9840 9841 10313
f 12974 8711 12975
f 8710 8711 12974
f 8049 8711 8710
f 8709 12974 12973
f 8709 8710 12974
f 13394 4285 4284
f 13393 13394 4284
f 4286 13394 13395
f 4285 13394 4286
f 10294 13393 10293
f 10298 10297 9804
f 9803 10297 10296
f 10297 9803 9804
f 10297 13394 10296
f 10297 10298 13395
f 13394 10297 13395
f 10301 10300 9807
f 10300 13396 13395
f 13396 10300 10301
f 10300 9806 9807
f 9807 9806 9313
f 9806 9312 9313
f 13396 10302 13397
f 10302 10303 13397
f 10302 13396 10301
f 9808 10302 10301
f 10302 9808 9809
f 10302 9809 9810
f 10303 10302 9810
f 9803 9802 9309
f 9802 9803 10296
f 4670 4671 9302
f 4671 9303 9302
f 9303 9796 9302
f 4678 4679 9309
f 12932 8664 12933
f 8055 6024 8056
f 6024 6025 8056
f 6024 8055 6023
f 6024 6023 5303
f 6025 6024 5303
f 6023 6022 5302
f 6022 6021 5302
f 6020 8053 8052
f 6021 8053 6020
f 8053 8715 8052
f 8053 8716 8715
f 12409 12410 5316
f 12408 12409 5316
f 12410 12409 399
f 12409 12408 399
f 5315 12407 5316
f 12407 12408 5316
f 12408 12407 398
f 6052 6051 5318
f 6051 5317 5318
f 5317 6051 6050
f 6051 6052 8075
f 6050 6051 8074
f 6051 8075 8074
f 12415 5318 12414
f 12415 5319 5318
f 5319 12415 12416
f 12415 402 12416
f 12415 12414 402
f 6047 5316 6048
f 6047 5315 5316
f 8072 6047 6048
f 8071 6047 8072
f 8071 8733 8732
f 8733 8071 8072
f 8070 8071 8732
f 13417 10315 10316
f 10315 13417 13416
f 10315 9849 10316
f 10315 9848 9849
f 9848 10315 9847
f 10315 9846 9847
f 9348 9850 9849
f 9849 9850 10316
f 9850 9851 10316
f 10802 10803 11158
f 4327 10803 4326
f 10803 10802 4326
f 10814 10815 11161
f 10813 10814 11161
f 10815 10814 4328
f 10814 10813 4328
f 11160 10813 11161
f 11537 11160 11161
f 11160 11537 11536
f 11159 11160 11536
f 10806 10807 11159
f 10807 10808 11159
f 10807 10806 4327
f 10808 10807 4327
f 10825 11166 11165
f 11166 10827 11167
f 11165 11166 11543
f 11166 11167 11543
f 10818 10817 4328
f 11163 10819 10820
f 10820 10819 4328
f 10819 10818 4328
f 10824 10825 11165
f 10823 10824 11165
f 10825 10824 4329
f 10824 10823 4329
f 11164 10823 11165
f 11542 11164 11543
f 11164 11165 11543
f 11164 11542 11541
f 11163 11164 11541
f 10800 11157 10799
f 4326 10800 10799
f 10793 10794 11155
f 10792 10793 11155
f 10793 4325 10794
f 10793 10792 4325
f 11527 11526 11155
f 11526 11154 11155
f 11154 11526 11525
f 11526 11527 11519
f 11154 11523 11522
f 8120 6093 6094
f 6093 8119 6092
f 6093 8120 8119
f 5362 6093 6092
f 6093 5362 5363
f 6093 5363 5364
f 6094 6093 5364
f 4780 13030 4781
f 9907 10368 10367
f 8130 8131 8791
f 8131 8792 8791
f 8792 8131 8793
f 8798 8131 8132
f 9901 10362 9900
f 9895 9896 10353
f 9893 9395 9396
f 9395 4767 9396
f 9395 4766 4767
f 4766 9395 9394
f 9394 9892 9891
f 9892 10350 9891
f 9892 9893 10350
f 9395 9892 9394
f 9892 9395 9893
f 10860 10861 11179
f 10861 10862 11179
f 10861 10860 4333
f 10862 10861 4333
f 10868 10869 11180
f 10867 10868 11180
f 10868 4334 10869
f 4334 10868 10867
f 10862 10866 11179
f 10866 10867 11179
f 4334 10866 4333
f 10866 4334 10867
f 10870 4335 10871
f 4334 4335 10870
f 10872 4335 4336
f 10871 4335 10872
f 13441 4335 4334
f 4335 13442 4336
f 4335 13441 13442
f 10879 4340 10880
f 10879 11190 10878
f 10879 11191 11190
f 11191 10879 10880
f 4341 10881 10880
f 4340 4341 10880
f 4341 4342 10882
f 10881 4341 10882
f 4342 4341 13446
f 4341 4340 13446
f 4338 4337 13443
f 10876 4338 10877
f 4337 4338 10876
f 4339 10879 10878
f 10879 4339 4340
f 4339 10878 10877
f 4338 4339 10877
f 10847 10848 11173
f 10848 10849 11173
f 4331 10848 10847
f 10849 10848 4331
f 4330 10829 10828
f 10829 11167 10828
f 10829 11168 11167
f 10833 11170 11169
f 10836 10835 4330
f 10837 10836 4330
f 10835 10836 11171
f 11171 10836 11172
f 10836 10837 11172
f 13517 10460 10461
f 10460 10459 10000
f 10459 10460 13516
f 10460 13517 13516
f 10460 10000 10001
f 10461 10460 10001
f 4412 13514 13515
f 4412 10933 10932
f 4412 13516 4413
f 4412 13515 13516
f 10934 4412 4413
f 10933 4412 10934
f 12516 485 486
f 12517 12516 486
f 485 12516 12515
f 12516 5420 12515
f 5420 12516 5421
f 12516 12517 5421
f 5425 6145 5410
f 5424 5425 5410
f 6145 5425 5426
f 5425 12521 5426
f 12521 5425 12520
f 5425 5424 12520
f 12492 467 468
f 4136 467 466
f 468 467 4136
f 467 12491 466
f 467 12492 12491
f 12492 5395 5394
f 5393 12492 5394
f 5393 5392 12491
f 12492 5393 12491
f 482 12504 481
f 12505 12504 482
f 12504 12505 5418
f 5417 12504 5418
f 12509 12506 12507
f 12506 483 12507
f 12506 12505 483
f 12510 12506 12509
f 12505 12506 12510
f 4127 4128 447
f 4128 448 447
f 448 4128 4129
f 4128 4127 4122
f 4128 4121 4129
f 4121 4128 4122
f 171 2466 2467
f 171 170 2466
f 171 7526 7525
f 170 171 7525
f 160 161 7509
f 7508 160 7509
f 159 160 7508
f 161 160 2459
f 160 963 2459
f 160 159 963
f 158 159 7507
f 158 7507 7506
f 157 158 7506
f 158 157 963
f 159 158 963
f 7512 7519 7511
f 7512 7511 162
f 7521 7510 7520
f 7510 7521 7522
f 7521 168 7522
f 7524 7525 7529
f 7523 7524 7529
f 7524 170 7525
f 170 7524 169
f 7524 7523 169
f 7044 7116 7117
f 7045 7044 7117
f 7044 7043 7115
f 7116 7044 7115
f 7044 7045 3572
f 7046 6686 7047
f 7046 7045 6686
f 3573 7046 7047
f 7046 3573 7045
f 2211 13715 2254
f 2255 13715 2211
f 7126 6695 6694
f 6695 7126 7127
f 7127 7126 2255
f 7126 13715 2255
f 3594 3593 7075
f 3594 3595 13691
f 3594 13691 13690
f 3593 3594 13690
f 7076 3594 7075
f 3594 7076 3595
f 6715 7076 7075
f 7076 6715 6716
f 3596 7077 7078
f 3595 7077 3596
f 7076 7077 3595
f 7078 7077 6717
f 7077 6716 6717
f 7077 7076 6716
f 3587 3588 13686
f 3586 3587 13685
f 3587 13686 13685
f 3587 7066 3588
f 7065 3587 3586
f 7066 3587 7065
f 13678 3572 13679
f 3566 7036 7037
f 3567 3566 7037
f 3379 13675 3380
f 13675 3379 13674
f 3566 13675 13674
f 13675 3566 3567
f 3570 3569 7041
f 7042 3570 7041
f 3570 7042 7043
f 3174 3173 3373
f 3374 3174 3373
f 3174 3374 3175
f 3173 3174 3166
f 3165 3175 3164
f 3165 3368 3166
f 3174 3165 3166
f 3165 3174 3175
f 3377 3376 13673
f 3376 13672 13673
f 3376 3375 13672
f 3376 3377 3179
f 3178 3376 3179
f 3376 3178 3375
f 3377 3180 3179
f 3180 3377 3181
f 3375 3177 3176
f 3178 3177 3375
f 3570 13677 3569
f 13677 3570 13678
f 3389 3388 13679
f 6704 6703 7133
f 6703 7132 7133
f 6703 6702 7132
f 6702 6703 7061
f 6703 7062 7061
f 6703 6704 7062
f 6705 6704 7134
f 6705 7135 6706
f 7135 6705 7134
f 7064 6705 6706
f 6704 6705 7063
f 6705 7064 7063
f 1965 2075 2076
f 2075 2187 2076
f 2187 2075 2074
f 1967 1966 2077
f 2077 1966 2076
f 1966 1965 2076
f 1966 1967 11889
f 7175 7174 13764
f 7174 7173 13763
f 2279 7174 13763
f 7174 2279 13764
f 2183 2070 2283
f 2070 2183 2071
f 2282 2183 2283
f 2071 2184 2072
f 2184 2282 2281
f 2183 2184 2071
f 2184 2183 2282
f 2184 2185 2072
f 2185 2184 2281
f 13765 7175 13764
f 2280 13765 13764
f 7175 13765 7176
f 13765 2281 7176
f 13765 2185 2281
f 13765 2280 2185
f 2185 2073 2072
f 2073 1963 2072
f 2073 2185 2186
f 2074 2073 2186
f 1963 2073 2074
f 11886 11887 1789
f 11885 11886 1789
f 1964 1963 2074
f 1964 11885 1963
f 1964 11886 11885
f 2075 1964 2074
f 1964 2075 1965
f 1964 1965 11887
f 11886 1964 11887
f 1577 1669 1578
f 1577 1668 1669
f 1577 1578 11784
f 11783 1577 11784
f 7006 7250 7007
f 7006 7005 7250
f 7006 7007 3543
f 7005 7006 3543
f 1846 1847 1732
f 1846 1845 11818
f 11819 1846 11818
f 1847 1846 11819
f 1731 1846 1732
f 1845 1846 1731
f 11691 11690 1284
f 11691 1284 1285
f 11692 11691 1285
f 11690 11691 1277
f 11691 1230 1277
f 11691 11692 1230
f 1333 1389 1450
f 1389 11756 1450
f 1389 1449 11756
f 11690 1283 1284
f 1283 1333 1284
f 1283 11689 1282
f 11689 1283 11690
f 1281 1331 1282
f 11689 1281 1282
f 1281 11689 11688
f 1226 1275 1227
f 1275 1226 1225
f 1180 1226 1227
f 1225 1226 1179
f 1226 1180 1179
f 1280 1281 11688
f 1281 1280 1331
f 1387 1280 1330
f 1331 1280 1387
f 11797 1485 1590
f 11797 1422 1485
f 1422 11797 1486
f 1681 11797 1590
f 1591 11797 1681
f 11801 1594 1685
f 1776 1775 1890
f 1775 1776 1685
f 1775 1889 1890
f 1775 1774 1889
f 1360 1307 1306
f 1307 11714 1306
f 1307 1360 1361
f 1307 1361 11716
f 1305 11712 11711
f 11712 1305 1306
f 11712 1247 11711
f 1235 11698 11699
f 11698 1235 11697
f 1290 11698 11697
f 11698 1291 11699
f 11698 1290 1291
f 1236 1235 11699
f 1235 1236 1189
f 1189 1236 1190
f 1236 1237 1190
f 1235 1234 11697
f 11696 1234 1233
f 1234 11696 11697
f 1234 1188 1233
f 1234 1189 1188
f 1234 1235 1189
f 4206 4205 1151
f 1152 4210 1151
f 4143 1165 4144
f 1165 4143 1164
f 1149 1184 1185
f 1229 1184 1149
f 1184 1230 1185
f 1184 1229 1230
f 1232 1186 1185
f 1186 1232 1187
f 1186 1187 1151
f 1150 1186 1151
f 1185 1186 1150
f 1394 1393 1454
f 1393 1336 1392
f 1393 1453 1454
f 1453 1393 1392
f 1290 1289 1338
f 11696 1289 11697
f 1289 1290 11697
f 1289 11695 1288
f 1289 11696 11695
f 1339 1338 1395
f 1339 1290 1338
f 1340 1339 1395
f 1290 1339 1291
f 1339 1340 1291
f 1341 1340 1397
f 1398 1341 1397
f 1342 1341 1398
f 1341 1342 1292
f 1291 1341 1292
f 1340 1341 1291
f 1197 1244 1245
f 1197 1196 1243
f 1244 1197 1243
f 1196 1197 1159
f 1197 1198 1159
f 1198 1246 1247
f 1247 1246 11711
f 1246 1197 1245
f 1197 1246 1198
f 1246 11710 11711
f 1246 11709 11710
f 1246 1245 11709
f 11700 11701 1237
f 11700 1236 11699
f 1236 11700 1237
f 1292 11700 11699
f 11700 1292 1293
f 11701 11700 1293
f 11703 1295 1296
f 1295 1294 1344
f 1294 1295 11702
f 1295 11703 11702
f 1345 1295 1344
f 1296 1295 1345
f 11703 1240 1239
f 1240 1193 1239
f 1240 11704 1241
f 1240 11703 11704
f 1194 1240 1241
f 1193 1240 1194
f 4192 4193 4144
f 4145 4192 4144
f 4192 4145 4191
f 4192 4191 1183
f 4193 4192 1183
f 1178 1177 1224
f 1223 1177 1176
f 1177 1223 1224
f 1328 1384 1446
f 1385 1328 1446
f 1384 1328 1327
f 1219 1267 1220
f 1266 1265 11734
f 11735 1266 11734
f 1267 1266 11735
f 1266 1219 1265
f 1266 1267 1219
f 1319 1372 1373
f 1372 1432 1373
f 11728 1372 1319
f 1372 11728 1371
f 1311 1310 1423
f 1493 1492 11805
f 1486 11799 1487
f 1364 1312 1311
f 11720 1312 11721
f 1312 11720 1311
f 1489 1490 1426
f 1490 11804 11805
f 1490 11803 11804
f 1490 1489 11803
f 1488 11801 1595
f 1488 1424 1423
f 11801 1488 1423
f 1424 1488 1425
f 1488 1489 1425
f 6836 6835 7238
f 6836 7239 6837
f 6836 7238 7239
f 6835 6836 6979
f 6836 6980 6979
f 6980 6836 6837
f 1215 1174 1214
f 1213 1173 1172
f 1173 1213 1214
f 1174 1173 1214
f 4154 4186 4187
f 4186 1182 4187
f 1182 4186 1181
f 4180 4179 1179
f 1171 1170 1211
f 4156 1170 1171
f 4189 4190 4146
f 4145 4190 4191
f 4190 4145 4146
f 4191 4190 1183
f 4190 1182 1183
f 4190 4189 1182
f 4188 4189 4147
f 1182 4188 4187
f 4189 4188 1182
f 1154 4217 1153
f 1370 1430 1371
f 1495 1430 1494
f 1430 1370 1369
f 1261 11730 1262
f 1261 11729 11730
f 1260 1214 1259
f 1260 1215 1214
f 1260 1261 1215
f 1261 1260 11729
f 1260 11728 11729
f 11728 1260 1259
f 1171 1212 1172
f 1212 1213 1172
f 1212 1171 1211
f 1213 1212 1258
f 1257 1212 1211
f 1212 1257 1258
f 1370 1317 1369
f 11728 1318 1371
f 11727 1318 11728
f 1318 1370 1371
f 1318 1317 1370
f 1318 11727 11726
f 1317 1318 11726
f 1253 1252 11720
f 1168 1209 1169
f 1207 1208 1167
f 1208 1168 1167
f 1168 1208 1209
f 1208 1207 1254
f 1209 1210 1169
f 1170 1210 1211
f 1210 1170 1169
f 1210 1257 1211
f 1257 1256 11723
f 1256 11722 11723
f 1210 1256 1257
f 1256 1210 1209
f 4145 1166 4146
f 1165 1166 4145
f 4146 1166 1167
f 1166 1207 1167
f 1205 1164 1204
f 1205 1165 1164
f 1205 1250 1251
f 1250 1205 1204
f 11868 11867 1950
f 11868 11869 1890
f 11867 11868 1890
f 11867 11866 1950
f 11866 1889 1888
f 11866 11867 1889
f 1595 1686 1596
f 1777 1686 1595
f 1400 1463 1401
f 1462 1463 1400
f 1402 1463 1464
f 1401 1463 1402
f 1463 11771 1464
f 2325 2150 2039
f 2149 2325 2039
f 2150 2325 13815
f 2325 2149 13816
f 2325 13816 7217
f 2325 6811 13815
f 2325 7217 6811
f 1661 1662 1570
f 1750 1662 1661
f 1662 1750 1751
f 1673 1581 1672
f 1581 1673 1674
f 1673 1763 1764
f 1763 1673 1672
f 1765 1673 1764
f 1674 1673 1765
f 1584 11792 11791
f 1584 1585 11792
f 1583 1584 11791
f 1585 1584 1676
f 1584 1583 1675
f 1676 1584 1675
f 11936 11937 1832
f 11935 11936 1832
f 2007 11936 11935
f 597 596 3662
f 596 597 12633
f 596 12632 595
f 596 12633 12632
f 12626 5545 12625
f 5546 5545 12626
f 6261 6260 5546
f 5545 6260 6259
f 6260 5545 5546
f 6260 6261 8287
f 6260 8286 6259
f 8286 6260 8287
f 6855 7089 7088
f 7088 7089 7082
f 7093 7094 7082
f 7093 6855 7094
f 7254 13699 13700
f 13699 7254 13698
f 13699 13698 2360
f 13699 2361 13700
f 13699 2360 2361
f 2362 13702 13701
f 2362 2363 13702
f 2361 2362 13700
f 2362 13701 13700
f 2363 2362 2236
f 2236 2362 2237
f 2362 2238 2237
f 2238 2362 2361
f 6282 5567 5568
f 5567 6282 6281
f 6282 5568 6283
f 6281 6282 8309
f 8310 6282 6283
f 8309 6282 8310
f 12639 12638 603
f 12639 604 12640
f 12639 603 604
f 12638 12639 5558
f 5559 12639 12640
f 5558 12639 5559
f 602 12637 601
f 602 12638 12637
f 12638 602 603
f 603 602 3667
f 602 3666 3667
f 3666 602 601
f 3659 594 593
f 3659 3660 594
f 592 3659 593
f 3659 3898 3660
f 6269 5555 6270
f 5555 6269 6268
f 6272 6271 5557
f 5558 6272 5557
f 6272 5558 6273
f 8945 8291 8292
f 8955 8298 8299
f 8298 8955 8954
f 8954 8955 13122
f 8955 8956 13122
f 8963 8962 8309
f 8962 13126 8961
f 8962 13127 13126
f 8962 8963 13127
f 6281 8308 6280
f 8308 8307 6280
f 8308 6281 8309
f 8307 8308 8961
f 8308 8962 8961
f 8962 8308 8309
f 8304 6275 6276
f 8305 8304 6276
f 8304 8305 8958
f 8960 8959 8306
f 8959 8305 8306
f 8305 8959 8958
f 8958 8959 13124
f 8959 8960 13124
f 8286 8285 6258
f 8285 6257 6258
f 6257 8285 8284
f 8285 8286 8938
f 8939 8287 8940
f 8939 8286 8287
f 8286 8939 8938
f 8938 8939 13118
f 8939 8940 13119
f 13118 8939 13119
f 6255 8282 6254
f 8282 6253 6254
f 8934 8935 13115
f 8282 8936 8935
f 8935 8936 13116
f 8923 8271 8924
f 8923 8270 8271
f 8270 8923 8922
f 8923 8924 13113
f 8922 8923 13113
f 8272 8925 8271
f 8927 8272 8273
f 8272 8271 6245
f 8272 6246 8273
f 6246 8272 6245
f 5522 12604 12605
f 5523 5522 12605
f 12604 5522 5521
f 5522 5523 6235
f 5522 6235 6234
f 5521 5522 6234
f 547 12602 546
f 12603 12602 547
f 12602 545 546
f 12602 544 545
f 12602 5520 5519
f 12602 12603 5520
f 8277 8276 6248
f 8276 8277 8932
f 8277 8278 8932
f 6249 8277 6248
f 8277 6249 8278
f 6249 6248 5534
f 5535 6249 5534
f 8275 8931 8930
f 8274 8275 8930
f 8931 8275 8276
f 8275 6247 8276
f 8275 8274 6247
f 6253 6252 5537
f 6252 5536 5537
f 5536 6252 6251
f 5539 5538 12619
f 5538 5539 6254
f 5539 6255 6254
f 5539 5540 6255
f 12621 12620 580
f 12620 579 580
f 579 12620 12619
f 12620 5539 12619
f 5539 12620 5540
f 5541 12621 5542
f 5541 5542 6256
f 5540 5541 6256
f 12620 5541 5540
f 5541 12620 12621
f 572 3637 3638
f 571 3637 572
f 3637 571 3636
f 3638 3637 3895
f 3637 3636 3895
f 571 570 3636
f 7746 7365 7747
f 7365 7746 7745
f 7745 7746 3764
f 7747 7366 7748
f 7365 7366 7747
f 7364 7745 7744
f 7364 7365 7745
f 7363 7364 7744
f 7365 7364 7370
f 5630 6344 6343
f 6344 5631 6345
f 6344 5630 5631
f 5631 5632 6345
f 5632 12697 12698
f 12697 5632 5631
f 7727 3740 3739
f 681 680 3744
f 3743 679 3742
f 3743 7727 3744
f 3743 3742 7727
f 680 3743 3744
f 3743 680 679
f 12696 12697 5631
f 12696 5630 12695
f 5630 12696 5631
f 676 12696 12695
f 7358 7738 7357
f 7738 7358 7359
f 3763 3762 7744
f 3763 7745 3764
f 7745 3763 7744
f 701 3763 3764
f 7743 3761 7742
f 3762 3761 7743
f 3761 3760 7742
f 3759 7741 3760
f 7741 3759 7740
f 3759 3758 7740
f 694 3756 3757
f 7738 7739 3757
f 7739 3758 3757
f 3758 7739 7740
f 7739 7738 7359
f 7740 7739 7360
f 7739 7359 7360
f 686 685 3749
f 686 3750 687
f 3750 686 3749
f 3749 3748 7727
f 3748 3747 7727
f 685 3748 3749
f 3747 684 683
f 684 3748 685
f 3748 684 3747
f 689 688 3752
f 3754 3755 691
f 3754 7736 3755
f 3909 690 689
f 690 3754 691
f 3754 690 3909
f 3753 3909 3752
f 3753 3754 3909
f 7732 7733 3752
f 3753 7733 7734
f 7733 3753 3752
f 7734 7733 7357
f 7733 7732 7357
f 7730 3750 7729
f 7730 7729 7357
f 7730 7731 3750
f 7732 7731 7357
f 7731 7730 7357
f 11605 11606 11985
f 11604 11605 11985
f 11603 11984 11602
f 11984 11603 11604
f 11382 11603 11602
f 11603 11382 11604
f 11984 11601 11602
f 11983 11601 11984
f 11578 11579 11973
f 11579 11578 11360
f 11977 11961 11962
f 11961 11977 11960
f 11961 11570 11962
f 11961 11960 11570
f 11587 11588 11980
f 3766 7747 7748
f 5669 6382 5668
f 11578 11359 11360
f 13569 10537 13570
f 10078 10538 10537
f 10537 10538 13570
f 11002 4474 11003
f 3887 3925 852
f 3925 3887 3888
f 833 834 12830
f 832 833 12829
f 833 12830 12829
f 7864 7865 3857
f 3855 829 828
f 7446 7862 7445
f 7448 7864 7447
f 7448 7865 7864
f 7452 7869 7451
f 7870 7871 3922
f 7869 7870 3922
f 7871 7870 7453
f 7870 7452 7453
f 7452 7870 7869
f 7869 7868 7451
f 7450 7868 7867
f 7451 7868 7450
f 7868 7869 3922
f 7846 7845 7436
f 7437 7846 7436
f 7426 107 108
f 7426 7425 107
f 3812 3811 7827
f 3811 7826 7827
f 7826 7424 7827
f 7840 7433 7434
f 7440 7854 7439
f 7856 7440 7441
f 7857 7856 7441
f 7859 7442 7443
f 826 3851 3852
f 3851 7859 3852
f 3845 820 3920
f 825 3851 826
f 3851 825 3850
f 823 822 3847
f 7749 7366 7367
f 7366 7749 7748
f 7364 7371 7370
f 7372 7371 7363
f 7371 7364 7363
f 7762 7372 7373
f 7368 7369 7754
f 7369 7365 7370
f 7369 7366 7365
f 7753 7368 7754
f 7758 7757 7370
f 7758 7371 7759
f 7371 7758 7370
f 3775 7758 7759
f 9670 10161 9669
f 11607 11608 11985
f 11608 11609 11985
f 11608 11387 11609
f 11390 11612 11611
f 4506 4507 11036
f 13590 4506 13589
f 4507 4506 13590
f 13588 4502 4501
f 4503 4502 13588
f 11032 4502 4503
f 4502 11031 4501
f 4502 11032 11031
f 8437 8436 6414
f 9704 9705 10195
f 13282 5061 13281
f 9170 13282 13281
f 10188 10664 10663
f 9701 5064 9702
f 10192 9701 9702
f 9701 5063 5064
f 5813 5812 12830
f 6542 5813 6543
f 5813 6542 5812
f 12831 834 835
f 834 12831 12830
f 7881 7882 3873
f 3874 7882 7883
f 3873 7882 3874
f 7883 7882 7464
f 7882 7463 7464
f 7463 7882 7462
f 7882 7881 7462
f 7881 7880 7461
f 7880 7460 7461
f 7880 7879 7460
f 7880 7881 3872
f 844 845 12838
f 12839 845 846
f 845 12839 12838
f 845 844 3879
f 846 845 3880
f 845 3879 3880
f 8558 9218 8557
f 8559 8558 6564
f 9218 9219 13326
f 9219 8559 9220
f 9219 8558 8559
f 8558 9219 9218
f 841 842 12836
f 842 3876 843
f 12836 5833 12835
f 6561 5833 6562
f 5834 5833 12836
f 5833 5834 6562
f 5834 6563 6562
f 8556 6563 8557
f 6563 8556 6562
f 6563 5834 6564
f 6563 8558 8557
f 8558 6563 6564
f 5834 5835 6564
f 5836 5835 12838
f 6564 5835 6565
f 5835 5836 6565
f 12837 5834 12836
f 12837 842 843
f 842 12837 12836
f 12837 5835 5834
f 844 12837 843
f 12837 844 12838
f 5835 12837 12838
f 3864 3865 835
f 833 3862 834
f 834 3863 835
f 3863 3864 835
f 3862 3863 834
f 3863 3862 3922
f 7871 3863 3922
f 3864 3863 7871
f 3865 836 835
f 836 3865 3867
f 12832 836 837
f 12831 12832 5816
f 12832 12831 835
f 836 12832 835
f 840 841 12835
f 3873 840 3872
f 841 840 3873
f 7460 7878 7459
f 7879 7878 7460
f 7457 7876 7875
f 7458 7876 7457
f 837 3868 3923
f 3868 836 3867
f 836 3868 837
f 3868 3867 7875
f 7876 3868 7875
f 10671 10670 10204
f 10670 10203 10204
f 10203 10670 10669
f 5838 12840 6568
f 12839 5838 5837
f 5838 12839 12840
f 9728 9729 10211
f 9201 9200 8539
f 9200 8538 8539
f 8538 9200 9199
f 8987 8986 8334
f 6308 8334 6307
f 6309 6308 5595
f 6308 5594 5595
f 6308 6307 5594
f 8335 6309 8336
f 8335 8987 8334
f 6308 8335 8334
f 8335 6308 6309
f 8327 8979 8978
f 8326 8327 8978
f 8979 8327 8328
f 8327 8326 6301
f 8327 6302 8328
f 6302 8327 6301
f 8325 6299 6300
f 8326 8325 6300
f 8979 13141 8978
f 13141 13140 8978
f 12671 5599 5598
f 5599 6312 5598
f 6310 5597 6311
f 6309 6310 8336
f 6310 6309 5596
f 5597 6310 5596
f 6313 5599 5600
f 5599 6313 6312
f 8990 8338 8991
f 6312 8338 6311
f 10977 11326 11325
f 10977 10978 11326
f 10977 11325 11324
f 10976 10977 11324
f 4447 10977 10976
f 13155 8992 8993
f 8991 13155 13154
f 8992 13155 8991
f 13156 13155 8993
f 11557 11558 11942
f 11559 11336 11560
f 11558 11559 11942
f 11559 11560 11942
f 11338 11561 11560
f 10993 11344 11343
f 10026 9527 10027
f 9527 10026 9526
f 10491 10031 10032
f 10031 10491 10490
f 10030 10031 10490
f 10489 10029 10030
f 13537 13538 4430
f 4429 13537 4430
f 13536 13537 4429
f 13537 10486 10487
f 10486 13537 13536
f 13538 10488 10489
f 10028 10488 10487
f 10488 13537 10487
f 13537 10488 13538
f 10029 10488 10028
f 10488 10029 10489
f 13130 13131 4896
f 3680 3679 3900
f 3900 3678 7671
f 3678 3677 7671
f 3679 3678 3900
f 7670 3676 7669
f 3677 3676 7670
f 618 3680 3681
f 3684 3683 7675
f 3685 3684 7675
f 3683 3684 620
f 3687 3686 7676
f 3687 7676 7677
f 3688 3687 7677
f 3689 7677 7678
f 3689 3688 7677
f 622 3685 3686
f 12656 622 12657
f 622 623 12657
f 625 3689 626
f 3689 625 3688
f 12659 625 626
f 5583 12659 5584
f 5578 5577 12657
f 5578 6292 6291
f 5577 5578 6291
f 6289 5576 6290
f 5576 5577 6290
f 5577 5576 12656
f 6296 6297 8322
f 6296 8321 6295
f 8321 6296 8322
f 6297 6296 5584
f 5583 6296 6295
f 6296 5583 5584
f 6299 6298 5586
f 6298 5585 5586
f 6298 6297 5585
f 8315 8314 6288
f 8315 6289 8316
f 6289 8315 6288
f 8315 8316 8968
f 6287 8313 6286
f 8314 8313 6287
f 8313 8312 6286
f 8313 8314 8966
f 8313 8965 8312
f 8965 8313 8966
f 13125 4890 13124
f 4890 4889 13124
f 4891 4890 13125
f 4890 4891 9519
f 9518 4890 9519
f 4889 4890 9518
f 10026 10485 10025
f 10486 10485 10026
f 10485 10484 10025
f 10485 13536 10484
f 10485 10486 13536
f 10508 10509 13551
f 10049 10509 10508
f 10506 10046 10047
f 10507 10506 10047
f 10046 10506 10505
f 10505 10506 13549
f 13549 10506 13550
f 10506 10507 13550
f 10533 13565 10532
f 13564 13565 4467
f 13565 13564 10532
f 3735 3907 3736
f 3736 3907 3737
f 3907 3735 3734
f 3735 673 3734
f 673 3736 674
f 673 3735 3736
f 5629 5628 12694
f 5629 12694 12695
f 5630 5629 12695
f 5629 5630 6343
f 6342 5629 6343
f 5629 6342 5628
f 11569 11959 11958
f 11959 11569 11960
f 3140 3141 3139
f 3147 3145 3146
f 3546 13651 13650
f 13652 13651 3546
f 13651 3346 13650
f 6680 7012 7011
f 7012 3546 7011
f 7012 6680 6681
f 7013 7012 6681
f 3546 7012 3547
f 7012 7013 3547
f 7014 7013 6681
f 7013 7014 3548
f 13661 13662 3362
f 13662 13661 3554
f 3555 13662 3554
f 13662 3555 13663
f 3555 7020 7021
f 7020 3555 3554
f 7022 3555 7021
f 3556 3555 7022
f 3156 3157 3155
f 3156 3359 3157
f 3154 3358 3155
f 3358 3154 3357
f 13659 3358 3357
f 3359 3358 13659
f 3358 3156 3155
f 3156 3358 3359
f 3148 3354 3149
f 3354 3148 3147
f 3148 3149 3144
f 3145 3148 3144
f 3148 3145 3147
f 3355 3150 3149
f 3354 3355 3149
f 3150 3355 3151
f 3355 3354 13657
f 13654 3350 13653
f 3548 13654 13653
f 13655 13654 3548
f 13654 3351 3350
f 13654 13655 3351
f 13655 3352 3351
f 3145 3352 3146
f 3351 3352 3144
f 3352 3145 3144
f 3354 13656 13657
f 13657 13656 3550
f 3549 13655 3548
f 7014 3549 3548
f 13656 3549 3550
f 3549 13656 13655
f 2246 2245 2221
f 2245 2222 2221
f 2245 7108 6681
f 2245 2246 7108
f 3371 3169 3370
f 3371 3372 3171
f 13669 3371 3370
f 3372 3371 13670
f 3371 13669 13670
f 3557 13665 3556
f 3363 3161 3160
f 3363 3364 3161
f 3363 3160 3362
f 3364 3363 13663
f 13662 3363 3362
f 3363 13662 13663
f 3559 7025 7026
f 3559 3558 7025
f 3560 3561 13670
f 13669 3560 13670
f 3559 3560 13669
f 3561 3560 7028
f 6684 7033 7032
f 7034 7033 6684
f 7033 3564 7032
f 7033 7034 3564
f 1609 1606 1607
f 1605 1606 1609
f 1607 1606 1690
f 1606 1605 1690
f 6928 6785 6929
f 6784 6785 6928
f 6785 7187 7188
f 6785 6784 7187
f 6779 6780 6924
f 6780 6925 6924
f 6925 6780 6781
f 6780 7183 6781
f 7183 6780 7182
f 6780 6779 7182
f 13778 7187 13777
f 7187 13778 7188
f 2289 13778 13777
f 13778 2289 2290
f 13781 7189 7188
f 13782 7189 13781
f 7190 7189 13784
f 2293 13781 2292
f 2293 13782 13781
f 13782 2293 2294
f 2177 2293 2292
f 2293 2177 2294
f 1706 11923 1997
f 1997 11923 2110
f 11922 11923 1819
f 2110 11923 2230
f 1521 1600 1522
f 1521 1520 1600
f 1523 1521 1522
f 1520 1525 1526
f 1526 1525 1611
f 1323 1324 1326
f 1323 1326 1327
f 1322 1323 1327
f 1323 1322 1375
f 1376 1323 1375
f 1377 1323 1376
f 1324 1323 1377
f 11733 1321 11734
f 1321 1322 11734
f 1321 1374 1375
f 1322 1321 1375
f 2277 2278 13763
f 2278 2279 13763
f 2278 2187 2279
f 2188 2077 2076
f 2188 2189 2077
f 2187 2188 2076
f 2189 2188 2277
f 2188 2278 2277
f 2278 2188 2187
f 3103 3283 3104
f 3103 2977 2976
f 2977 3103 3104
f 5136 12208 12209
f 5135 12208 5136
f 208 12205 3960
f 208 12206 12205
f 12853 4588 4587
f 4588 9231 4587
f 4588 12853 12854
f 9232 4588 12854
f 9737 9232 10219
f 9737 4588 9232
f 4588 9737 9231
f 7913 5861 7914
f 5861 5860 5126
f 5860 5861 7913
f 5862 5863 7914
f 5862 5127 5863
f 5861 5862 7914
f 5127 5862 5126
f 5862 5861 5126
f 7916 7915 5864
f 7915 7916 8583
f 8583 7916 12861
f 7916 7917 12861
f 7916 5864 7917
f 8582 8583 12859
f 8582 7915 8583
f 8581 8582 12859
f 8582 8581 7914
f 7915 8582 7914
f 7937 8598 5886
f 5149 7937 5886
f 8598 7937 12874
f 7937 5149 12224
f 7937 8599 12874
f 7937 12224 8599
f 223 5149 12222
f 222 223 12222
f 223 222 3967
f 223 3967 7564
f 3968 223 7564
f 12224 12225 8599
f 12225 5887 8599
f 5887 12225 12226
f 12225 12224 225
f 226 12225 225
f 12226 12225 226
f 9241 9744 9240
f 9744 10220 9240
f 9744 9745 13338
f 9744 9241 9745
f 5151 12231 12232
f 12231 5151 12230
f 12231 228 12232
f 228 12231 3971
f 12231 227 3971
f 12231 12230 227
f 7272 7565 7564
f 7565 7272 7273
f 7566 7565 7273
f 7565 3968 7564
f 7565 7566 3968
f 12875 7939 8600
f 4605 12875 8600
f 12875 7938 5150
f 7938 12875 8599
f 7939 12875 5888
f 12875 12230 5888
f 12230 12875 5150
f 9748 9243 13341
f 9243 4605 13341
f 9243 12875 4605
f 8599 9243 9748
f 12875 9243 8599
f 2424 2423 917
f 2423 2424 52
f 916 1065 917
f 916 2422 915
f 2423 916 917
f 916 2423 2422
f 1064 915 914
f 1064 916 915
f 916 1064 1065
f 2426 919 920
f 2432 2433 62
f 61 2432 62
f 2432 61 2431
f 928 2432 927
f 2432 928 2433
f 947 2445 946
f 2445 2444 946
f 2445 947 2446
f 2444 2445 72
f 1084 1056 1055
f 1090 1089 1052
f 1090 1052 1051
f 1089 1090 948
f 1090 949 948
f 949 1090 1091
f 924 2430 2429
f 1072 1073 927
f 919 1067 920
f 1061 1072 1062
f 1072 1061 1073
f 934 2437 933
f 65 2437 66
f 2437 2438 66
f 933 1078 1079
f 1078 1058 1079
f 83 84 7351
f 2456 84 2455
f 84 83 2455
f 83 2454 2455
f 2455 2454 958
f 958 2454 957
f 2454 2453 957
f 82 7350 7349
f 82 83 7350
f 2454 82 2453
f 82 2454 83
f 4042 4041 7634
f 7633 4041 4040
f 4041 7633 7634
f 7633 7632 7347
f 7348 7633 7347
f 7633 7348 7634
f 7632 7346 7347
f 7346 7632 7345
f 4044 7635 7636
f 4045 4044 7636
f 7635 4044 4043
f 4034 7628 7629
f 4035 4034 7629
f 7628 4034 4033
f 4033 4034 311
f 12321 319 12322
f 4039 7633 4040
f 7633 4039 7632
f 4037 7630 7631
f 12317 315 12318
f 4044 329 4043
f 77 2449 2450
f 77 7346 7345
f 2447 74 2446
f 2448 2447 949
f 2447 2446 948
f 949 2447 948
f 10236 10237 13350
f 10236 13350 13349
f 10236 9760 9761
f 10237 10236 9761
f 10235 10236 13349
f 9760 10236 10235
f 7949 7950 8610
f 7951 7950 5900
f 7950 8611 8610
f 8611 7950 7951
f 5899 5162 5900
f 7950 5899 5900
f 5899 7950 7949
f 5162 5899 5161
f 7948 8609 8608
f 7948 7949 8609
f 7948 8608 7947
f 5897 7948 7947
f 7952 5902 5903
f 5902 5901 5165
f 5901 5902 7951
f 5902 7952 7951
f 12239 236 12240
f 3980 236 3979
f 236 3978 3979
f 237 3980 3981
f 12241 237 3981
f 237 12241 12240
f 236 237 12240
f 237 236 3980
f 238 12241 3981
f 12241 238 12242
f 3982 238 3981
f 238 3982 12242
f 7584 3986 7583
f 7289 7584 7583
f 7584 7289 7290
f 5164 5163 12244
f 5163 5164 5901
f 5901 5164 5165
f 5164 12246 5165
f 7591 7296 7297
f 7296 7295 33
f 7296 33 34
f 7297 7296 34
f 5903 5166 5167
f 12247 5166 5165
f 5166 5902 5165
f 5902 5166 5903
f 5906 5169 5170
f 5169 5906 5905
f 5168 5169 5905
f 1034 1017 1016
f 1017 1034 1033
f 891 1036 1037
f 1037 1036 1015
f 1036 1016 1015
f 888 1032 1033
f 1034 888 1033
f 888 1034 889
f 2398 890 891
f 890 1036 891
f 2404 2403 898
f 31 2403 2404
f 898 2403 897
f 2403 2402 897
f 2402 2403 30
f 2403 31 30
f 7291 7292 7586
f 7292 7291 30
f 31 7292 30
f 12252 5171 5170
f 5171 5907 5170
f 5907 5171 5908
f 5908 5171 5172
f 5171 12253 5172
f 12253 5171 12252
f 5114 12180 12181
f 5115 5114 12181
f 12180 5114 12179
f 5114 5115 5849
f 5848 5114 5849
f 5848 7902 5847
f 7902 5848 7903
f 4586 10216 12849
f 10216 9735 12849
f 10216 4586 13336
f 13335 10216 13336
f 9735 10216 13335
f 5860 7911 5859
f 8578 7911 8579
f 5859 7911 7910
f 7911 8577 7910
f 8577 7911 8578
f 2526 2525 2503
f 2529 2504 2505
f 2529 2528 2504
f 2506 2529 2505
f 2529 2506 2507
f 2508 2529 2507
f 2529 2508 2509
f 2528 2529 12004
f 11999 2523 2524
f 12003 2526 12004
f 2526 12003 2525
f 2496 2516 2515
f 2517 2516 2496
f 2516 11986 2515
f 2516 2517 11986
f 6961 3505 6960
f 3506 6962 3507
f 3506 3315 3505
f 6961 3506 3505
f 3506 6961 6962
f 3316 3506 3507
f 3315 3506 3316
f 7223 6816 6815
f 6815 6816 6960
f 6816 6961 6960
f 6962 6818 6963
f 6818 6819 6963
f 7226 7225 13824
f 6821 7225 6822
f 7225 7226 6822
f 6966 3510 3509
f 3509 3510 3320
f 3511 3510 6967
f 3510 6966 6967
f 3510 3321 3320
f 3510 3511 3321
f 6963 6964 3508
f 6964 6965 3508
f 6819 6964 6963
f 3129 3128 3305
f 3128 3127 3305
f 3128 3129 2996
f 3127 3128 2996
f 3303 3497 3304
f 3496 3497 3303
f 3497 3498 3304
f 3497 6957 3498
f 3497 3496 6957
f 11831 1918 11832
f 11831 1859 1858
f 1859 11831 11832
f 11829 11830 1857
f 11831 11830 1916
f 1916 11830 1915
f 11830 11829 1915
f 1857 11830 1858
f 11830 11831 1858
f 1914 2030 2141
f 2030 2140 2141
f 11828 2030 1914
f 2030 11828 1913
f 2140 2030 1913
f 2634 6616 2633
f 2636 2635 2587
f 2635 2636 6618
f 2636 2637 6618
f 2586 2636 2587
f 2637 2636 2586
f 6612 2629 6613
f 2629 2630 6613
f 2630 2629 2593
f 6610 2626 6611
f 6610 6611 2694
f 6609 6610 2694
f 2623 2624 6609
f 2624 2623 2601
f 7642 7354 7355
f 4050 4049 7639
f 4050 7640 4051
f 7640 4050 7639
f 7639 7638 7352
f 7352 7638 7351
f 7638 7637 7351
f 4049 7638 7639
f 4046 7637 4047
f 4046 4045 7636
f 7637 4046 7636
f 343 4057 4058
f 4057 7649 4058
f 7649 4057 7648
f 7648 4057 7647
f 4057 4056 7647
f 341 4055 4056
f 356 355 4065
f 355 354 4065
f 12352 355 356
f 355 12352 354
f 12353 12354 5285
f 12353 12352 356
f 12353 356 357
f 12354 12353 357
f 12356 12355 359
f 12355 12354 358
f 359 12355 358
f 362 361 4068
f 363 362 4068
f 12357 12356 361
f 362 12357 361
f 365 364 4069
f 366 365 4069
f 368 4070 4071
f 5284 12353 5285
f 12353 5284 12352
f 5284 6004 5283
f 5284 12351 12352
f 12351 5284 5283
f 354 12351 353
f 12352 12351 354
f 12335 333 334
f 12336 12335 334
f 12335 12334 333
f 12335 12336 5266
f 8618 7958 7959
f 8618 8617 7958
f 5911 7961 7960
f 7961 7962 8621
f 7962 7961 5912
f 7961 5911 5912
f 8620 7961 8621
f 7961 8620 7960
f 7595 7596 3998
f 7596 7306 7597
f 7306 7596 7305
f 3997 7595 3998
f 7595 3997 3996
f 250 3997 3998
f 7303 37 38
f 7298 7297 34
f 35 7298 34
f 7594 7595 3996
f 12895 12894 8620
f 12894 12895 4636
f 5176 5913 5912
f 7963 5913 5914
f 5913 7962 5912
f 5913 7963 7962
f 253 4001 4002
f 12258 5176 12257
f 12258 253 12259
f 3999 251 3998
f 4000 3999 7597
f 3999 7596 7597
f 7596 3999 3998
f 56 57 7320
f 57 7321 7320
f 57 56 2427
f 2428 57 2427
f 7324 7325 7610
f 7325 7611 7610
f 7325 7326 7611
f 7326 7325 62
f 7325 61 62
f 7325 7324 61
f 7314 7602 7601
f 7602 4008 7601
f 7602 4009 4008
f 7602 7603 4010
f 4009 7602 4010
f 7312 7313 7601
f 7313 7314 7601
f 46 7313 7312
f 7314 7313 47
f 7313 46 47
f 49 2420 2421
f 5189 12269 12270
f 12269 263 264
f 265 266 12270
f 265 12269 264
f 12269 265 12270
f 4015 7606 4016
f 4015 4014 7606
f 273 4015 4016
f 4015 273 272
f 4013 7604 7605
f 4014 4013 7605
f 7604 4013 4012
f 265 4013 266
f 4013 267 266
f 267 4013 4014
f 4012 4013 264
f 4013 265 264
f 2424 53 52
f 6005 5284 5285
f 5284 6005 6004
f 5268 12336 12337
f 5996 5995 5266
f 5996 5268 5997
f 8030 8029 5981
f 8695 8030 8031
f 8029 8030 8694
f 8030 8695 8694
f 5982 8030 5981
f 8030 5982 8031
f 5982 5981 5245
f 5246 5982 5245
f 5251 5986 5250
f 12323 5251 5250
f 5251 12323 12324
f 12327 12326 324
f 12327 5254 12326
f 8008 8670 8669
f 8670 8008 8009
f 8670 12937 8669
f 8010 8671 8009
f 8672 8671 8010
f 8671 8670 8009
f 8671 8672 12939
f 5964 8014 5963
f 8014 8013 5963
f 8677 8014 8678
f 8013 8014 8677
f 12934 4676 12933
f 12941 12942 4684
f 5977 5978 8027
f 5978 8028 8027
f 5242 5978 5241
f 5978 5977 5241
f 5219 5220 5958
f 5220 5221 5959
f 5958 5220 5959
f 5220 5219 12291
f 5220 12291 12292
f 5221 5220 12292
f 5957 5219 5958
f 5957 8008 5956
f 5218 5957 5956
f 5219 5957 5218
f 8008 5957 8009
f 5957 5958 8009
f 5960 5961 8011
f 8010 5960 8011
f 5960 8010 5959
f 5222 5960 5959
f 8013 8012 5962
f 8012 5961 5962
f 5961 8012 8011
f 8012 8674 8011
f 5223 5222 12294
f 5224 5223 12295
f 5223 12294 12295
f 5223 5960 5222
f 5961 5223 5224
f 5960 5223 5961
f 5950 5949 5211
f 5949 5210 5211
f 5949 5948 5210
f 5952 5951 5213
f 5952 5214 5953
f 5214 5952 5213
f 8660 8659 7998
f 5949 8000 5948
f 5932 5931 5195
f 5931 5194 5195
f 5931 5930 5194
f 4664 4663 12923
f 4662 12922 4663
f 12914 12913 8638
f 12913 12912 8637
f 12912 12911 8636
f 8637 12912 8636
f 281 12277 280
f 12278 12277 281
f 12277 279 280
f 12279 283 284
f 12279 12278 283
f 12278 12279 5205
f 5209 5210 5947
f 12282 5209 12281
f 5209 12282 5210
f 5201 5200 12274
f 5200 5199 12274
f 5199 5200 5936
f 12273 5197 12272
f 7985 5935 5936
f 7986 7985 5936
f 7990 5940 5941
f 12926 12925 8651
f 12925 8650 8651
f 12925 4667 4666
f 12925 12926 4667
f 943 944 2442
f 2441 942 2442
f 942 943 2442
f 939 2439 938
f 2440 2439 939
f 2438 2439 67
f 67 2439 68
f 2439 2440 68
f 7622 4027 4026
f 7622 7623 4027
f 7623 7622 7334
f 5969 5233 5234
f 5969 5968 5233
f 5970 5969 5234
f 8020 5969 5970
f 5969 8020 8019
f 5968 5969 8019
f 5967 5232 5968
f 5967 5968 8018
f 5231 5967 5966
f 5232 5967 5231
f 5229 5228 12300
f 5228 5964 5227
f 5228 5229 5964
f 12303 5231 5230
f 12302 12303 5230
f 5231 12303 12304
f 12304 12303 303
f 12303 12302 303
f 5229 12301 5230
f 12301 12302 5230
f 12301 5229 12300
f 12301 12300 302
f 12302 12301 302
f 12298 12299 5227
f 12299 5228 5227
f 5228 12299 12300
f 12300 12299 301
f 12299 12298 301
f 300 12297 12296
f 12298 12297 300
f 12297 12298 5226
f 12297 5225 12296
f 5225 12297 5226
f 12283 12284 5211
f 5210 12283 5211
f 12282 12283 5210
f 12284 12283 289
f 12283 288 289
f 12283 12282 288
f 296 4028 297
f 296 295 4028
f 12292 296 297
f 12291 296 12292
f 296 12291 12290
f 295 296 12290
f 10266 13373 13372
f 4271 13373 13374
f 10264 9780 9781
f 10264 10263 9780
f 10265 10264 9781
f 10264 10265 13372
f 13371 10264 13372
f 10263 10264 13371
f 12907 4650 4649
f 12908 4650 12907
f 4650 12908 4651
f 9780 9280 9781
f 9279 9280 9780
f 9280 9279 4649
f 4650 9280 4649
f 8628 7968 7969
f 8628 8627 7968
f 12902 8628 12903
f 8628 12902 8627
f 12265 259 260
f 12266 12265 260
f 259 12265 12264
f 12267 261 262
f 12267 12266 261
f 5920 5921 7970
f 5920 7969 5919
f 5920 7970 7969
f 7972 8633 8632
f 7977 5928 7978
f 5928 7977 5927
f 7976 7977 8637
f 8638 7977 7978
f 8637 7977 8638
f 5929 5928 5192
f 5929 5193 5930
f 5193 5929 5192
f 5928 5929 7978
f 5191 5927 5190
f 5191 5928 5927
f 5928 5191 5192
f 12270 5191 5190
f 5191 12270 12271
f 5192 5191 12271
f 5924 7975 7974
f 7974 7975 8635
f 7975 8636 8635
f 7975 7976 8636
f 7977 5926 5927
f 5926 7977 7976
f 5927 5926 5190
f 5926 5189 5190
f 12897 8622 8623
f 7962 8622 8621
f 8621 8622 12896
f 8622 12897 12896
f 7963 8622 7962
f 8622 7963 8623
f 12899 4641 4640
f 4640 4641 9274
f 4641 9275 9274
f 12900 8625 8626
f 12900 12899 8625
f 12900 4641 12899
f 12906 12905 8630
f 12905 12904 8630
f 12905 12906 4648
f 4647 12905 4648
f 12904 12905 4647
f 12902 4645 4644
f 4645 4646 9277
f 4644 4645 9277
f 4645 12903 4646
f 4645 12902 12903
f 12891 4633 4632
f 8617 12891 8616
f 12891 12890 8616
f 12891 4632 4631
f 12890 12891 4631
f 12892 8618 12893
f 8618 12892 8617
f 4634 12892 12893
f 12892 4634 4633
f 12892 12891 8617
f 12891 12892 4633
f 4634 4635 9269
f 9270 4635 4636
f 9269 4635 9270
f 4635 12894 4636
f 4635 4634 12893
f 12894 4635 12893
f 7955 7956 8615
f 7955 7954 5905
f 5906 7955 5905
f 7956 7955 5906
f 7955 8615 8614
f 7954 7955 8614
f 2412 2411 907
f 908 2412 907
f 39 40 7306
f 39 7305 38
f 39 7306 7305
f 2411 39 38
f 2412 39 2411
f 39 2412 40
f 2414 910 2415
f 910 2414 909
f 41 42 7309
f 7309 42 7310
f 42 43 7310
f 2414 42 41
f 43 42 2415
f 42 2414 2415
f 46 2418 47
f 9801 10294 10293
f 9801 9802 10294
f 10725 4269 10726
f 4269 10725 4268
f 4269 4268 13372
f 13373 4269 13372
f 4266 4267 10723
f 4266 10722 4265
f 10722 4266 10723
f 4267 4266 13371
f 13370 4266 4265
f 13371 4266 13370
f 10730 10731 11109
f 10729 10730 11108
f 10730 11109 11108
f 10731 10730 4275
f 11110 10732 11111
f 10731 10732 11110
f 10732 10733 11111
f 4276 10732 10731
f 10733 10732 4277
f 10732 4276 4277
f 9788 9787 9290
f 10284 13385 13384
f 13385 10284 13386
f 10284 10285 13386
f 9787 9289 9290
f 9289 4659 9290
f 13377 13378 4275
f 4274 13377 4275
f 13377 4274 13376
f 10730 4274 4275
f 4274 10730 10729
f 13374 13375 4272
f 13375 10272 13376
f 9786 10272 9785
f 13379 4276 13378
f 13379 13378 10278
f 4276 13379 4277
f 13379 13380 4277
f 3433 3434 3245
f 3434 3246 3245
f 3434 3435 3246
f 3432 3433 3243
f 3242 3432 3243
f 3431 3432 3242
f 6891 3434 3433
f 7158 13740 13741
f 13739 7157 13738
f 13740 7157 13739
f 7157 13740 7158
f 7157 7158 6754
f 6753 7157 6754
f 7151 13734 7152
f 7151 7150 13733
f 13734 7151 13733
f 7151 6741 7150
f 6741 7151 6742
f 6732 6731 7149
f 6731 6730 7149
f 7148 6729 6728
f 6730 6729 7148
f 6729 6730 6871
f 6733 6732 7149
f 6893 6750 6751
f 6750 6749 7154
f 6750 7155 6751
f 6750 7154 7155
f 3426 3237 3236
f 2929 2801 2800
f 12089 2801 2802
f 2801 12089 2800
f 2930 2803 2802
f 2930 2931 2803
f 2801 2930 2802
f 2930 2801 2929
f 3043 2929 2928
f 2923 3034 3035
f 2793 2923 2794
f 2927 2926 3040
f 2799 2927 2928
f 2926 2927 2798
f 2927 2799 2798
f 2796 2797 12093
f 2797 12092 12093
f 12092 2797 2798
f 2797 2926 2798
f 2926 2797 2925
f 2797 2796 2925
f 2914 3021 2915
f 3021 3022 2915
f 3025 3024 3223
f 3024 3025 2917
f 2916 3024 2917
f 6867 3408 3407
f 6869 6727 6728
f 3024 3222 3223
f 6869 3410 3409
f 3409 3410 3217
f 2908 3014 2909
f 2907 2780 2779
f 2907 2908 2780
f 2998 2896 2997
f 2998 2999 2896
f 3208 2998 2997
f 2999 2998 3208
f 3209 3210 3000
f 2999 3209 3000
f 3209 2999 3208
f 3209 3208 3407
f 3210 3209 3407
f 3210 3001 3000
f 3001 2898 3000
f 2901 2900 3005
f 3006 2901 3005
f 2901 3007 2902
f 2901 3006 3007
f 2901 2902 2771
f 2770 2901 2771
f 2901 2770 2769
f 2900 2901 2769
f 3407 3212 3211
f 3212 3004 3211
f 3004 3212 3005
f 3008 3215 3009
f 3215 3010 3009
f 3408 3215 3407
f 3603 3602 3600
f 3602 3603 526
f 3891 3602 526
f 6201 5489 6202
f 8227 6201 6202
f 12575 521 522
f 12575 12574 521
f 8229 8230 8881
f 13083 8880 8881
f 8880 8229 8881
f 8229 8880 8228
f 8879 8878 8227
f 8228 8879 8227
f 8880 8879 8228
f 8879 13081 8878
f 8223 8875 8874
f 8223 8224 8875
f 8223 8874 8222
f 8224 8223 6198
f 5482 5481 12571
f 5484 12574 5485
f 6198 5484 5485
f 5484 12573 12574
f 12573 5484 5483
f 12574 12573 521
f 12573 520 521
f 12569 12568 517
f 518 12569 517
f 5462 12556 12557
f 5463 5462 12557
f 12560 5467 5466
f 12561 5467 12560
f 5467 12561 5468
f 5465 12559 5466
f 6179 5465 5466
f 12558 12557 511
f 12559 12558 511
f 5465 12558 12559
f 8886 8235 8236
f 8235 6210 8236
f 8885 8884 8234
f 8235 8885 8234
f 8885 8235 8886
f 8884 8885 13086
f 8885 8886 13086
f 8231 8232 8882
f 8881 8231 8882
f 8230 8231 8881
f 8232 8231 6207
f 8232 8883 8882
f 8883 8884 13085
f 8883 13084 8882
f 8883 13085 13084
f 8884 8233 8234
f 8883 8233 8884
f 8233 8883 8232
f 6206 8231 8230
f 8231 6206 6207
f 6207 6206 5495
f 6203 8228 6202
f 6203 5492 6204
f 5500 12582 5501
f 5500 5499 12581
f 12582 5500 12581
f 12579 5496 5495
f 6211 5499 6212
f 8237 6211 6212
f 6210 6211 8236
f 6211 8237 8236
f 12583 5502 5501
f 12584 5502 12583
f 5502 12584 5503
f 5502 6215 5501
f 4806 4805 13058
f 4805 9431 9430
f 9431 4806 9432
f 4806 9431 4805
f 4805 13057 13058
f 13057 8847 13058
f 13061 4809 4808
f 13060 13061 4808
f 8816 8817 13042
f 13051 13052 4798
f 13052 4799 4798
f 4799 4795 4796
f 13055 4801 13054
f 8844 13055 13054
f 8845 13055 8844
f 13055 8845 13056
f 9428 4802 4803
f 4801 4802 9428
f 13055 4802 4801
f 4802 13056 4803
f 4802 13055 13056
f 9427 4801 9428
f 9435 9434 4808
f 12494 5399 5398
f 5400 5399 12494
f 5400 5401 6135
f 5402 5401 12495
f 5401 12494 12495
f 5401 5400 12494
f 6137 6152 8166
f 5499 6213 6212
f 5500 6213 5499
f 8891 8239 8892
f 6213 8239 6212
f 8895 8243 8896
f 8242 8243 8895
f 13497 13498 4400
f 13498 13497 10440
f 13497 10439 10440
f 10921 4399 4400
f 10920 4399 10921
f 10437 13494 10436
f 13495 13494 10437
f 10916 10915 4393
f 10915 11237 10914
f 10917 11241 11240
f 11241 10917 11242
f 11241 11242 11195
f 11196 11241 11195
f 11241 11196 11240
f 4395 4394 13491
f 4394 4395 10917
f 4394 10916 4393
f 4394 10917 10916
f 10434 13492 13491
f 9976 9975 9475
f 9977 9976 9476
f 9976 9475 9476
f 10437 9976 9977
f 9976 10437 10436
f 9975 9976 10436
f 8224 8225 8876
f 8225 8877 8876
f 8225 6199 6200
f 6199 8225 8224
f 4390 13487 4391
f 9960 9959 9461
f 9462 9960 9461
f 9462 4833 9463
f 9462 9461 4832
f 4833 9462 4832
f 9962 9463 9963
f 10405 13463 13462
f 10415 9956 9957
f 9956 9459 9957
f 10414 9956 10415
f 9956 10414 9955
f 9450 9949 9449
f 9951 9452 9952
f 13461 13460 10371
f 10369 10370 13459
f 10370 13460 13459
f 13460 10370 10371
f 10368 13458 13457
f 13458 10369 13459
f 13458 10368 10369
f 13458 13459 13464
f 9915 9914 9412
f 9914 9913 9412
f 12566 515 516
f 12567 12566 516
f 515 12566 12565
f 12566 5475 12565
f 5475 12566 5476
f 12566 12567 5476
f 6192 8219 8218
f 8219 8870 8218
f 8219 8220 8871
f 8870 8219 8871
f 6197 5484 6198
f 5484 6197 5483
f 8223 6197 6198
f 6194 6193 5480
f 6193 8219 6192
f 6193 6194 8220
f 8219 6193 8220
f 8867 13073 13072
f 13073 8867 8868
f 4831 13075 4832
f 4831 13074 13075
f 13076 4833 13075
f 8871 13076 13075
f 8872 13076 8871
f 13077 13076 8873
f 13076 8872 8873
f 8869 8217 8218
f 8870 8869 8218
f 8217 8869 8868
f 8869 8870 13074
f 8869 13073 8868
f 13073 8869 13074
f 4834 13077 4835
f 4834 4835 9464
f 4834 13076 13077
f 13076 4834 4833
f 9463 4834 9464
f 4833 4834 9463
f 9454 9953 9952
f 4829 9458 9457
f 9956 9458 9459
f 9458 9955 9457
f 9458 9956 9955
f 6190 5477 5478
f 6191 6190 5478
f 5477 6190 6189
f 6186 6185 5474
f 5475 6186 5474
f 8212 6188 6189
f 9452 4823 4824
f 4822 4823 9452
f 4824 4823 13072
f 4823 13071 13072
f 4823 4822 13071
f 4817 13067 13068
f 4818 4817 13068
f 9910 10372 10371
f 9911 10372 9910
f 10372 13461 10371
f 9447 4817 4818
f 8191 6172 8192
f 8191 8190 6172
f 8845 8191 8192
f 8190 8191 8844
f 8191 8845 8844
f 8198 8849 8197
f 8199 6177 8200
f 6177 8198 6176
f 6177 8199 8198
f 5462 6177 6176
f 6177 5462 5463
f 8200 6178 8201
f 6178 6179 8201
f 6177 6178 8200
f 6178 6177 5463
f 6178 5465 6179
f 8202 6180 8203
f 6179 6180 8202
f 6180 8204 8203
f 6180 5467 5468
f 6180 6179 5466
f 5467 6180 5466
f 4812 4811 13063
f 4813 13064 13065
f 4813 4812 13064
f 8857 8858 13066
f 8856 8857 13066
f 8857 8856 8205
f 8853 8854 13063
f 8202 8853 8852
f 8853 8202 8203
f 8854 8853 8203
f 6160 6159 5441
f 6159 5440 5441
f 5440 6159 6158
f 6158 6159 8172
f 8175 6160 6161
f 6152 5433 5434
f 5434 5433 12530
f 12529 5433 5432
f 5433 12529 12530
f 6147 6141 6146
f 6147 5428 5429
f 5428 6147 6146
f 6123 8149 6122
f 5392 6125 5391
f 5390 6123 5389
f 5390 5389 12490
f 5390 12491 5391
f 12491 5390 12490
f 8185 8184 6167
f 6167 8184 6166
f 8184 8183 6166
f 8837 8180 8181
f 8180 6164 8181
f 8179 8178 6163
f 6162 8178 8177
f 6163 8178 6162
f 8178 8834 8177
f 13047 13046 8822
f 13046 13047 13048
f 13047 8824 13048
f 5438 6156 5437
f 6157 6156 5438
f 8170 6157 6158
f 10446 10447 13503
f 10446 13502 10445
f 13502 10446 13503
f 10447 10446 9987
f 10446 9986 9987
f 9986 10446 10445
f 4852 9482 4851
f 4852 4851 13089
f 4853 4852 13089
f 4852 4853 9483
f 9482 4852 9483
f 6116 5383 5384
f 6116 6115 5383
f 6115 6116 8143
f 5383 6114 5382
f 6115 6114 5383
f 13039 8813 8814
f 8813 8142 8814
f 8141 8142 8813
f 8142 6115 8143
f 8142 6114 6115
f 6114 8142 8141
f 4793 13039 4794
f 4792 4793 9427
f 8804 13032 8803
f 8804 8135 8805
f 8804 8803 8135
f 13033 4784 13032
f 13033 8804 8805
f 8804 13033 13032
f 11236 11237 11198
f 11235 11236 11198
f 11237 11236 10914
f 11236 11235 10914
f 11234 11199 11233
f 11234 11235 11199
f 10912 11234 11233
f 4345 13448 4346
f 13448 4345 4344
f 4344 4345 10885
f 4345 4346 10886
f 10885 4345 10886
f 10353 10354 13447
f 10354 13448 13447
f 10354 10355 13448
f 9896 10354 10353
f 10352 10351 9894
f 9895 10352 9894
f 10352 9895 10353
f 10352 10353 13447
f 10352 13447 13446
f 10351 10352 13446
f 13449 4347 13448
f 4349 13449 13450
f 10888 4348 4349
f 4348 10888 4347
f 4348 13449 4349
f 13449 4348 4347
f 11212 10890 10891
f 4353 4352 13451
f 4352 4353 10891
f 4353 10892 10891
f 4360 13454 13455
f 13452 10362 13453
f 4357 13452 13453
f 10910 10909 4388
f 10909 10908 4388
f 11230 10909 10910
f 11231 11230 10910
f 11230 11231 11201
f 10899 11218 10898
f 11220 11219 10900
f 11219 10899 10900
f 10899 11219 11218
f 11219 11220 11209
f 11218 11217 10898
f 11224 11225 11205
f 11223 11224 11205
f 10904 11224 11223
f 11225 11224 10905
f 11224 10904 10905
f 11220 11208 11209
f 11208 10888 11209
f 11208 11207 10888
f 11206 11223 11205
f 10887 11206 11205
f 10888 11206 10887
f 11207 11206 10888
f 11206 11222 11223
f 11222 11206 11207
f 11223 11222 10903
f 11222 10902 10903
f 11226 11227 11203
f 11227 11228 11203
f 11227 11226 10907
f 10908 11227 10907
f 11228 11227 10908
f 11202 11229 11230
f 11228 11229 11202
f 11229 10909 11230
f 11229 11228 10908
f 10909 11229 10908
f 4382 10902 10901
f 4381 4382 10901
f 4386 10906 10905
f 10906 4386 10907
f 11226 10906 10907
f 10906 11225 10905
f 10906 11226 11225
f 4386 4387 10907
f 10908 4387 4388
f 4387 10908 10907
f 10894 11215 10893
f 10894 10895 11215
f 11217 10897 10898
f 10897 11217 11216
f 10897 4377 10898
f 4358 4357 13453
f 13454 4358 13453
f 4355 4356 10893
f 13452 4356 4355
f 4356 13452 4357
f 4835 9465 9464
f 4836 9465 4835
f 9466 9465 4836
f 9964 9963 9464
f 9465 9964 9464
f 9966 9466 9467
f 9469 4838 4839
f 9470 9469 4839
f 9471 4840 4841
f 9471 9470 4840
f 9472 9471 4841
f 9471 9971 9470
f 13020 4760 13019
f 4761 4760 13020
f 13019 4760 4759
f 4760 4761 9389
f 9388 4760 9389
f 4760 9388 4759
f 8801 8802 13031
f 13030 8801 13031
f 8801 13030 8800
f 8133 8801 8800
f 8802 8801 8133
f 8794 13027 8793
f 13028 4776 13027
f 6227 6226 5513
f 5512 6226 6225
f 5513 6226 5512
f 6226 6227 8253
f 6224 8250 6223
f 8251 8250 6224
f 8257 8256 6230
f 8256 6229 6230
f 8256 8255 6229
f 6227 8254 8253
f 13103 8909 13104
f 4869 13103 13104
f 13103 4869 4868
f 13102 13103 4868
f 8907 13103 13102
f 8907 8254 8255
f 13101 4867 4866
f 13101 13102 4867
f 4861 9491 9490
f 4861 4862 9491
f 4860 4861 9490
f 4862 4861 13096
f 4861 13095 13096
f 13095 4861 4860
f 4863 9493 9492
f 4862 4863 9492
f 9493 4863 4864
f 4863 4862 13097
f 4863 13098 4864
f 13098 4863 13097
f 12443 12442 413
f 12444 12443 413
f 12443 12444 5335
f 12443 5334 12442
f 5334 12443 5335
f 12446 5336 12445
f 12446 12447 5336
f 12446 12445 414
f 12447 12446 414
f 12449 5338 12448
f 5338 12449 12450
f 12450 12449 416
f 12449 415 416
f 12449 12448 415
f 12419 12420 5320
f 12418 12419 5320
f 12419 12418 403
f 404 12419 403
f 12420 12419 404
f 12417 5319 12416
f 12417 12418 5319
f 12417 12416 403
f 12418 12417 403
f 12436 12435 410
f 410 12435 409
f 12435 12434 409
f 12435 12436 5327
f 5326 12435 5327
f 12435 5326 12434
f 12437 410 411
f 12437 12436 410
f 12438 12437 411
f 5329 12437 12438
f 12437 5329 5328
f 12436 12437 5328
f 12432 12431 408
f 12433 12432 408
f 12431 12432 5324
f 5325 6062 6061
f 5325 5326 6062
f 5325 6061 5324
f 12432 5325 5324
f 5325 12432 12433
f 5325 12433 12434
f 5326 5325 12434
f 4319 13427 4320
f 13427 4319 4318
f 10780 4319 10781
f 4319 4320 10781
f 4319 10780 10779
f 4318 4319 10779
f 13428 10330 10331
f 13428 13427 10330
f 13429 13428 10331
f 13427 13428 4320
f 4320 13428 4321
f 13428 13429 4321
f 9369 9368 4738
f 9369 4739 9370
f 4739 9369 4738
f 9368 9369 9869
f 9870 9369 9370
f 9369 9870 9869
f 10766 10765 4307
f 10766 4308 10767
f 10766 4307 4308
f 11138 10766 10767
f 11137 10766 11138
f 10766 11137 10765
f 4723 12992 4724
f 12991 12992 4723
f 12992 4725 4724
f 4725 12992 12993
f 8743 12992 8742
f 12992 8743 12993
f 12992 8741 8742
f 12992 12991 8741
f 8744 8745 12993
f 8743 8744 12993
f 8744 8743 8087
f 8744 8087 8088
f 8745 8744 8088
f 9357 4727 4728
f 9358 9357 4728
f 4727 9357 9356
f 9357 9358 9858
f 9357 9857 9356
f 9357 9858 9857
f 13412 4300 13411
f 13412 13413 4300
f 13412 13411 10313
f 13413 13412 10313
f 4304 4303 13416
f 4304 13417 4305
f 13417 4304 13416
f 4303 4304 10762
f 4304 10763 10762
f 10763 4304 4305
f 4303 13415 13416
f 13415 10315 13416
f 4302 10761 10760
f 4302 4303 10761
f 4301 4302 10760
f 4302 13415 4303
f 9846 9346 9847
f 9346 9846 9345
f 9346 9347 9847
f 9347 9346 4717
f 9346 4716 4717
f 4716 9346 4715
f 9346 9345 4715
f 12379 5301 12378
f 5301 5300 12378
f 12380 5301 12379
f 5301 12381 5302
f 5301 12380 12381
f 6021 5301 5302
f 5301 6021 6020
f 5300 6019 6018
f 6018 6019 8052
f 6019 6020 8052
f 6017 5299 6018
f 6017 6016 5299
f 8049 8048 6014
f 6013 8048 8047
f 8048 6013 6014
f 8048 8709 8047
f 8048 8049 8710
f 8709 8048 8710
f 383 12385 382
f 12386 12385 383
f 12385 12384 382
f 12384 12385 5303
f 12390 5306 12389
f 5306 12391 5307
f 5306 12390 12391
f 5306 6029 6028
f 6029 5306 5307
f 6043 6042 5313
f 6042 6043 8068
f 7687 4082 4081
f 4083 4082 7687
f 4082 397 4081
f 4082 4083 398
f 397 4082 398
f 7690 4086 4085
f 4086 4087 401
f 4086 7691 4087
f 4086 7690 7691
f 400 4086 401
f 4085 4086 400
f 8688 12958 12957
f 12956 8688 12957
f 8688 12956 8687
f 8688 8023 8024
f 8023 8688 8687
f 12948 12949 4688
f 12947 12948 4688
f 8681 12948 12947
f 12949 12948 8682
f 12948 8681 8682
f 12947 12946 8680
f 8679 12946 12945
f 12946 8679 8680
f 12946 12947 4687
f 12945 12946 4686
f 12946 4687 4686
f 12950 12949 8682
f 8683 12950 8682
f 12949 12950 4689
f 12971 12972 4701
f 4700 12971 4701
f 12971 4700 12970
f 8712 12976 12975
f 8711 8712 12975
f 12972 8708 12973
f 8708 8709 12973
f 8709 8708 8047
f 9805 10298 9804
f 9311 9805 9804
f 9805 9311 9312
f 9806 9805 9312
f 10299 9806 10300
f 10298 10299 13395
f 10299 10300 13395
f 9805 10299 10298
f 10299 9805 9806
f 10295 9802 10296
f 9802 10295 10294
f 13394 10295 10296
f 10295 13394 13393
f 10294 10295 13393
f 9301 4669 9302
f 4669 4670 9302
f 4669 9301 4668
f 12926 12927 4668
f 12927 4669 4668
f 9311 4680 4681
f 4680 4679 12937
f 4679 9310 9309
f 9310 9803 9309
f 9310 4680 9311
f 4680 9310 4679
f 9803 9310 9804
f 9310 9311 9804
f 8661 8660 7998
f 4675 12932 12933
f 4676 4675 12933
f 12932 4675 4674
f 4675 9306 4674
f 4675 9307 9306
f 4675 4676 9307
f 4676 9308 9307
f 9308 4678 9309
f 9802 9308 9309
f 9801 9308 9802
f 6022 8054 6021
f 8054 8053 6021
f 8055 8054 6023
f 8054 6022 6023
f 8054 8055 8717
f 8716 8054 8717
f 8053 8054 8716
f 12406 5315 12405
f 12406 12407 5315
f 397 12406 12405
f 12406 397 398
f 12407 12406 398
f 6046 6045 5315
f 6047 6046 5315
f 6046 8070 6045
f 8071 6046 6047
f 8070 6046 8071
f 6044 8069 8068
f 8069 8731 8068
f 6045 8069 6044
f 8070 8069 6045
f 8731 8069 8732
f 8069 8070 8732
f 9850 9349 9851
f 9349 9850 9348
f 9851 9349 9350
f 9349 4720 9350
f 4720 9349 4719
f 9349 9348 4719
f 10804 10805 11158
f 10803 10804 11158
f 10805 10804 4327
f 10804 10803 4327
f 10812 11160 10811
f 11160 10812 10813
f 10812 10811 4327
f 10813 10812 4327
f 10809 10808 4327
f 10808 10809 11159
f 10809 11160 11159
f 10826 11166 10825
f 11166 10826 10827
f 10826 10825 4329
f 10827 10826 4329
f 10815 10816 11161
f 10816 10815 4328
f 10817 10816 4328
f 11162 10817 10818
f 10819 11162 10818
f 11162 10819 11163
f 10816 11162 11161
f 11162 10816 10817
f 11162 11538 11161
f 11538 11162 11539
f 11162 11540 11539
f 11162 11163 11540
f 11164 10822 10823
f 10823 10822 4329
f 11157 10801 10802
f 10800 10801 11157
f 10802 10801 4326
f 10801 10800 4326
f 11524 11154 11525
f 11524 11523 11154
f 10368 9908 10369
f 9907 9908 10368
f 10366 9906 10367
f 9906 9907 10367
f 9906 9406 9907
f 4769 4768 13026
f 13025 4768 4767
f 4768 13025 13026
f 4767 4768 9396
f 8799 8132 8800
f 8799 8798 8132
f 13030 8799 8800
f 10363 9901 9902
f 10363 10362 9901
f 10362 10363 13453
f 10363 13454 13453
f 9897 10354 9896
f 10354 9897 10355
f 9897 9898 10357
f 13444 4338 13443
f 13444 13443 10347
f 10348 13444 10347
f 13444 4339 4338
f 13444 10348 10349
f 10831 10830 4330
f 10830 10829 4330
f 10830 10831 11168
f 10829 10830 11168
f 10835 10834 4330
f 10834 10833 4330
f 10834 10835 11170
f 10833 10834 11170
f 10832 10831 4330
f 10833 10832 4330
f 10831 10832 11169
f 10832 10833 11169
f 10846 4331 10847
f 10846 10847 11173
f 13514 4411 13513
f 4412 4411 13514
f 13512 4411 4410
f 4411 13512 13513
f 4411 4412 10932
f 10931 4411 10932
f 4411 10931 4410
f 12519 5423 12518
f 12520 12519 488
f 5424 12519 12520
f 5423 12519 5424
f 488 12519 487
f 12519 12518 487
f 12503 12504 5417
f 12504 12503 481
f 480 12503 12502
f 12503 480 481
f 2468 172 2467
f 172 171 2467
f 7526 172 7527
f 171 172 7526
f 2461 965 966
f 2461 2460 965
f 168 167 2463
f 167 7521 7520
f 7521 167 168
f 7519 167 7520
f 166 167 7519
f 2460 164 2459
f 2461 164 2460
f 7513 164 7514
f 7123 7122 2254
f 13715 7123 2254
f 7123 13715 7124
f 7121 2253 2254
f 7122 7121 2254
f 7121 7120 2253
f 7120 7121 6687
f 6693 7125 6694
f 7125 7126 6694
f 13715 7125 7124
f 7126 7125 13715
f 3387 13678 13679
f 3388 3387 13679
f 3565 3566 13674
f 3565 13674 13673
f 3564 3565 13673
f 7034 3565 3564
f 3566 3565 7036
f 3571 3570 7043
f 3570 3571 13678
f 13678 3571 3572
f 7044 3571 7043
f 3571 7044 3572
f 3185 3184 3380
f 3186 3382 3187
f 3387 3386 13678
f 3191 3386 3192
f 3386 3387 3192
f 3569 13676 3568
f 13677 13676 3569
f 13676 3567 3568
f 13676 13675 3567
f 3194 3388 3389
f 11888 1966 11889
f 11888 11889 1790
f 11887 11888 1790
f 1965 11888 11887
f 1966 11888 1965
f 6917 3459 3458
f 3459 6917 6918
f 1668 1576 1667
f 1577 1576 1668
f 1667 1576 1575
f 1576 1577 11783
f 11782 1576 11783
f 1575 1576 11782
f 1332 1389 1333
f 1332 1283 1282
f 1283 1332 1333
f 1332 1331 1388
f 1331 1332 1282
f 1449 1332 1388
f 1389 1332 1449
f 1275 11687 11688
f 11687 1280 11688
f 11687 1275 1274
f 11800 1594 11801
f 1487 11800 1423
f 11800 11801 1423
f 11799 11800 1487
f 1683 1682 1773
f 1774 1683 1773
f 1775 1683 1774
f 1594 1684 1685
f 1684 1775 1685
f 1684 1683 1775
f 11715 11716 1249
f 11715 1307 11716
f 11714 11715 1249
f 1307 11715 11714
f 11714 11713 1306
f 11713 11712 1306
f 11712 11713 1247
f 11713 1248 1247
f 11713 11714 1248
f 4208 4207 1151
f 4207 4206 1151
f 4209 4208 1151
f 4210 4209 1151
f 4211 1152 4212
f 4211 4210 1152
f 4143 4194 4195
f 4194 1183 4195
f 4194 4193 1183
f 4193 4194 4144
f 4194 4143 4144
f 4203 4202 1150
f 4201 4200 1150
f 4202 4201 1150
f 1149 4196 4195
f 4197 4196 1149
f 4196 4143 4195
f 4198 4197 1149
f 1337 1394 1338
f 1337 1393 1394
f 1337 1289 1288
f 1289 1337 1338
f 1336 1337 1288
f 1393 1337 1336
f 1177 4172 4171
f 4172 4177 4171
f 4174 1178 4175
f 4174 1177 1178
f 1178 4176 4175
f 4177 4176 1178
f 4177 4178 4171
f 4179 4178 1179
f 4178 1178 1179
f 4178 4177 1178
f 11739 1385 11740
f 11739 1328 1385
f 1270 11739 11740
f 11739 1270 1269
f 1268 1221 1220
f 1267 1268 1220
f 1221 1268 1269
f 1268 11739 1269
f 1432 1431 1496
f 1372 1431 1432
f 1431 1372 1371
f 1431 1495 1496
f 1430 1431 1371
f 1431 1430 1495
f 1429 1430 1369
f 1429 1493 1494
f 1430 1429 1494
f 1317 1316 1369
f 11725 1316 11726
f 1316 1317 11726
f 1315 1316 11725
f 1426 1366 1425
f 1363 1487 1423
f 1310 1363 1423
f 1363 1362 1487
f 11720 11719 1311
f 11719 1310 1311
f 1310 11719 11718
f 1252 11719 11720
f 11718 11719 1251
f 11719 1252 1251
f 1427 1366 1426
f 1366 1427 1367
f 11798 11799 1486
f 11797 11798 1486
f 11798 11797 1591
f 1365 1364 1424
f 1365 1312 1364
f 1365 1424 1425
f 1366 1365 1425
f 11802 1488 1595
f 1488 11802 1489
f 1489 11802 11803
f 11802 1595 1596
f 11803 11802 1596
f 4165 1175 1176
f 1176 1175 1217
f 1175 1174 1215
f 4153 4154 4187
f 4154 4153 1169
f 4184 4157 4158
f 4157 1171 4158
f 4157 4156 1171
f 4155 4186 4154
f 4155 1170 4156
f 4155 4154 1169
f 1170 4155 1169
f 4185 4184 1181
f 4186 4185 1181
f 4185 4157 4184
f 4157 4185 4156
f 4155 4185 4186
f 4185 4155 4156
f 4182 4160 4161
f 4160 1173 4161
f 4183 4184 4158
f 4184 4183 1181
f 4183 1180 1181
f 4183 4182 1180
f 4181 4182 4161
f 4181 4163 4180
f 4182 4181 1180
f 1180 4181 1179
f 4181 4180 1179
f 4148 4188 4147
f 1167 4148 4147
f 4214 1152 1153
f 1255 1256 1209
f 1255 1208 1254
f 1208 1255 1209
f 1256 1255 11722
f 1255 1254 11721
f 11722 1255 11721
f 1205 1206 1165
f 1166 1206 1207
f 1206 1166 1165
f 1206 1253 1207
f 1206 1252 1253
f 1252 1206 1251
f 1206 1205 1251
f 11866 11865 1950
f 1949 11865 11864
f 11865 1949 1950
f 11865 11866 1888
f 11865 1887 11864
f 1887 11865 1888
f 11770 1462 11769
f 11770 1463 1462
f 1563 11770 11769
f 1463 11770 11771
f 1564 11770 1563
f 11770 1564 11771
f 1572 1573 11780
f 1573 1572 1664
f 11936 2008 11937
f 2119 2008 2118
f 2008 11936 2007
f 2008 2119 2009
f 11937 2008 2009
f 2008 2117 2118
f 2008 2007 2117
f 596 3661 3662
f 3898 3661 3660
f 3660 3661 595
f 3661 596 595
f 3662 3661 7651
f 3661 3898 7651
f 5544 12624 12625
f 5545 5544 12625
f 5544 5543 12624
f 5543 5544 6258
f 6258 5544 6259
f 5544 5545 6259
f 7091 7090 6855
f 7090 7089 6855
f 7090 7091 7082
f 7089 7090 7082
f 7091 7092 7082
f 7092 7093 7082
f 7092 7091 6855
f 7093 7092 6855
f 3658 3659 592
f 3658 591 3657
f 591 3658 592
f 3658 3657 7651
f 6269 8296 6268
f 8293 8292 6266
f 8294 8293 6266
f 6267 8294 6266
f 5553 6267 6266
f 6267 5553 5554
f 6268 6267 5554
f 8946 8945 8292
f 8946 8293 8947
f 8293 8946 8292
f 13121 8946 8947
f 8945 8946 13121
f 8291 8943 8290
f 8290 8943 8942
f 13120 8943 13121
f 8943 13120 8942
f 8304 8303 6275
f 8303 8958 8957
f 8303 8304 8958
f 8934 8933 8279
f 8933 8278 8279
f 8278 8933 8932
f 8933 8934 13115
f 8933 13115 13114
f 8932 8933 13114
f 8280 8934 8279
f 6251 8280 8279
f 6252 8280 6251
f 8283 8936 8282
f 8283 8282 6255
f 8283 6256 8284
f 8283 6255 6256
f 13116 8937 13117
f 8936 8937 13116
f 8937 8938 13117
f 8285 8937 8284
f 8937 8285 8938
f 8937 8283 8284
f 8283 8937 8936
f 8926 8272 8927
f 8272 8926 8925
f 8926 8927 13113
f 8925 8926 13113
f 544 12601 543
f 12602 12601 544
f 12601 542 543
f 542 12601 12600
f 12600 12601 5519
f 12601 12602 5519
f 6250 6249 5535
f 5536 6250 5535
f 6250 5536 6251
f 6250 6251 8279
f 8278 6250 8279
f 6249 6250 8278
f 570 3635 3636
f 3635 570 3634
f 3636 3635 3895
f 3635 3634 3895
f 3634 569 3633
f 570 569 3634
f 12614 12613 571
f 12613 570 571
f 12613 5531 12612
f 569 12613 12612
f 12613 569 570
f 12613 5532 5531
f 12613 12614 5532
f 684 12704 683
f 8371 8372 9024
f 8371 9024 9023
f 8372 8371 6345
f 8371 6344 6345
f 5633 5632 12698
f 9026 13181 9025
f 9578 9577 4948
f 10079 10538 10078
f 3741 3742 678
f 3740 3741 678
f 3742 3741 7727
f 3741 3740 7727
f 12696 677 12697
f 677 12696 676
f 12697 677 678
f 677 3740 678
f 677 676 3739
f 3740 677 3739
f 697 3759 3760
f 3756 693 692
f 694 693 3756
f 5666 6380 6379
f 3756 7737 7738
f 7738 7737 7357
f 7737 7736 7357
f 7737 3756 3755
f 7736 7737 3755
f 12705 684 685
f 12705 12704 684
f 688 3751 3752
f 7731 3751 3750
f 3750 3751 687
f 3751 688 687
f 3751 7732 3752
f 3751 7731 7732
f 3754 7735 7736
f 7735 7734 7357
f 7736 7735 7357
f 7735 3753 7734
f 3753 7735 3754
f 9585 9586 10085
f 13192 4957 13191
f 9041 9040 8389
f 13198 9045 13199
f 692 12713 691
f 11383 11605 11604
f 11382 11383 11604
f 11383 11382 11031
f 11032 11383 11031
f 11596 11983 11982
f 11600 11601 11983
f 11381 11600 11380
f 11600 11381 11601
f 11381 11382 11602
f 11601 11381 11602
f 11582 11364 11583
f 11977 11582 11583
f 11579 11974 11973
f 11974 11579 11580
f 11975 11974 11580
f 11976 11977 11962
f 11976 11582 11977
f 11589 11590 11981
f 11589 11981 11980
f 11588 11589 11980
f 11981 11591 11982
f 11590 11591 11981
f 11591 11590 11375
f 11979 11587 11980
f 4973 13209 4974
f 9601 4973 4974
f 13209 13210 4974
f 13210 4975 4974
f 8408 6382 8409
f 8407 8408 9060
f 8408 9061 9060
f 9061 8408 8409
f 7746 3765 3764
f 3765 7746 7747
f 3766 3765 7747
f 3767 3766 7748
f 7749 3767 7748
f 12725 700 701
f 700 3763 701
f 12724 5666 12723
f 12724 700 12725
f 10103 10560 10559
f 10559 10560 13590
f 13588 10556 10557
f 10556 10098 10557
f 9058 13206 13205
f 13205 13206 4970
f 13206 4971 4970
f 9602 9601 4974
f 4975 9602 4974
f 9602 4975 9603
f 9601 10099 10098
f 10098 10099 10557
f 9602 10099 9601
f 9599 4971 4972
f 9596 10094 9595
f 8403 8404 9056
f 8406 9058 8405
f 8406 6380 8407
f 8406 8405 6379
f 6380 8406 6379
f 9058 9057 8405
f 8404 9057 9056
f 9057 8404 8405
f 9057 9058 13205
f 9057 13204 9056
f 13204 9057 13205
f 11577 11359 11578
f 11577 11576 11357
f 11972 11577 11578
f 11577 11972 11971
f 11576 11577 11971
f 11974 11967 11973
f 10077 10078 10537
f 10077 10076 9577
f 9578 10077 9577
f 10077 9578 10078
f 13569 10536 10537
f 10536 10077 10537
f 10077 10536 10076
f 13573 13572 10540
f 13572 13573 4476
f 4477 4478 11007
f 13573 4477 4476
f 4478 4479 11009
f 13575 4479 4478
f 4475 11004 11003
f 4474 4475 11003
f 4475 13572 4476
f 4472 13569 13570
f 3859 3860 832
f 3860 833 832
f 3860 7868 3922
f 3860 3859 7867
f 7868 3860 7867
f 3859 7866 7867
f 7866 7449 7867
f 7866 7448 7449
f 7448 7866 7865
f 3856 7864 3857
f 3855 3856 829
f 3856 3857 830
f 829 3856 830
f 3854 7862 3855
f 827 3854 828
f 3854 3855 828
f 7862 7863 3855
f 3856 7863 7864
f 7863 3856 3855
f 7863 7862 7446
f 7863 7446 7447
f 7864 7863 7447
f 7852 7851 7439
f 7851 7438 7439
f 3842 7851 7852
f 3841 7851 3842
f 7848 7437 7438
f 7848 3838 3837
f 7427 7426 108
f 7426 7829 7425
f 7829 3815 3814
f 7424 7423 105
f 3812 3916 3811
f 7838 7837 7432
f 7435 7842 7434
f 3831 7842 3832
f 3916 758 757
f 7853 7852 7439
f 7854 7853 7439
f 3845 7853 7854
f 7855 7854 7440
f 7856 7855 7440
f 7855 7856 3847
f 7858 7857 7442
f 7859 7858 7442
f 3851 7858 7859
f 7858 3850 7857
f 7858 3851 3850
f 7444 7860 7443
f 7860 7859 7443
f 3890 3842 3920
f 3890 3841 3842
f 818 3890 3920
f 3841 3890 3840
f 3842 3843 3920
f 3843 3842 7852
f 7853 3843 7852
f 822 3846 3847
f 3846 3845 7854
f 3846 7855 3847
f 7855 3846 7854
f 822 12814 12813
f 5789 12814 12815
f 823 12814 822
f 12814 823 12815
f 821 822 12813
f 821 820 3845
f 821 3846 822
f 3846 821 3845
f 12818 825 826
f 3848 823 3847
f 7856 3848 3847
f 3848 7856 7857
f 825 824 3850
f 3848 824 823
f 823 824 12815
f 3835 3834 7845
f 7846 3835 7845
f 3836 3835 7846
f 3835 3836 3919
f 807 12806 12805
f 12806 807 808
f 5790 5789 12815
f 5789 5790 6520
f 3838 813 3837
f 12812 821 12813
f 821 12812 820
f 5787 12812 12813
f 12812 5787 5786
f 819 12811 818
f 819 818 3920
f 820 819 3920
f 12812 819 820
f 819 12812 12811
f 815 12810 12809
f 5785 12812 5786
f 12812 5785 12811
f 829 12825 828
f 8533 8532 6538
f 8533 9193 8532
f 5810 5811 6540
f 6540 5811 6541
f 5811 5812 6541
f 5812 5811 12829
f 3772 3773 713
f 7751 7750 7367
f 7750 7749 7367
f 7750 7751 3769
f 7374 7764 7373
f 7764 7374 7765
f 3779 7764 7765
f 3778 7764 3779
f 7762 7761 7372
f 7761 7762 3777
f 3776 7761 3777
f 7369 7755 7754
f 7755 3772 7754
f 7755 3773 3772
f 7757 7756 7370
f 7756 7369 7370
f 7756 7755 7369
f 3773 7756 7757
f 7755 7756 3773
f 7753 7752 7368
f 7368 7752 7367
f 7752 7751 7367
f 7751 7752 3769
f 3772 3771 7754
f 3771 7753 7754
f 4566 4565 13631
f 11083 4566 4567
f 10636 13629 13628
f 13629 4564 4563
f 13600 13599 10584
f 13599 13600 4521
f 11612 11397 11613
f 11397 11612 11396
f 11619 11620 11637
f 11635 11636 11621
f 11620 11636 11637
f 11636 11620 11621
f 11622 11635 11621
f 10164 9672 9673
f 9672 5043 9673
f 5042 9672 9671
f 5043 9672 5042
f 10162 9670 9671
f 10162 10161 9670
f 5769 5768 12805
f 3823 7835 7836
f 13264 13265 5030
f 11610 11611 11985
f 11609 11610 11985
f 11387 11388 11609
f 11388 11610 11609
f 11395 11043 11396
f 11042 11043 11395
f 9610 10111 9609
f 13216 4988 13215
f 13219 13218 9076
f 13218 13219 4991
f 9605 9604 4977
f 10105 9605 9606
f 9604 9605 10103
f 10102 9604 10103
f 10102 10559 10101
f 10102 10103 10559
f 9603 10102 10101
f 9604 10102 9603
f 4977 4976 13211
f 4976 13210 13211
f 13210 4976 4975
f 9604 4976 4977
f 4976 9604 9603
f 4975 4976 9603
f 8436 6413 6414
f 8435 6413 8436
f 10602 10118 10119
f 10602 10603 13612
f 10603 10602 10119
f 13611 10602 13612
f 13613 10603 10604
f 10603 13613 13612
f 10605 13613 10604
f 9617 10120 10119
f 10603 10120 10604
f 10120 10603 10119
f 10640 10639 10168
f 13641 13642 4573
f 10646 10645 10172
f 10173 10646 10172
f 10646 10173 10647
f 10646 10647 13639
f 9686 10173 10172
f 9703 9704 10195
f 9704 5067 9705
f 13280 9167 13281
f 8504 8503 6509
f 9171 13282 9170
f 5063 13283 5064
f 13283 5063 13282
f 13641 10649 13642
f 10177 9693 9694
f 10186 10662 10661
f 10187 10188 10663
f 10662 10187 10663
f 10187 10662 10186
f 10187 9699 10188
f 10187 10186 9699
f 10185 10661 10184
f 10185 10186 10661
f 10186 10185 9699
f 5062 9699 5061
f 13282 5062 5061
f 5063 5062 13282
f 9700 5063 9701
f 9699 9700 10188
f 5062 9700 9699
f 9700 5062 5063
f 10190 9700 9701
f 9699 9698 5061
f 9698 10185 10184
f 10185 9698 9699
f 11091 11092 11437
f 11439 11638 11637
f 11098 11443 11097
f 4577 11098 11097
f 13648 13649 4579
f 10664 13649 10663
f 13649 10662 10663
f 10662 13649 10661
f 10658 13649 13648
f 13647 13648 4579
f 10654 13647 13646
f 4571 4570 13639
f 9719 9720 10202
f 10201 9719 10202
f 5814 5813 12830
f 12831 5814 12830
f 5813 5814 6543
f 13325 9218 13326
f 5102 13325 13326
f 3875 841 3874
f 3875 842 841
f 842 3875 3876
f 3875 3874 7883
f 3876 3875 7883
f 8555 6561 6562
f 8556 8555 6562
f 8555 8556 9215
f 3867 7874 7875
f 3865 7874 3867
f 7874 7457 7875
f 7457 7874 7456
f 3870 3871 3923
f 3871 7880 3872
f 7880 3871 7879
f 3871 7878 7879
f 7878 3871 3870
f 7877 7878 3870
f 7877 7876 7458
f 7877 7458 7459
f 7878 7877 7459
f 13328 13329 5106
f 13328 9221 13329
f 9221 13328 9220
f 5836 6566 6565
f 6566 5836 5837
f 8562 6568 8563
f 9223 8562 8563
f 5103 5102 13326
f 13311 9202 9203
f 9202 8541 9203
f 6546 8541 6545
f 6560 8553 6559
f 13313 5091 5090
f 5091 13315 5092
f 13309 9200 9201
f 8986 13150 13149
f 8987 13150 8986
f 13150 4915 13149
f 4915 13150 4916
f 8988 8335 8336
f 8335 8988 8987
f 8977 8326 8978
f 8977 8325 8326
f 8977 8976 8325
f 13140 8977 8978
f 13142 13141 8979
f 13143 13142 8980
f 13142 8979 8980
f 13142 13143 4907
f 13141 13142 4907
f 4905 4906 9535
f 9535 4906 9536
f 4906 4907 9536
f 4906 13141 4907
f 13141 4906 13140
f 4906 4905 13140
f 10032 9533 10033
f 4905 13139 13140
f 13139 8977 13140
f 8977 13139 8976
f 4899 13134 4900
f 6292 8318 6291
f 8316 8969 8968
f 8973 8321 8322
f 6313 8339 6312
f 8339 8338 6312
f 8340 8339 6313
f 8338 8339 8991
f 8339 8992 8991
f 8339 8340 8992
f 8338 8337 6311
f 6310 8337 8336
f 8337 6310 6311
f 8337 8338 8990
f 10979 10978 4449
f 10980 10979 4449
f 10978 10979 11327
f 11329 11552 11551
f 10974 4446 10975
f 4445 4446 10974
f 10975 4446 10976
f 4446 4447 10976
f 4448 4447 13553
f 10978 4448 4449
f 10977 4448 10978
f 4447 4448 10977
f 4943 9573 9572
f 4944 4943 13178
f 4944 9573 4943
f 9573 4944 9574
f 11555 11556 11942
f 11556 11557 11942
f 11336 11337 11560
f 11337 11338 11560
f 11561 11339 11562
f 11338 11339 11561
f 13555 10514 10515
f 13556 13557 4452
f 4451 13556 4452
f 13556 13555 10515
f 13556 4451 13555
f 13557 10518 13558
f 13557 4453 4452
f 10994 10995 11345
f 11344 10994 11345
f 10993 10994 11344
f 10995 10994 4467
f 9573 10072 9572
f 13131 4897 4896
f 9527 4897 4898
f 4896 4897 9526
f 4897 9527 9526
f 4897 13132 4898
f 13132 4897 13131
f 13132 13131 8968
f 8969 13132 8968
f 8967 13130 8966
f 8967 13131 13130
f 13131 8967 8968
f 8314 8967 8966
f 8967 8315 8968
f 8315 8967 8314
f 3676 3675 7669
f 3675 7668 7669
f 614 3676 3677
f 618 619 12654
f 12655 619 620
f 619 12655 12654
f 619 618 3681
f 619 3682 620
f 619 3681 3682
f 3901 3687 3688
f 3687 3901 3686
f 3901 622 3686
f 622 3901 623
f 7679 3691 7678
f 627 3691 628
f 622 621 3685
f 3684 621 620
f 621 3684 3685
f 621 622 12656
f 621 12655 620
f 12655 621 12656
f 5582 5581 12658
f 5582 12658 12659
f 5583 5582 12659
f 5582 5583 6295
f 6294 5582 6295
f 5581 5582 6294
f 5578 5579 6292
f 5579 5580 6293
f 6292 5579 6293
f 5580 5579 12657
f 5579 5578 12657
f 12654 5574 5573
f 12655 5574 12654
f 5574 6287 5573
f 6287 5574 6288
f 5575 12655 12656
f 5576 5575 12656
f 5575 5574 12655
f 5575 5576 6289
f 5575 6289 6288
f 5574 5575 6288
f 8325 8324 6299
f 8324 6298 6299
f 8324 8976 8975
f 8976 8324 8325
f 4921 9551 9550
f 9551 4921 4922
f 4921 13156 4922
f 13156 4921 13155
f 9549 9550 10049
f 9548 9549 10048
f 9549 10049 10048
f 4465 10994 10993
f 673 672 3734
f 659 12680 658
f 3347 13652 3348
f 3347 13651 13652
f 13651 3347 3346
f 3141 3347 3348
f 3140 3347 3141
f 3153 3356 3357
f 3356 3153 3152
f 3356 13658 3357
f 3356 3152 3151
f 3355 3356 3151
f 13658 3356 13657
f 3356 3355 13657
f 3353 13656 3354
f 3352 3353 3146
f 3353 3352 13655
f 13656 3353 13655
f 3353 3147 3146
f 3353 3354 3147
f 7015 7016 3550
f 3549 7015 3550
f 7015 3549 7014
f 7016 7015 6681
f 7015 7014 6681
f 13709 7107 13708
f 2245 13709 2222
f 7107 13709 6680
f 2223 13709 13708
f 2222 13709 2223
f 6680 13709 6681
f 13709 2245 6681
f 3169 3170 3171
f 3170 3371 3171
f 3371 3170 3169
f 13664 3364 13663
f 13665 13664 3556
f 13664 3555 3556
f 3555 13664 13663
f 13666 13665 3557
f 13666 3558 13667
f 13666 3557 3558
f 13668 3559 13669
f 3558 13668 13667
f 3559 13668 3558
f 13668 3368 13667
f 13668 3369 3368
f 3369 13668 3370
f 13668 13669 3370
f 7027 3559 7026
f 7027 3560 3559
f 3560 7027 7028
f 7027 6683 7028
f 6683 7027 7026
f 6929 6786 6787
f 6785 6786 6929
f 6786 7190 6787
f 6786 7189 7190
f 6786 6785 7188
f 7189 6786 7188
f 13780 13779 2291
f 2291 13779 2290
f 13779 13778 2290
f 13779 13780 7188
f 13778 13779 7188
f 7189 13783 13784
f 13783 7189 13782
f 13783 2294 13784
f 13783 13782 2294
f 1820 1705 1819
f 11923 1820 1819
f 1820 1706 1705
f 1820 11923 1706
f 1524 1523 1601
f 1525 1524 1601
f 1524 1521 1523
f 1521 1524 1520
f 1524 1525 1520
f 1320 11733 11732
f 1320 1321 11733
f 11731 1320 11732
f 1374 1320 1373
f 1321 1320 1374
f 1320 1319 1373
f 1320 11731 1319
f 3102 3103 2976
f 3102 2975 3101
f 2975 3102 2976
f 3283 3102 3101
f 3103 3102 3283
f 12206 12207 5135
f 12207 12208 5135
f 12209 209 210
f 12208 209 12209
f 209 208 3960
f 12207 209 12208
f 208 209 12206
f 209 12207 12206
f 9737 9736 9231
f 10217 9736 9737
f 9231 9736 4587
f 9736 12852 4587
f 12852 9736 12851
f 9736 13337 12851
f 9736 10217 13337
f 10218 9737 10219
f 10218 10217 9737
f 13337 10218 10219
f 10217 10218 13337
f 12224 12223 225
f 5149 12223 12224
f 10221 9744 13338
f 9744 10221 10220
f 1063 914 1062
f 1063 1064 914
f 1064 1063 1070
f 918 2425 2424
f 919 2425 918
f 2425 919 2426
f 55 2425 2426
f 2445 73 72
f 73 74 7341
f 74 73 2446
f 73 2445 2446
f 73 7340 72
f 7340 73 7341
f 1085 1084 1055
f 942 1085 943
f 1056 1082 1057
f 926 1072 927
f 2432 926 927
f 926 2432 2431
f 1066 919 918
f 1066 1067 919
f 1065 1066 917
f 1066 918 917
f 1069 1064 1070
f 2436 65 2435
f 2436 2437 65
f 2437 2436 933
f 935 2437 934
f 935 936 2438
f 2437 935 2438
f 1077 931 1076
f 1077 1076 1059
f 1058 1077 1059
f 1078 1077 1058
f 1075 1074 1060
f 1061 1074 1073
f 1074 1061 1060
f 1074 928 1073
f 1074 929 928
f 929 1074 1075
f 2433 929 2434
f 928 929 2433
f 930 1075 1076
f 931 930 1076
f 930 929 1075
f 929 930 2434
f 2434 930 2435
f 930 931 2435
f 85 7352 7351
f 84 85 7351
f 7352 85 86
f 85 84 2456
f 86 85 2457
f 85 2456 2457
f 7348 81 7349
f 81 82 7349
f 81 2452 2453
f 82 81 2453
f 4034 312 311
f 312 12314 311
f 312 12315 12314
f 323 322 4040
f 322 4039 4040
f 4036 4035 7630
f 4037 4036 7630
f 4036 315 4035
f 4038 4037 7631
f 7632 4038 7631
f 4039 4038 7632
f 315 316 12318
f 316 4036 4037
f 4036 316 315
f 328 4042 4043
f 329 328 4043
f 4046 331 4045
f 76 2448 2449
f 77 76 2449
f 7344 76 7345
f 76 77 7345
f 78 77 2450
f 77 78 7346
f 5898 5899 7949
f 7948 5898 7949
f 5899 5898 5161
f 5898 7948 5897
f 5898 5160 5161
f 5160 5898 5897
f 235 236 12239
f 236 235 3978
f 235 12239 12238
f 234 235 12238
f 235 234 3977
f 3978 235 3977
f 7584 3987 3986
f 12246 12245 241
f 5164 12245 12246
f 12245 12244 241
f 12245 5164 12244
f 244 3989 3990
f 243 12248 12247
f 3989 12248 243
f 12248 3989 244
f 5166 12248 5167
f 12248 5166 12247
f 12250 5169 5168
f 888 887 1032
f 1032 887 1031
f 2396 888 889
f 24 2396 25
f 2395 2396 24
f 887 2396 2395
f 2396 887 888
f 890 1035 1036
f 1035 1034 1016
f 1036 1035 1016
f 1034 1035 889
f 1035 890 889
f 7293 7292 31
f 7294 7293 32
f 7293 31 32
f 7588 7293 7294
f 7593 3995 3994
f 3995 7594 3996
f 7594 3995 7593
f 12254 5173 5172
f 12253 12254 5172
f 5114 5113 12179
f 5113 5114 5848
f 5113 5848 5847
f 5113 12178 12179
f 12178 5113 5847
f 8570 12848 4585
f 7901 8570 4585
f 8570 7903 12848
f 8570 7902 7903
f 8570 7901 5847
f 7902 8570 5847
f 7911 7912 8579
f 7912 8580 8579
f 7912 7913 8580
f 7912 5860 7913
f 7912 7911 5860
f 2527 2526 2503
f 2504 2527 2503
f 2528 2527 2504
f 2527 2528 12004
f 2526 2527 12004
f 12001 12000 2524
f 12000 11999 2524
f 2523 11998 11997
f 11999 11998 2523
f 11998 2607 11997
f 12002 12001 2525
f 12003 12002 2525
f 6961 6817 6962
f 6817 6818 6962
f 6816 6817 6961
f 6817 6816 7223
f 13824 7224 13823
f 7225 7224 13824
f 7224 7223 13823
f 6818 7224 6819
f 7224 6817 7223
f 6817 7224 6818
f 6965 6820 6821
f 6964 6820 6965
f 6820 6964 6819
f 6820 7225 6821
f 7224 6820 6819
f 6820 7224 7225
f 2333 13822 2141
f 13822 2332 2141
f 2332 13822 7221
f 13822 7222 7221
f 7222 13822 2333
f 2031 1915 2141
f 2332 2031 2141
f 2031 1916 1915
f 2331 7220 13820
f 2330 2331 13820
f 2144 2331 2330
f 6614 6615 2695
f 6615 6616 2695
f 6616 6615 2633
f 6615 2632 2633
f 2632 6615 6614
f 2635 6617 2634
f 6617 6616 2634
f 6617 2635 6618
f 2629 2628 2595
f 2628 2629 6612
f 2628 2596 2595
f 2596 2628 2627
f 2627 2628 6611
f 2628 6612 6611
f 2594 2629 2595
f 2629 2594 2593
f 6610 2625 2626
f 2626 2625 2599
f 2625 6610 6609
f 2624 2625 6609
f 2625 2600 2599
f 2600 2625 2601
f 2625 2624 2601
f 7641 7640 7354
f 7642 7641 7354
f 7640 7641 4052
f 7643 7642 7355
f 4048 7638 4049
f 4047 4048 334
f 7637 4048 4047
f 7638 4048 7637
f 344 343 4058
f 342 341 4056
f 4057 342 4056
f 342 4057 343
f 12343 342 343
f 5287 12355 12356
f 12359 362 363
f 367 366 4070
f 368 367 4070
f 5282 5281 12349
f 12347 5281 5280
f 12350 12351 5283
f 12350 5282 12349
f 5282 12350 5283
f 12351 12350 353
f 7305 7304 38
f 7304 7303 38
f 7596 7304 7305
f 7304 7596 7595
f 7303 7304 7595
f 7303 7302 37
f 7302 7303 7595
f 7594 7302 7595
f 7592 7591 7297
f 7298 7592 7297
f 7592 7593 3994
f 12894 8619 8620
f 7960 8619 7959
f 8620 8619 7960
f 8619 8618 7959
f 8618 8619 12893
f 8619 12894 12893
f 7964 7963 5914
f 7964 5915 7965
f 7964 5914 5915
f 8624 7964 7965
f 8623 7964 8624
f 7963 7964 8623
f 254 253 4002
f 4003 254 4002
f 254 4003 255
f 253 254 12259
f 4001 252 4000
f 253 252 4001
f 12258 252 253
f 252 12258 12257
f 251 252 12257
f 252 3999 4000
f 3999 252 251
f 12258 5177 5176
f 5914 5177 5178
f 5177 12259 5178
f 5177 12258 12259
f 5177 5913 5176
f 5913 5177 5914
f 7323 59 60
f 59 7323 7322
f 59 2430 60
f 2430 59 2429
f 48 7314 47
f 48 49 7314
f 49 48 2420
f 50 49 2421
f 2422 50 2421
f 12267 5187 5186
f 267 268 12271
f 12271 268 269
f 268 4014 269
f 268 267 4014
f 4014 270 269
f 4015 270 4014
f 269 270 12272
f 54 55 7318
f 53 54 7318
f 54 2425 55
f 54 53 2424
f 2425 54 2424
f 7317 53 7318
f 7604 7317 7318
f 7317 7316 52
f 53 7317 52
f 7317 7604 7603
f 7316 7317 7603
f 5268 5269 5997
f 5269 5268 12337
f 12338 5269 12337
f 5267 5996 5266
f 5996 5267 5268
f 12336 5267 5266
f 5268 5267 12336
f 8040 5996 5997
f 8702 8040 8703
f 8032 8033 8697
f 8696 8032 8697
f 8031 8032 8696
f 5985 5986 8033
f 8032 5985 8033
f 5985 8032 5984
f 5986 5985 5250
f 5982 5983 8031
f 5983 8032 8031
f 8032 5983 5984
f 5983 5246 5247
f 5983 5982 5246
f 5248 5983 5247
f 5984 5983 5248
f 322 12325 12324
f 12326 12325 323
f 12325 322 323
f 5993 5992 5262
f 5987 8034 5986
f 5251 5987 5986
f 5989 5988 5254
f 5258 5257 12329
f 5258 5259 5991
f 5257 12328 12329
f 12327 5255 5254
f 5255 5989 5254
f 12328 5255 12327
f 8673 8672 8011
f 8674 8673 8011
f 8672 8673 12939
f 12938 8671 12939
f 12938 12939 4681
f 8670 12938 12937
f 8671 12938 8670
f 4680 12938 4681
f 12938 4680 12937
f 5965 8015 5964
f 8015 8014 5964
f 8015 8679 8678
f 8014 8015 8678
f 8664 8665 12933
f 8665 12934 12933
f 8668 12935 8667
f 12935 12934 8667
f 12934 4677 4676
f 9308 4677 4678
f 4677 9308 4676
f 4677 12935 4678
f 12935 4677 12934
f 8677 12943 8676
f 12943 12942 8676
f 12943 8677 12944
f 4685 12943 12944
f 12943 4685 4684
f 12942 12943 4684
f 8028 5979 5980
f 5978 5979 8028
f 5979 5243 5980
f 5979 5242 5243
f 5979 5978 5242
f 8675 8013 8676
f 8675 8012 8013
f 8012 8675 8674
f 8674 8675 12941
f 12942 8675 8676
f 8675 12942 12941
f 5951 8003 8002
f 5952 8003 5951
f 8003 8664 8002
f 8003 8665 8664
f 8659 7997 7998
f 7996 7997 8658
f 7997 8659 8658
f 8001 8000 5949
f 8001 5950 8002
f 8001 5949 5950
f 7992 8652 8651
f 8652 12926 8651
f 12914 8640 12915
f 7985 7984 5935
f 4667 9299 4666
f 4664 9295 4663
f 4657 4656 12915
f 4656 12914 12915
f 12912 4654 12911
f 4654 12912 12913
f 12276 278 279
f 12277 12276 279
f 5204 12278 5205
f 5204 12277 12278
f 5204 5205 5941
f 5940 5204 5941
f 286 12280 285
f 12280 286 12281
f 12280 284 285
f 12280 12279 284
f 5942 5943 7992
f 5205 5942 5941
f 5946 5209 5947
f 7998 5946 5947
f 7997 5946 7998
f 5945 5946 7996
f 5946 7997 7996
f 5944 7994 5943
f 5938 5939 7988
f 5937 7986 5936
f 5938 5937 5201
f 5200 5937 5936
f 5937 5200 5201
f 7987 5938 7988
f 7987 7988 8647
f 5937 7987 7986
f 7987 5937 5938
f 5199 5198 12273
f 5198 5197 12273
f 5198 5199 5935
f 12272 5196 5195
f 5197 5196 12272
f 5196 5932 5195
f 5932 5196 5933
f 5196 5197 5933
f 8643 12917 8642
f 8649 7990 8650
f 8648 8649 12923
f 7991 7992 8651
f 8650 7991 8651
f 7990 7991 8650
f 7991 7990 5941
f 5942 7991 5941
f 7991 5942 7992
f 12925 12924 8650
f 8649 12924 12923
f 12924 8649 8650
f 12924 4664 12923
f 944 2443 2442
f 2443 2444 71
f 2443 70 2442
f 70 2443 71
f 2444 945 946
f 2443 945 2444
f 945 2443 944
f 2440 941 2441
f 941 942 2441
f 1085 941 1084
f 941 1085 942
f 7621 7622 4026
f 7621 7333 7334
f 7622 7621 7334
f 9783 9782 9283
f 9782 10265 9781
f 9782 10266 10265
f 9281 4650 4651
f 9281 9280 4650
f 9280 9281 9781
f 8629 8628 7969
f 8629 7970 8630
f 7970 8629 7969
f 12904 8629 8630
f 8629 12904 12903
f 8628 8629 12903
f 5184 12265 12266
f 5920 5184 5921
f 12268 12267 262
f 263 12268 262
f 12269 12268 263
f 12268 5187 12267
f 5921 7971 7970
f 5922 7971 5921
f 7971 5922 7972
f 7971 8631 8630
f 7970 7971 8630
f 8631 7971 8632
f 7971 7972 8632
f 5923 5922 5186
f 5187 5923 5186
f 5923 5187 5924
f 5923 5924 7974
f 5925 7975 5924
f 5926 5925 5189
f 7975 5925 7976
f 5925 5926 7976
f 9275 4642 4643
f 4641 4642 9275
f 4642 12900 4643
f 12900 4642 4641
f 12901 12900 8626
f 8627 12901 8626
f 12902 12901 8627
f 12900 12901 4643
f 12901 4644 4643
f 12901 12902 4644
f 2413 2412 908
f 2413 2414 41
f 40 2413 41
f 2412 2413 40
f 909 2413 908
f 2414 2413 909
f 2420 2419 914
f 48 2419 2420
f 2418 2419 47
f 2419 48 47
f 2417 46 45
f 2417 2418 46
f 2416 2417 45
f 9796 9797 10289
f 9797 10290 10289
f 9797 9798 10290
f 9307 9799 9306
f 9799 9798 9306
f 4270 13373 4271
f 4270 4269 13373
f 4269 4270 10726
f 10726 4270 10727
f 4270 4271 10727
f 9287 4656 4657
f 4656 9287 9286
f 9287 9786 9785
f 9286 9287 9785
f 9289 4658 4659
f 4658 12917 4659
f 10275 13377 13376
f 4274 4273 13376
f 4273 13375 13376
f 13375 4273 4272
f 4273 4274 10729
f 4273 10728 4272
f 4273 10729 10728
f 13379 10280 13380
f 10280 10281 13380
f 9792 10283 9791
f 10284 10283 9792
f 10283 13384 13383
f 10283 10284 13384
f 10281 13381 13380
f 13381 4278 4277
f 13380 13381 4277
f 6891 6748 6749
f 7156 6752 7155
f 7157 7156 13738
f 6752 7156 6753
f 7156 7157 6753
f 13737 7156 7155
f 7156 13737 13738
f 6744 7151 7152
f 7150 6740 6739
f 6741 6740 7150
f 6740 6884 6739
f 6889 3432 3431
f 6735 6734 7149
f 6734 6733 7149
f 6737 6736 7150
f 7150 6736 7149
f 6736 6735 7149
f 6884 6738 6739
f 6738 7150 6739
f 6738 6737 7150
f 3229 3419 3230
f 6733 6874 6732
f 6892 6891 6749
f 6750 6892 6749
f 6892 6750 6893
f 6891 6892 3434
f 6892 6893 3435
f 3434 6892 3435
f 3424 3235 3234
f 3239 3429 3240
f 3232 3231 3421
f 3231 3038 3230
f 3231 3232 3040
f 3229 3036 3035
f 3036 3229 3230
f 3036 2923 3035
f 3042 3043 2928
f 3235 3044 3234
f 3044 3043 3234
f 3044 2930 2929
f 3043 3044 2929
f 2922 2923 2793
f 2792 2922 2793
f 2922 2792 2921
f 2923 2922 3034
f 2922 3033 3034
f 2922 2921 3033
f 3225 3415 3226
f 3027 3026 3224
f 3225 3027 3224
f 3027 3225 3028
f 2919 3030 2920
f 3020 2914 3019
f 3020 3021 2914
f 3220 3020 3019
f 3023 3024 2916
f 3022 3023 2915
f 3023 2916 2915
f 3222 3023 3022
f 3023 3222 3024
f 6868 6869 3409
f 6868 3408 6867
f 3408 6868 3409
f 6727 6868 6867
f 6869 6868 6727
f 6729 6870 6728
f 6870 6869 6728
f 6870 6729 6871
f 3412 6870 6871
f 3221 3220 3412
f 3222 3221 3412
f 3221 3020 3220
f 3020 3221 3021
f 3021 3221 3022
f 3221 3222 3022
f 3220 3411 3412
f 3411 6870 3412
f 3411 3410 6869
f 6870 3411 6869
f 3219 3411 3220
f 3411 3219 3410
f 3219 3220 3018
f 3017 3219 3018
f 3223 3414 3224
f 3414 3225 3224
f 3225 3414 3415
f 2909 3015 2910
f 3014 3015 2909
f 3015 2911 2910
f 2778 2906 2779
f 2906 2907 2779
f 2906 2778 2777
f 3013 3014 2908
f 2907 3013 2908
f 2906 3013 2907
f 3003 3002 3211
f 3002 3210 3211
f 3002 3001 3210
f 2899 3002 3003
f 3002 2899 2898
f 3001 3002 2898
f 3216 3215 3408
f 3010 3216 3011
f 3215 3216 3010
f 3216 3409 3217
f 3216 3408 3409
f 3214 3008 3007
f 3214 3215 3008
f 3215 3214 3407
f 5489 5490 6202
f 12578 5493 12577
f 5493 5492 12577
f 5492 5493 6204
f 6199 5487 6200
f 5490 12576 12577
f 12576 5490 5489
f 12576 12575 522
f 12576 5487 12575
f 523 12576 522
f 12576 523 12577
f 8879 13082 13081
f 13081 13082 4840
f 13082 8880 13083
f 13082 8879 8880
f 13082 13083 4841
f 4840 13082 4841
f 12572 12573 5483
f 12572 5482 12571
f 5482 12572 5483
f 12573 12572 520
f 519 12572 12571
f 520 12572 519
f 12570 12569 518
f 12570 519 12571
f 12570 518 519
f 12569 12570 5480
f 5481 12570 12571
f 5480 12570 5481
f 5479 12569 5480
f 12568 5479 5478
f 12569 5479 12568
f 5479 6191 5478
f 6191 5479 6192
f 5479 6193 6192
f 6193 5479 5480
f 5461 12555 12556
f 5462 5461 12556
f 5461 5462 6176
f 12563 5471 5470
f 6185 5473 5474
f 6184 5473 6185
f 5474 5473 12565
f 5473 12564 12565
f 8208 6184 6185
f 8208 8861 8860
f 12561 5469 5468
f 512 511 3599
f 513 512 3599
f 512 12559 511
f 12559 512 12560
f 512 12561 12560
f 512 513 12561
f 12562 513 12563
f 513 12562 12561
f 12562 12563 5470
f 5469 12562 5470
f 12562 5469 12561
f 514 12564 12563
f 513 514 12563
f 514 515 12565
f 12564 514 12565
f 515 514 3599
f 514 513 3599
f 6205 6206 8230
f 6205 8229 6204
f 8229 6205 8230
f 5493 6205 6204
f 8233 6209 8234
f 6209 8235 8234
f 8235 6209 6210
f 6211 5498 5499
f 5498 6211 6210
f 5498 12580 12581
f 5499 5498 12581
f 6216 5503 6217
f 6216 5502 5503
f 5502 6216 6215
f 8243 6216 6217
f 6216 8242 6215
f 6216 8243 8242
f 4807 13060 4808
f 9434 4807 4808
f 13059 4806 13058
f 13059 8849 13060
f 4807 13059 13060
f 13059 4807 4806
f 9422 9431 9432
f 4804 13057 4805
f 4804 4805 9430
f 13056 4804 4803
f 13057 4804 13056
f 4804 9429 4803
f 9429 4804 9430
f 8196 6175 6176
f 8197 8196 6176
f 8193 8192 6173
f 6174 8193 6173
f 8194 8193 6174
f 8845 8846 13056
f 8846 13057 13056
f 13057 8846 8847
f 8846 8194 8847
f 8846 8193 8194
f 8846 8845 8192
f 8193 8846 8192
f 8819 8818 8147
f 8816 8815 8143
f 8142 8815 8814
f 8815 8142 8143
f 8837 13050 13049
f 13050 13051 4798
f 4797 13050 4798
f 13050 4797 13049
f 13050 8839 13051
f 8184 8839 8183
f 8839 8182 8183
f 13052 8840 8841
f 13051 8840 13052
f 8839 8840 13051
f 8840 8839 8184
f 8840 8185 8841
f 8840 8184 8185
f 13053 4799 13052
f 13053 8842 8843
f 13054 13053 8843
f 8842 13053 8841
f 13053 13052 8841
f 5401 6136 6135
f 6136 8166 6135
f 6136 6137 8166
f 6136 5401 5402
f 6137 6136 5402
f 5407 12497 12498
f 6214 6215 8241
f 6215 6214 5501
f 6214 5500 5501
f 6214 6213 5500
f 8240 8241 8893
f 8892 8240 8893
f 8239 8240 8892
f 8240 6214 8241
f 8240 8239 6213
f 6214 8240 6213
f 8238 8237 6212
f 8239 8238 6212
f 8889 8238 8890
f 8237 8238 8889
f 8238 8891 8890
f 8238 8239 8891
f 8244 8897 8896
f 8243 8244 8896
f 6218 8244 6217
f 8244 8243 6217
f 13496 13495 10438
f 10439 13496 10438
f 13497 13496 10439
f 13496 4399 13495
f 13496 13497 4400
f 4399 13496 4400
f 13492 13493 4396
f 13494 13493 10436
f 4398 4399 10920
f 4399 4398 13495
f 4398 13494 13495
f 10915 4392 4393
f 4391 4392 10914
f 4392 10915 10914
f 11238 10916 11239
f 11238 10915 10916
f 10915 11238 11237
f 11238 11197 11237
f 11197 11238 11239
f 4389 10910 4388
f 4389 13487 4390
f 10435 10434 9974
f 10435 9975 10436
f 9975 10435 9974
f 13493 10435 10436
f 10434 10435 13492
f 10435 13493 13492
f 10433 10434 13491
f 8225 8226 8877
f 8878 8226 8227
f 8877 8226 8878
f 8226 8225 6200
f 8226 6201 8227
f 6201 8226 6200
f 9964 10422 9963
f 4392 13489 4393
f 10417 9959 9960
f 9462 9961 9960
f 9960 9961 10419
f 9961 9462 9463
f 9962 9961 9463
f 13463 10407 13464
f 10414 10413 9955
f 10413 10414 13469
f 9951 9451 9452
f 9451 4822 9452
f 4822 9451 4821
f 9451 9450 4821
f 6196 5482 5483
f 6197 6196 5483
f 6196 8223 8222
f 6196 6197 8223
f 4825 13073 4826
f 9454 4825 4826
f 4825 4824 13072
f 13073 4825 13072
f 4828 13074 4829
f 4828 13073 13074
f 13074 4830 4829
f 4831 4830 13074
f 4830 9458 4829
f 4830 4831 9459
f 9458 4830 9459
f 4831 9460 9459
f 9461 9460 4832
f 9460 4831 4832
f 9959 9460 9461
f 9958 9460 9959
f 9453 9452 4824
f 4825 9453 4824
f 9453 4825 9454
f 9452 9453 9952
f 9453 9454 9952
f 6186 6187 8210
f 6187 6186 5475
f 6187 5475 5476
f 6188 6187 5476
f 8216 6191 8217
f 8216 8217 8868
f 8216 6190 6191
f 8216 8215 6190
f 8212 8211 6188
f 8211 6187 6188
f 6187 8211 8210
f 8210 8211 8864
f 8211 8865 8864
f 8211 8212 8865
f 8213 8212 6189
f 8865 8213 8866
f 8212 8213 8865
f 13070 8862 8863
f 13071 13070 8864
f 13070 8863 8864
f 13070 13071 4821
f 13067 4816 13066
f 4817 4816 13067
f 4816 9445 9444
f 9448 4819 9449
f 4819 9448 4818
f 9448 9447 4818
f 9447 9446 4817
f 4816 9446 9445
f 9446 4816 4817
f 9446 9944 9445
f 8849 8850 13060
f 8199 8850 8198
f 8850 8849 8198
f 8847 8848 13058
f 8848 13059 13058
f 13059 8848 8849
f 8849 8848 8197
f 8848 8196 8197
f 5464 6178 5463
f 6178 5464 5465
f 5464 12558 5465
f 5464 5463 12557
f 12558 5464 12557
f 8204 6181 8205
f 6180 6181 8204
f 6181 6180 5468
f 5469 6181 5468
f 9439 4811 4812
f 8175 8174 6160
f 6150 5431 5432
f 6147 6140 6141
f 8164 8170 8163
f 8161 8162 8172
f 8150 8149 6123
f 8150 8821 8820
f 8149 8150 8820
f 5395 6128 5394
f 8836 8837 13049
f 8180 8836 8179
f 8836 8180 8837
f 8176 8175 6161
f 6162 8176 6161
f 8176 6162 8177
f 8823 13047 8822
f 13047 8823 8824
f 8152 8823 8822
f 6155 5436 5437
f 6156 6155 5437
f 8169 6156 6157
f 8170 8169 6157
f 8164 8169 8170
f 5385 6117 5384
f 6117 6116 5384
f 6116 6117 8143
f 4793 13038 13039
f 4792 13038 4793
f 8812 13038 8811
f 13038 13037 8811
f 13038 8812 8813
f 13039 13038 8813
f 13037 4790 13036
f 4782 4781 13031
f 13032 4782 13031
f 8807 13034 8806
f 8806 13034 8805
f 13034 13033 8805
f 11235 10913 10914
f 11234 10913 11235
f 10913 11234 10912
f 10913 4391 10914
f 4390 10913 10912
f 10913 4390 4391
f 11210 11209 10889
f 11210 11219 11209
f 11219 11210 11218
f 10892 11213 10891
f 11213 11212 10891
f 10892 4354 4355
f 4353 4354 10892
f 4354 4353 13451
f 13452 4354 13451
f 4354 13452 4355
f 10911 11231 10910
f 4389 10911 10910
f 11231 10911 11232
f 11232 10911 10912
f 10911 4390 10912
f 10911 4389 4390
f 4380 4381 10900
f 10899 4380 10900
f 11221 11222 11207
f 11221 11208 11220
f 11208 11221 11207
f 11221 11220 10901
f 10902 11221 10901
f 11222 11221 10902
f 4384 10904 10903
f 10904 4384 4385
f 10895 10896 11216
f 10896 10897 11216
f 4374 10896 10895
f 4359 13454 4360
f 4359 4358 13454
f 4359 4366 4358
f 13466 10409 10410
f 13467 13466 10410
f 4369 10894 10893
f 4356 4369 10893
f 13470 4366 13469
f 13470 10414 10415
f 10414 13470 13469
f 9966 9965 9466
f 9965 9465 9466
f 9965 9964 9465
f 9965 9966 10425
f 9469 9468 4838
f 9971 9970 9470
f 9970 9469 9470
f 9970 9971 10431
f 13029 8799 13030
f 8799 13029 8798
f 4780 13029 13030
f 4779 13029 4780
f 13028 13029 4778
f 13029 4779 4778
f 13028 8795 8796
f 8794 8795 13027
f 8795 13028 13027
f 4776 4775 13027
f 4775 4776 9406
f 4777 13028 4778
f 4777 4776 13028
f 9408 4777 4778
f 8252 6226 8253
f 8252 8904 8251
f 8252 8251 6225
f 6226 8252 6225
f 8252 8253 8905
f 8904 8252 8905
f 8249 6222 6223
f 8250 8249 6223
f 13098 8903 13099
f 8903 8904 13099
f 8903 8250 8251
f 8904 8903 8251
f 6228 8254 6227
f 6228 5515 6229
f 8255 6228 6229
f 8254 6228 8255
f 5515 6228 5514
f 6228 6227 5514
f 8909 8908 8257
f 8908 8256 8257
f 13103 8908 8909
f 8907 8908 13103
f 8256 8908 8255
f 8908 8907 8255
f 8906 8907 13102
f 13101 8906 13102
f 8906 13101 8905
f 8907 8906 8254
f 8253 8906 8905
f 8254 8906 8253
f 13100 13101 4866
f 4865 13100 4866
f 13100 4865 13099
f 13101 13100 8905
f 13100 8904 8905
f 8904 13100 13099
f 12421 12422 5321
f 12422 12423 5321
f 12422 12421 404
f 405 12422 404
f 12423 12422 405
f 12424 405 12425
f 12424 12423 405
f 12423 12424 5321
f 12424 5322 5321
f 12424 12425 5322
f 10314 9842 9843
f 10314 13413 10313
f 9841 10314 10313
f 9842 10314 9841
f 13415 10314 10315
f 9846 10314 9845
f 10315 10314 9846
f 4302 13414 13415
f 10314 13414 13413
f 13414 10314 13415
f 13413 13414 4301
f 13414 4302 4301
f 8050 8049 6016
f 6017 8050 6016
f 8050 8711 8049
f 8050 8712 8711
f 5305 12388 12389
f 5306 5305 12389
f 12388 5305 12387
f 5305 6027 6026
f 6027 5305 6028
f 5305 5306 6028
f 6040 6041 8066
f 6042 6041 5313
f 5313 6041 5312
f 6041 6040 5312
f 8067 6042 8068
f 8067 8068 8730
f 8066 8067 8730
f 6041 8067 8066
f 8067 6041 6042
f 8690 8025 8026
f 12959 8690 12960
f 12951 12952 4689
f 12950 12951 4689
f 12952 12951 8684
f 12951 8683 8684
f 12951 12950 8683
f 12977 8714 8715
f 12976 8714 12977
f 8715 8714 8052
f 12971 8706 12972
f 8659 12930 8658
f 12930 8659 8660
f 8661 12930 8660
f 7994 8655 8654
f 4672 9303 4671
f 4672 12930 4673
f 9306 9305 4674
f 9305 4673 4674
f 9798 9305 9306
f 9797 9305 9798
f 7999 8661 7998
f 8000 7999 5948
f 7999 7998 5947
f 5948 7999 5947
f 11160 10810 10811
f 10809 10810 11160
f 10811 10810 4327
f 10810 10809 4327
f 10821 10820 4329
f 10822 10821 4329
f 10821 10822 11164
f 10821 11163 10820
f 10821 11164 11163
f 9411 4781 9412
f 9411 4780 4781
f 9913 9411 9412
f 9411 9913 9912
f 9409 9408 4778
f 4779 9409 4778
f 9909 9908 9408
f 9909 9409 9910
f 9409 9909 9408
f 9909 9910 10371
f 10370 9909 10371
f 9909 10370 10369
f 9908 9909 10369
f 9905 9906 10366
f 4770 4769 13026
f 4771 4770 13026
f 10364 9902 9903
f 10364 10363 9902
f 13454 10364 13455
f 10363 10364 13454
f 10362 10361 9900
f 10361 9899 9900
f 10361 13452 13451
f 13452 10361 10362
f 10356 9897 10357
f 9897 10356 10355
f 10355 10356 13448
f 13449 10356 10357
f 10356 13449 13448
f 10863 10862 4333
f 10864 10863 4333
f 13445 13444 10349
f 13445 10350 13446
f 13445 10349 10350
f 4340 13445 13446
f 4339 13445 4340
f 13444 13445 4339
f 10844 10845 11173
f 10845 10846 11173
f 10845 10844 4331
f 10846 10845 4331
f 10837 10838 11172
f 10838 10839 11172
f 10838 10837 4331
f 10839 10838 4331
f 12501 5413 12500
f 5413 5412 12500
f 5411 5412 5423
f 5411 5424 5410
f 5411 5423 5424
f 12499 5411 5410
f 5411 12499 12500
f 5412 5411 12500
f 5412 5422 5423
f 5423 5422 12518
f 5422 5413 5421
f 5413 5422 5412
f 5422 12517 12518
f 12517 5422 5421
f 173 2469 174
f 7528 173 174
f 173 2468 2469
f 173 172 2468
f 173 7528 7527
f 172 173 7527
f 2462 2461 966
f 2462 967 2463
f 967 2462 966
f 2461 2462 166
f 167 2462 2463
f 2462 167 166
f 7518 166 7519
f 7512 7518 7519
f 7513 7518 7512
f 164 7515 7514
f 165 2461 166
f 165 164 2461
f 165 7515 164
f 7515 165 7516
f 163 7513 7512
f 7513 163 164
f 163 7512 162
f 163 162 2459
f 164 163 2459
f 7125 6692 7124
f 6692 7125 6693
f 7050 6692 7051
f 6692 6693 7051
f 6689 7121 7122
f 3565 7035 7036
f 7035 3565 7034
f 7035 7034 6684
f 7036 7035 7111
f 7035 6684 7111
f 3381 13676 3382
f 3381 3185 3380
f 13675 3381 3380
f 13676 3381 13675
f 3185 3381 3186
f 3381 3382 3186
f 3195 3389 3196
f 3195 3194 3389
f 3387 3193 3192
f 3193 3387 3388
f 3194 3193 3388
f 6773 7174 7175
f 6773 7175 6918
f 6917 6773 6918
f 6916 6772 3458
f 6772 6917 3458
f 6772 6916 6771
f 6773 6772 7174
f 6772 6773 6917
f 7173 6772 6771
f 7174 6772 7173
f 11687 1279 1280
f 1280 1279 1330
f 1279 1274 11686
f 1279 11687 1274
f 1279 1329 1330
f 1329 1279 11686
f 4209 4140 4208
f 4140 4207 4208
f 4207 4140 4206
f 4206 4140 4205
f 4173 4172 1177
f 4174 4173 1177
f 1428 1492 1493
f 1429 1428 1493
f 1427 1428 1367
f 1428 1427 1492
f 1315 11724 11723
f 11724 1315 11725
f 11724 1257 11723
f 1257 11724 11725
f 1368 1315 1367
f 1428 1368 1367
f 1368 1428 1429
f 1368 1429 1369
f 1316 1368 1369
f 1315 1368 1316
f 1313 11722 11721
f 1312 1313 11721
f 1365 1313 1312
f 1313 1365 1366
f 1362 1309 1308
f 1363 1309 1362
f 1309 1310 11718
f 1309 1363 1310
f 1427 1491 1492
f 1492 1491 11805
f 1491 1490 11805
f 1490 1491 1426
f 1491 1427 1426
f 1592 11798 1591
f 1592 1591 1682
f 1683 1592 1682
f 11798 1592 11799
f 4180 4166 4179
f 4166 4180 4165
f 4166 4165 1176
f 4169 4178 4179
f 4168 4169 4179
f 1177 4169 1176
f 4169 4168 1176
f 1175 1216 1217
f 1216 1175 1215
f 1261 1216 1215
f 1217 1216 1262
f 1216 1261 1262
f 4151 4152 4187
f 4152 4153 4187
f 1168 4152 4151
f 4152 1168 1169
f 4153 4152 1169
f 1173 4162 4161
f 4162 4181 4161
f 4181 4162 4163
f 4163 4162 1174
f 4162 1173 1174
f 1175 4164 1174
f 4164 1175 4165
f 4164 4163 1174
f 4180 4164 4165
f 4163 4164 4180
f 4159 4183 4158
f 4159 4158 1172
f 4159 4160 4182
f 4183 4159 4182
f 1173 4159 1172
f 4160 4159 1173
f 4148 4149 4188
f 1168 4149 1167
f 4149 4148 1167
f 4215 4214 1153
f 1152 4213 4212
f 4214 4213 1152
f 1156 4220 1155
f 4137 4228 1160
f 4228 4227 1160
f 4227 4228 4217
f 1662 1571 1570
f 1663 1751 1664
f 1572 1663 1664
f 1663 1662 1751
f 1663 1571 1662
f 1571 1663 1572
f 8296 8295 6268
f 8295 6267 6268
f 6267 8295 8294
f 8297 8296 6269
f 8298 8297 6270
f 8297 6269 6270
f 8297 8298 8954
f 8945 8944 8291
f 8944 8943 8291
f 8944 8945 13121
f 8943 8944 13121
f 8303 6274 6275
f 6274 6273 5559
f 6275 6274 5559
f 8301 6272 6273
f 8956 8301 8957
f 8934 8281 8935
f 8280 8281 8934
f 8281 8282 8935
f 8282 8281 6253
f 8281 6252 6253
f 8281 8280 6252
f 568 3632 3633
f 569 568 3633
f 568 3631 3632
f 568 569 12612
f 12703 682 683
f 12704 12703 683
f 12700 680 681
f 12701 12700 681
f 682 12702 681
f 12702 12701 681
f 12703 12702 682
f 12702 12703 5638
f 8370 8371 9023
f 9022 8370 9023
f 6344 8370 6343
f 8371 8370 6344
f 10084 9585 10085
f 13190 9035 13191
f 9034 9035 13190
f 8377 6351 8378
f 5640 12703 12704
f 6347 5633 5634
f 9026 13182 13181
f 4947 13182 4948
f 13182 4947 13181
f 13182 9026 9027
f 4949 9578 4948
f 4949 13184 4950
f 9578 9579 10078
f 9579 10079 10078
f 4949 9579 9578
f 9579 4949 4950
f 13183 9027 9028
f 13184 13183 9028
f 13183 13182 9027
f 4949 13183 13184
f 13182 13183 4948
f 13183 4949 4948
f 6350 8377 8376
f 6349 6350 8376
f 6350 6351 8377
f 3761 698 3760
f 698 697 3760
f 12722 698 12723
f 698 12722 697
f 3758 695 3757
f 695 694 3757
f 6382 6381 5668
f 6380 6381 8407
f 6381 8408 8407
f 8408 6381 6382
f 13580 4484 13579
f 9040 8388 8389
f 8387 9038 8386
f 688 12709 687
f 13199 9046 13200
f 9046 9047 13200
f 9045 9046 13199
f 8402 6376 8403
f 9041 9042 13196
f 9042 8391 9043
f 8391 8392 9043
f 9042 8390 8391
f 8390 9041 8389
f 8390 9042 9041
f 695 12718 694
f 9046 8395 9047
f 5657 6370 5656
f 6370 6369 5656
f 12712 690 691
f 12713 12712 691
f 12714 5657 5656
f 12714 12713 692
f 11384 11385 11606
f 11605 11384 11606
f 11383 11384 11605
f 11384 11383 11032
f 11597 11598 11983
f 11596 11597 11983
f 11598 11597 11380
f 11595 11982 11594
f 11595 11596 11982
f 11378 11595 11594
f 11599 11598 11380
f 11600 11599 11380
f 11598 11599 11983
f 11599 11600 11983
f 11031 11030 4501
f 11382 11030 11031
f 11381 11030 11382
f 4484 4483 13579
f 4483 4482 13579
f 13577 4481 4480
f 4481 11011 4480
f 13581 13582 4487
f 11581 11975 11580
f 11581 11976 11975
f 11976 11581 11582
f 11364 11365 11583
f 13580 4485 4484
f 4485 13580 13581
f 11017 4485 11018
f 11030 11029 4499
f 11029 11381 11380
f 11029 11030 11381
f 11373 11588 11372
f 11373 11589 11588
f 11590 11374 11375
f 11589 11374 11590
f 11373 11374 11589
f 11591 11592 11982
f 11023 11022 4490
f 11022 4489 4490
f 11022 11023 11368
f 4491 11023 4490
f 11586 11585 11368
f 11586 11370 11587
f 11979 11586 11587
f 11585 11586 11979
f 11365 11584 11583
f 11584 11365 11366
f 11584 11977 11583
f 11370 11371 11587
f 11588 11371 11372
f 11587 11371 11588
f 11371 11024 11372
f 11371 11370 11024
f 11023 11369 11368
f 11369 11586 11368
f 11586 11369 11370
f 11369 11023 11024
f 11370 11369 11024
f 13208 4973 4972
f 4973 13208 13209
f 9061 13208 9060
f 9063 8410 8411
f 9063 13210 13209
f 8413 6387 8414
f 8410 6384 8411
f 3768 3769 3911
f 3768 7750 3769
f 3768 3767 7749
f 7750 3768 7749
f 3763 3910 3762
f 700 3910 3763
f 3910 3761 3762
f 3910 698 3761
f 12724 5667 5666
f 5667 6380 5666
f 5667 12725 5668
f 5667 12724 12725
f 6381 5667 5668
f 5667 6381 6380
f 13590 10561 10562
f 10560 10561 13590
f 10561 10105 10562
f 13587 13588 4501
f 13587 10556 13588
f 13587 4499 13586
f 9059 13206 9058
f 9059 8407 9060
f 9059 8406 8407
f 8406 9059 9058
f 10100 10099 9602
f 10100 9603 10101
f 10100 9602 9603
f 10558 10100 10101
f 10100 10558 10557
f 10099 10100 10557
f 9600 9599 4972
f 4973 9600 4972
f 9600 4973 9601
f 9600 9601 10098
f 9599 9600 10098
f 4971 9598 4970
f 9599 9598 4971
f 10094 10093 9595
f 4969 13205 4970
f 4969 13204 13205
f 9598 4969 4970
f 4966 4967 9595
f 4967 9596 9595
f 13202 4967 4966
f 6377 8404 8403
f 6376 6377 8403
f 11358 11577 11357
f 11577 11358 11359
f 11011 11358 11357
f 11010 11011 11357
f 11011 11010 4480
f 11010 4479 4480
f 4479 11010 11009
f 11358 11013 11359
f 11013 4481 4482
f 11972 11969 11971
f 11005 11353 11004
f 11005 4475 4476
f 4475 11005 11004
f 11004 11352 11003
f 11353 11352 11004
f 4468 4469 10996
f 4468 10995 4467
f 4468 10996 10995
f 13565 4468 4467
f 13572 10539 10540
f 10079 10539 10538
f 10539 10080 10540
f 10080 10539 10079
f 10538 13571 13570
f 13571 4474 13570
f 10539 13571 10538
f 13571 10539 13572
f 13571 4475 4474
f 4475 13571 13572
f 13576 13577 4480
f 4479 13576 4480
f 13575 13576 4479
f 13576 13575 10543
f 4477 13574 4478
f 13574 13575 4478
f 13574 4477 13573
f 4473 4474 11002
f 4474 4473 13570
f 4473 4472 13570
f 3861 3862 833
f 3860 3861 833
f 3862 3861 3922
f 3861 3860 3922
f 3858 7866 3859
f 3858 831 3857
f 3858 3859 831
f 7865 3858 3857
f 7866 3858 7865
f 3853 3854 827
f 3853 827 826
f 7847 7846 7437
f 7848 7847 7437
f 7847 7848 3837
f 3836 7847 3837
f 7847 3836 7846
f 7849 7848 7438
f 109 7427 108
f 109 108 115
f 112 7429 111
f 7429 112 113
f 7429 7835 7834
f 7830 7829 7426
f 3815 7830 3816
f 7829 7830 3815
f 7828 3812 7827
f 7425 7828 7827
f 7829 7828 7425
f 100 101 7419
f 7423 104 105
f 104 7423 7422
f 7837 3825 7836
f 7841 7840 7434
f 7842 7841 7434
f 7841 7842 3831
f 7840 7841 3830
f 7841 3831 3830
f 7843 7842 7435
f 7842 7843 3832
f 3829 7840 3830
f 3827 3828 3918
f 3828 3827 7838
f 7839 3828 7838
f 7840 7839 7433
f 3829 7839 7840
f 7839 3829 3828
f 7433 7839 7432
f 7839 7838 7432
f 7861 7860 7444
f 7861 7444 7445
f 7862 7861 7445
f 3854 7861 7862
f 3853 7861 3854
f 7861 3853 7860
f 3844 3845 3920
f 3843 3844 3920
f 3844 7853 3845
f 3844 3843 7853
f 12819 12818 826
f 824 3849 3850
f 3849 824 3848
f 3850 3849 7857
f 3849 3848 7857
f 12818 12817 825
f 809 808 3834
f 3835 809 3834
f 809 12806 808
f 12808 813 12809
f 806 12805 805
f 806 807 12805
f 806 805 3832
f 5788 5787 12813
f 12814 5788 12813
f 5788 12814 5789
f 5787 6516 5786
f 814 815 12809
f 813 814 12809
f 814 813 3838
f 813 812 3837
f 812 3836 3837
f 812 12808 811
f 12808 812 813
f 3919 812 811
f 3836 812 3919
f 817 3890 818
f 12811 817 818
f 12810 817 12811
f 5785 5784 12811
f 12810 5784 5783
f 5784 12810 12811
f 8499 9161 9160
f 8503 6508 6509
f 6507 6508 8503
f 5777 6500 6499
f 9163 8502 8503
f 8502 9163 9162
f 8502 6507 8503
f 5790 6521 6520
f 12823 827 828
f 12826 829 830
f 12826 12825 829
f 8532 6537 6538
f 8536 9197 8535
f 13304 13303 9195
f 13303 13304 5081
f 13299 9192 13300
f 9192 9193 13300
f 9193 9192 8532
f 6539 8533 6538
f 6539 5810 6540
f 8534 6540 8535
f 9195 8534 8535
f 8534 6539 6540
f 6539 8534 8533
f 8533 9194 9193
f 13303 9194 9195
f 9194 8534 9195
f 8534 9194 8533
f 7772 7378 7379
f 7377 7378 7770
f 733 12753 732
f 731 730 3780
f 3783 736 735
f 735 736 12756
f 736 12757 12756
f 3782 3783 735
f 3774 3773 7757
f 3774 7758 3775
f 7758 3774 7757
f 3912 3776 3777
f 3776 3912 3775
f 3778 724 3777
f 7763 7762 7373
f 7764 7763 7373
f 7763 7764 3778
f 7762 7763 3777
f 7763 3778 3777
f 7371 7760 7759
f 7760 7761 3776
f 7760 7371 7372
f 7761 7760 7372
f 7760 3775 7759
f 7760 3776 3775
f 3769 3770 3911
f 7752 3770 3769
f 3770 7752 7753
f 3771 3770 7753
f 13623 13624 4550
f 13635 13636 4569
f 13635 13634 10642
f 13638 10646 13639
f 10646 13638 10645
f 4570 13638 13639
f 10645 10644 10172
f 11082 4566 11083
f 10164 10635 10634
f 10635 10636 13628
f 10636 10637 13629
f 11067 11066 4529
f 4525 11064 11063
f 11064 4527 11065
f 4568 13635 4569
f 13634 4568 4567
f 13635 4568 13634
f 4568 11085 4567
f 11085 4568 11086
f 11419 11418 11063
f 11064 11419 11063
f 4513 13593 13594
f 10575 13593 13592
f 4524 4525 11063
f 4522 11059 4521
f 13600 4522 4521
f 4523 4522 13600
f 11059 11058 4521
f 4519 13598 13599
f 4514 4515 11045
f 4514 4513 13594
f 4515 11046 11045
f 11046 11399 11045
f 11047 11046 4515
f 10581 13595 13594
f 13595 4514 13594
f 4514 13595 4515
f 11398 11399 11613
f 11397 11398 11613
f 11399 11398 11045
f 11399 11400 11613
f 11400 11401 11613
f 11046 11400 11399
f 11400 11047 11401
f 11047 11400 11046
f 11402 11403 11613
f 11401 11402 11613
f 11050 11049 4517
f 4518 4517 13597
f 4518 11050 4517
f 11050 4518 11051
f 13598 4518 13597
f 4518 13598 4519
f 11411 11620 11619
f 11411 11056 11057
f 11409 11408 11054
f 11616 11408 11409
f 11617 11616 11409
f 11617 11639 11640
f 11616 11617 11640
f 11613 11614 11640
f 11627 11417 11418
f 11414 11415 11624
f 11415 11625 11624
f 11625 11415 11416
f 11632 11633 11624
f 11625 11632 11624
f 11623 11414 11624
f 11633 11623 11624
f 10630 10631 13624
f 10630 13623 10629
f 13623 10630 13624
f 10163 10162 9671
f 9672 10163 9671
f 10163 9672 10164
f 10163 10164 10634
f 10163 10634 10633
f 10162 10163 10633
f 13272 5043 5042
f 13272 13273 5043
f 13277 9159 9160
f 9161 13277 9160
f 13270 5039 5038
f 13270 5040 5039
f 805 804 3832
f 7835 3822 7834
f 3822 7835 3823
f 9632 9633 10134
f 13265 5031 5030
f 11034 11035 11387
f 11388 11035 11036
f 11035 11388 11387
f 11035 4506 11036
f 11386 11034 11387
f 11386 11387 11608
f 11385 11386 11607
f 11386 11608 11607
f 4504 13588 13589
f 4504 4503 13588
f 11384 11033 11385
f 11033 11384 11032
f 11033 11386 11385
f 11386 11033 11034
f 11033 11032 4503
f 4504 11033 4503
f 11033 4504 11034
f 11390 11391 11612
f 11391 11392 11612
f 11038 11391 11390
f 11037 11038 11390
f 4507 11037 11036
f 11038 4508 4509
f 4508 13591 4509
f 4508 11037 4507
f 11037 4508 11038
f 4508 4507 13590
f 13591 4508 13590
f 11039 11038 4509
f 11039 11391 11038
f 11392 11039 11040
f 11391 11039 11392
f 10580 10581 13594
f 10580 10111 10581
f 9608 10108 9607
f 13599 10583 10584
f 13598 10583 13599
f 13591 10566 10567
f 10563 13590 10562
f 10105 10563 10562
f 10563 13591 13590
f 13591 10563 10564
f 11068 4532 11069
f 4524 13602 4525
f 4527 13602 13603
f 13602 10587 13603
f 11392 11393 11612
f 11393 11392 11040
f 11041 11393 11040
f 11041 4511 11042
f 13593 4511 13592
f 11398 11044 11045
f 11044 11398 11397
f 11044 11043 4513
f 11044 11397 11396
f 11043 11044 11396
f 11044 4514 11045
f 4514 11044 4513
f 4988 4987 13215
f 9610 4987 9611
f 4987 4988 9611
f 4989 4988 13216
f 4988 9612 9611
f 9612 10114 9611
f 9612 4989 9613
f 4989 9612 4988
f 4981 13212 13213
f 9616 9617 10119
f 10118 9616 10119
f 9616 10118 9615
f 4994 13220 13221
f 13220 9078 13221
f 9072 13216 13215
f 9605 4979 9606
f 10104 9605 10105
f 9605 10104 10103
f 10561 10104 10105
f 10104 10560 10103
f 10104 10561 10560
f 8435 9095 8434
f 9095 8435 9096
f 13236 13237 5010
f 13237 13236 9093
f 730 729 3780
f 729 3779 3780
f 729 728 3779
f 5698 5699 6413
f 10601 10118 10602
f 13611 10601 10602
f 9615 9614 4991
f 10605 13614 13613
f 4559 4560 4542
f 13609 4540 4539
f 4543 4559 4542
f 13611 4543 4542
f 4543 13611 13612
f 4544 4543 13612
f 10124 10123 9621
f 13634 10641 10642
f 10641 10170 10642
f 10639 13632 13631
f 10640 13632 10639
f 13632 4566 13631
f 4566 13632 4567
f 5056 9693 9692
f 13640 4571 13639
f 10647 13640 13639
f 4572 13641 4573
f 13640 4572 4571
f 4572 13640 13641
f 11091 4572 11092
f 4572 11091 4571
f 10169 10640 10168
f 10169 10641 10640
f 10641 10169 10170
f 13277 5052 5051
f 10194 9703 10195
f 10664 10194 10195
f 9707 9706 5069
f 9705 9706 10195
f 9706 9707 10195
f 10195 9708 9709
f 9707 9708 10195
f 5072 5073 9709
f 13287 13288 5069
f 13288 5070 5069
f 9708 5070 9709
f 5070 9707 5069
f 5070 9708 9707
f 5068 5067 13286
f 13287 5068 13286
f 5068 13287 5069
f 9706 5068 5069
f 5067 5068 9705
f 5068 9706 9705
f 5067 13285 13286
f 13285 5066 13284
f 5066 13285 5067
f 9703 5066 9704
f 5066 5067 9704
f 13297 5078 13296
f 5078 13297 13298
f 5079 13299 13300
f 13299 5079 13298
f 5079 5078 13298
f 6523 8518 6522
f 9187 13294 9186
f 13294 13293 9186
f 13293 13294 5076
f 9167 9168 13281
f 9166 13280 9165
f 9166 9167 13280
f 8513 8514 9175
f 13284 9174 9175
f 13283 9174 13284
f 9174 8513 9175
f 10648 10649 13641
f 10648 13640 10647
f 13640 10648 13641
f 10173 10648 10647
f 13642 13643 4573
f 10653 10177 10654
f 10652 10653 13645
f 10653 13646 13645
f 10653 10654 13646
f 9693 10176 9692
f 10177 10176 9693
f 10176 10653 10652
f 10653 10176 10177
f 10191 9701 10192
f 10191 10190 9701
f 10191 10192 10664
f 10190 10191 10664
f 10189 10664 10188
f 10189 10190 10664
f 9700 10189 10188
f 10189 9700 10190
f 11632 11435 11633
f 11438 11635 11437
f 11438 11636 11635
f 11092 11438 11437
f 11636 11438 11637
f 11438 11439 11637
f 11094 11093 4573
f 11093 4572 4573
f 4572 11093 11092
f 11093 11438 11092
f 11438 11093 11439
f 11442 11443 11640
f 11441 11442 11640
f 11440 11094 11441
f 11093 11440 11439
f 11440 11093 11094
f 11639 11440 11640
f 11440 11441 11640
f 11440 11639 11638
f 11439 11440 11638
f 11098 4578 4579
f 4578 11098 4577
f 4578 13647 4579
f 4578 4577 13646
f 13647 4578 13646
f 10659 13649 10658
f 10668 10202 10669
f 10668 10201 10202
f 9711 9712 10196
f 9718 9719 10201
f 5097 9721 9720
f 10204 9721 9722
f 9721 10203 9720
f 10203 9721 10204
f 9721 5098 9722
f 5098 9721 5097
f 838 837 3923
f 5815 12831 5816
f 5815 5814 12831
f 5814 5815 6545
f 6546 5815 5816
f 5815 6546 6545
f 5814 6544 6543
f 6544 5814 6545
f 6544 8539 6543
f 10205 10206 10672
f 6560 5832 6561
f 5833 5832 12835
f 5832 5833 6561
f 5831 6560 6559
f 5832 5831 12835
f 5831 5832 6560
f 7454 7872 7871
f 7455 7872 7454
f 7872 3864 7871
f 12832 5817 5816
f 838 12833 837
f 12833 12832 837
f 3869 7877 3870
f 3869 3870 3923
f 3868 3869 3923
f 3869 3868 7876
f 7877 3869 7876
f 9729 5105 5106
f 5105 13328 5106
f 5105 5104 13328
f 9728 5104 9729
f 5104 5105 9729
f 8560 9221 9220
f 6566 8560 6565
f 8560 8559 6565
f 8559 8560 9220
f 8560 8561 9221
f 8561 8560 6566
f 10210 9727 10211
f 9727 9728 10211
f 9727 10210 10209
f 9727 5104 9728
f 5104 9727 5103
f 9712 9713 10196
f 5088 9713 9712
f 13312 13313 5090
f 13312 13311 9203
f 6558 6557 5829
f 6557 6558 8551
f 6558 8552 8551
f 8552 6558 6559
f 8553 8552 6559
f 8553 8554 9213
f 8554 8553 6560
f 8554 6560 6561
f 8555 8554 6561
f 13320 13319 9213
f 8547 8548 9208
f 6551 8548 8547
f 6557 8550 6556
f 8550 6557 8551
f 8550 6555 6556
f 8550 8549 6555
f 8545 8544 6548
f 8544 6547 6548
f 6547 6546 5816
f 5817 6547 5816
f 6547 5817 6548
f 8542 8541 6546
f 8541 8542 9203
f 13316 13315 9208
f 13315 13316 5092
f 13314 5091 13313
f 13314 13315 5091
f 13310 13309 9201
f 9202 13310 9201
f 13311 13310 9202
f 5088 13310 13311
f 13151 13150 8987
f 8988 13151 8987
f 13151 8988 13152
f 13151 13152 4917
f 4916 13151 4917
f 13150 13151 4916
f 9531 10031 10030
f 9534 4905 9535
f 10034 9534 9535
f 9534 10034 10033
f 9533 9534 10033
f 9528 9527 4898
f 4899 9528 4898
f 9528 10028 10027
f 9527 9528 10027
f 8318 8319 8971
f 6294 8319 6293
f 8319 6292 6293
f 8319 8318 6292
f 8970 8971 13134
f 8970 8318 8971
f 8317 8969 8316
f 8317 8316 6290
f 8970 8317 8318
f 8317 8970 8969
f 6291 8317 6290
f 8318 8317 6291
f 8973 8972 8321
f 642 12672 12671
f 5599 12672 5600
f 12672 5599 12671
f 8989 8337 8990
f 8988 8989 13152
f 8989 8988 8336
f 8337 8989 8336
f 8989 13153 13152
f 8989 8990 13153
f 11329 11328 10980
f 10979 11328 11327
f 11328 10979 10980
f 11328 11550 11327
f 11550 11328 11551
f 11328 11329 11551
f 11552 11330 11553
f 11329 11330 11552
f 10513 13554 13553
f 13554 4448 13553
f 4448 13554 4449
f 10514 13554 10513
f 13554 13555 4449
f 13554 10514 13555
f 13179 4944 13178
f 9023 13179 13178
f 9024 13179 9023
f 10987 11337 11336
f 11563 11341 11564
f 4450 10980 4449
f 13555 4450 4449
f 4451 4450 13555
f 10072 10071 9572
f 10071 10530 10070
f 10073 9573 9574
f 10073 10072 9573
f 10073 10533 10532
f 10072 10073 10532
f 13133 4899 4898
f 13132 13133 4898
f 4899 13133 13134
f 13133 8970 13134
f 13133 13132 8969
f 8970 13133 8969
f 7668 3674 3673
f 3675 3674 7668
f 610 611 12647
f 611 12648 12647
f 3673 611 610
f 3674 611 3673
f 613 3675 3676
f 614 613 3676
f 3678 615 3677
f 615 614 3677
f 3901 624 623
f 623 624 12658
f 625 624 3688
f 624 3901 3688
f 12658 624 12659
f 624 625 12659
f 3690 3689 7678
f 3691 3690 7678
f 3689 3690 626
f 3690 627 626
f 3690 3691 627
f 3693 3692 7679
f 3692 3691 7679
f 3691 3692 628
f 629 3692 3693
f 628 3692 629
f 8324 8323 6298
f 6297 8323 8322
f 6298 8323 6297
f 8323 8324 8975
f 9549 4920 9550
f 4920 4921 9550
f 13155 4920 13154
f 4921 4920 13155
f 4464 4465 10993
f 13563 10530 13564
f 13563 4464 13562
f 4464 13563 4465
f 4466 13564 4467
f 10994 4466 4467
f 4465 4466 10994
f 4466 13563 13564
f 13563 4466 4465
f 13564 10531 10532
f 10530 10531 13564
f 10071 10531 10530
f 10531 10072 10532
f 10531 10071 10072
f 10529 13563 13562
f 13563 10529 10530
f 10530 10529 10070
f 12692 672 673
f 12688 5623 5622
f 5623 12689 5624
f 12689 5623 12688
f 4942 4943 9572
f 12681 12680 659
f 12681 661 12682
f 13664 3365 3364
f 3365 13664 13665
f 3365 3163 3162
f 3364 3365 3162
f 3368 3367 13667
f 3367 13666 13667
f 3367 3165 3164
f 3165 3367 3368
f 223 224 5149
f 224 12223 5149
f 12223 224 225
f 225 224 3968
f 224 223 3968
f 1082 1081 1057
f 935 1081 936
f 1084 1083 1056
f 1083 1082 1056
f 1083 939 938
f 1082 1083 938
f 937 1082 938
f 936 937 2438
f 1081 937 936
f 937 1081 1082
f 2439 937 938
f 937 2439 2438
f 925 924 1070
f 924 925 2430
f 2430 925 2431
f 925 926 2431
f 1067 921 920
f 920 921 2427
f 921 2428 2427
f 921 922 2428
f 2428 923 2429
f 922 923 2428
f 923 924 2429
f 1069 923 922
f 924 923 1070
f 923 1069 1070
f 2436 932 933
f 932 1078 933
f 1077 932 931
f 932 1077 1078
f 931 932 2435
f 932 2436 2435
f 80 7348 7347
f 80 81 7348
f 2452 80 2451
f 81 80 2452
f 315 314 4035
f 314 12317 12316
f 314 315 12317
f 4038 320 319
f 320 4038 4039
f 320 12323 12322
f 319 320 12322
f 316 12319 12318
f 12318 12319 5245
f 12319 5246 5245
f 12319 317 12320
f 317 12319 316
f 317 316 4037
f 4042 326 4041
f 12328 326 12329
f 12331 329 12332
f 12331 328 329
f 332 331 4046
f 12334 332 333
f 330 4044 4045
f 331 330 4045
f 330 329 4044
f 329 330 12332
f 12333 5262 12332
f 12333 332 12334
f 332 12333 331
f 330 12333 12332
f 12333 330 331
f 5264 12333 12334
f 2447 75 74
f 74 75 7343
f 75 2447 2448
f 76 75 2448
f 75 7344 7343
f 75 76 7344
f 242 12246 241
f 3986 242 241
f 3987 242 3986
f 242 12247 12246
f 7585 7291 7586
f 7585 3987 7584
f 7291 7585 7290
f 7585 7584 7290
f 3988 3989 243
f 3988 242 3987
f 3989 3988 7586
f 3988 243 12247
f 242 3988 12247
f 3988 7585 7586
f 7585 3988 3987
f 12251 12252 5170
f 5169 12251 5170
f 12250 12251 5169
f 7590 7296 7591
f 7295 7590 7589
f 7296 7590 7295
f 12249 12250 5168
f 12249 5168 5167
f 12248 12249 5167
f 12249 12248 244
f 886 885 1031
f 887 886 1031
f 886 2395 885
f 886 887 2395
f 890 2397 889
f 2397 2396 889
f 2397 890 2398
f 2396 2397 25
f 2397 26 25
f 2397 2398 26
f 7292 7587 7586
f 7293 7587 7292
f 7587 7293 7588
f 7587 3989 7586
f 7587 7588 3990
f 3989 7587 3990
f 247 12253 12252
f 3995 247 3994
f 12251 247 12252
f 5173 12255 5174
f 12254 12255 5173
f 12255 12256 5174
f 12255 250 12256
f 248 12254 12253
f 248 3995 3996
f 247 248 12253
f 248 247 3995
f 2034 2033 2144
f 2034 2144 2145
f 2035 2034 2145
f 1918 2034 2035
f 2331 2143 2332
f 2033 2143 2144
f 2143 2331 2144
f 2142 2031 2332
f 2143 2142 2332
f 2331 13821 7220
f 13821 2331 2332
f 7220 13821 7221
f 13821 2332 7221
f 4055 7644 7645
f 7644 7643 7355
f 7644 4055 4054
f 7643 7644 4054
f 7356 7644 7355
f 7645 7644 7356
f 4059 344 4058
f 4059 4060 346
f 4059 4058 7650
f 4060 4059 7650
f 4063 350 4062
f 350 349 4062
f 349 348 4062
f 348 349 12347
f 344 12344 343
f 12344 12343 343
f 339 12341 12340
f 12338 12339 5271
f 12339 5272 5271
f 12339 12340 5272
f 4053 339 4052
f 7641 4053 4052
f 4053 7641 7642
f 4055 340 4054
f 341 340 4055
f 340 4053 4054
f 4053 340 339
f 340 12341 339
f 4052 338 4051
f 339 338 4052
f 338 339 12340
f 12339 338 12340
f 12354 5286 5285
f 5286 6005 5285
f 12355 5286 12354
f 5287 5286 12355
f 6005 5286 6006
f 5286 5287 6006
f 372 4072 4073
f 372 371 4072
f 12371 5298 5297
f 12366 367 368
f 5281 12348 12349
f 12348 5281 12347
f 12348 350 12349
f 349 12348 12347
f 350 12348 349
f 7300 7594 7593
f 7300 35 36
f 12260 255 12261
f 12260 254 255
f 254 12260 12259
f 5179 12260 12261
f 12260 5179 5178
f 12259 12260 5178
f 7321 58 7322
f 58 59 7322
f 57 58 7321
f 58 57 2428
f 58 2428 2429
f 59 58 2429
f 7316 51 52
f 50 51 7316
f 51 50 2422
f 51 2423 52
f 2423 51 2422
f 7315 50 7316
f 7315 7602 7314
f 49 7315 7314
f 50 7315 49
f 7602 7315 7603
f 7315 7316 7603
f 5188 12269 5189
f 5925 5188 5189
f 5188 12268 12269
f 12268 5188 5187
f 5187 5188 5924
f 5188 5925 5924
f 271 4015 272
f 271 270 4015
f 12273 271 272
f 271 12273 12272
f 270 271 12272
f 5999 5270 5271
f 5270 12338 5271
f 5270 5269 12338
f 5996 8039 5995
f 8040 8039 5996
f 8039 8702 8701
f 8039 8040 8702
f 5272 6000 5271
f 6000 5999 5271
f 5281 6002 5280
f 5276 6002 6001
f 5985 5249 5250
f 5249 12322 5250
f 5249 5984 5248
f 5249 5985 5984
f 5249 12321 12322
f 12321 5249 5248
f 5992 5261 5262
f 5262 5261 12332
f 5261 12331 12332
f 5263 5993 5262
f 12333 5263 5262
f 5263 12333 5264
f 5995 5265 5266
f 5265 12335 5266
f 12335 5265 12334
f 5265 5264 12334
f 5988 5253 5254
f 5987 5253 5988
f 5254 5253 12326
f 5253 12325 12326
f 5990 5258 5991
f 5258 5990 5257
f 8673 12940 12939
f 12940 4682 12939
f 12940 8674 12941
f 12940 8673 8674
f 4682 12940 4683
f 12940 12941 4683
f 8016 5965 5966
f 8016 8015 5965
f 8679 8016 8680
f 8015 8016 8679
f 12934 8666 8667
f 8665 8666 12934
f 8666 8005 8667
f 12936 4679 4678
f 12935 12936 4678
f 4679 12936 12937
f 12936 12935 8668
f 12936 8668 8669
f 12937 12936 8669
f 8004 8003 5952
f 8005 8004 5953
f 8004 5952 5953
f 8003 8004 8665
f 8666 8004 8005
f 8004 8666 8665
f 8001 8662 8000
f 8662 7999 8000
f 7999 8662 8661
f 8639 8638 7978
f 8639 12914 8638
f 8639 8640 12914
f 8640 8641 12915
f 12922 12921 8647
f 12921 4662 4661
f 4662 12921 12922
f 12924 4665 4664
f 4665 12925 4666
f 4665 12924 12925
f 9300 9301 9794
f 9301 9300 4668
f 9300 4667 4668
f 9300 9299 4667
f 9793 9300 9794
f 9300 9793 9299
f 10286 9793 9794
f 10285 9793 10286
f 10284 9793 10285
f 9793 10284 9792
f 9788 9789 10278
f 9291 9788 9290
f 9291 9789 9788
f 4653 4654 9283
f 4654 4653 12911
f 12911 4653 12910
f 4653 4652 12910
f 4655 4654 12913
f 12914 4655 12913
f 4656 4655 12914
f 12276 5202 12275
f 5202 5201 12275
f 5202 5938 5201
f 5202 5939 5938
f 12280 5207 12279
f 5944 5207 5945
f 5943 7993 7992
f 7994 7993 5943
f 7993 8652 7992
f 7993 7994 8654
f 7995 5945 7996
f 7995 8655 7994
f 7995 5944 5945
f 5944 7995 7994
f 7990 7989 5940
f 7989 5939 5940
f 5939 7989 7988
f 7989 8648 7988
f 7989 8649 8648
f 8649 7989 7990
f 5934 5198 5935
f 7984 5934 5935
f 5197 5934 5933
f 5198 5934 5197
f 8645 7985 7986
f 1088 1089 946
f 945 1088 946
f 1089 1088 1053
f 940 2440 939
f 940 941 2440
f 941 940 1084
f 1083 940 939
f 940 1083 1084
f 7619 7620 4025
f 7620 4026 4025
f 7620 7621 4026
f 7333 7620 7619
f 7621 7620 7333
f 9782 10267 10266
f 10267 9782 9783
f 10267 13373 10266
f 10270 13375 13374
f 10269 10270 13374
f 10270 9784 9785
f 9784 10270 10269
f 4652 9282 4651
f 9282 9281 4651
f 4653 9282 4652
f 9282 4653 9283
f 9782 9282 9283
f 9282 9782 9781
f 9281 9282 9781
f 5183 5184 5920
f 5182 5183 5919
f 5183 5920 5919
f 5183 5182 12264
f 12265 5183 12264
f 5184 5183 12265
f 5922 5185 5186
f 5185 5184 12266
f 5185 5922 5921
f 5184 5185 5921
f 5185 12267 5186
f 12267 5185 12266
f 5922 7973 7972
f 5923 7973 5922
f 7973 5923 7974
f 7972 7973 8633
f 8634 7973 7974
f 7973 8634 8633
f 912 2416 911
f 912 2417 2416
f 2417 912 2418
f 1060 912 911
f 1061 912 1060
f 9800 9799 9307
f 9800 9801 10293
f 9798 10291 10290
f 9799 10291 9798
f 10290 10291 13392
f 9288 4658 9289
f 9287 9288 9786
f 9288 9287 4657
f 4658 9288 4657
f 9786 9288 9787
f 9288 9289 9787
f 13378 10277 10278
f 13377 10277 13378
f 10277 9788 10278
f 10272 10273 13376
f 10273 10272 9786
f 10282 10281 9791
f 10283 10282 9791
f 10282 13381 10281
f 6748 6747 7153
f 7153 6747 7152
f 6747 6746 7152
f 6747 6889 6746
f 7151 6743 6742
f 6744 6743 7151
f 6743 6744 6887
f 6889 6890 3432
f 3432 6890 3433
f 6890 6891 3433
f 6747 6890 6889
f 6890 6748 6891
f 6890 6747 6748
f 6744 6888 6887
f 6888 6889 3431
f 6877 6734 6878
f 3419 3420 3230
f 3231 3420 3421
f 3420 3231 3230
f 3420 6878 3421
f 3420 6877 6878
f 6877 3420 3419
f 6873 6731 6732
f 6874 6873 6732
f 3416 6874 3417
f 3415 3416 3226
f 6873 3416 3415
f 3416 6873 6874
f 3416 3227 3226
f 3416 3417 3227
f 6736 6880 6735
f 3426 6883 6884
f 6883 6738 6884
f 6738 6883 6737
f 3428 3239 3238
f 3428 3429 3239
f 3039 3231 3040
f 3231 3039 3038
f 2926 3039 3040
f 3039 2926 2925
f 3038 3039 2925
f 3038 3037 3230
f 3037 3036 3230
f 3037 3038 2925
f 3036 2924 2923
f 2924 3037 2925
f 3037 2924 3036
f 2796 2924 2925
f 2924 2796 2795
f 2924 2795 2794
f 2923 2924 2794
f 3043 3233 3234
f 3042 3233 3043
f 3232 3041 3040
f 3041 2927 3040
f 3233 3041 3232
f 3041 3233 3042
f 2927 3041 2928
f 3041 3042 2928
f 3045 3235 3236
f 3045 3044 3235
f 3044 3045 2930
f 3026 2918 2917
f 3027 2918 3026
f 2789 2918 2919
f 2918 3028 2919
f 2918 3027 3028
f 2917 2918 2788
f 2918 2789 2788
f 3227 3031 3226
f 3031 3030 3226
f 3031 3227 3032
f 3030 3031 2920
f 3031 2921 2920
f 2921 3031 3032
f 3029 3225 3226
f 3030 3029 3226
f 3225 3029 3028
f 3028 3029 2919
f 3029 3030 2919
f 3410 3218 3217
f 3219 3218 3410
f 3218 3015 3014
f 3218 3013 3217
f 3013 3218 3014
f 3413 3414 3223
f 3222 3413 3223
f 3413 3222 3412
f 3413 3412 6871
f 3414 3413 6871
f 3016 3219 3017
f 3015 3016 2911
f 3016 3218 3219
f 3218 3016 3015
f 2911 3016 2912
f 3016 3017 2912
f 2776 2905 2777
f 2905 2906 2777
f 3012 3013 2906
f 3012 2905 3011
f 2905 3012 2906
f 3013 3012 3217
f 3012 3216 3217
f 3216 3012 3011
f 3006 3213 3007
f 3213 3214 3007
f 3213 3006 3005
f 3212 3213 3005
f 3213 3212 3407
f 3214 3213 3407
f 5492 5491 12577
f 5491 5490 12577
f 6203 5491 5492
f 5491 6203 6202
f 5490 5491 6202
f 5494 12578 5495
f 5494 5493 12578
f 6206 5494 5495
f 6205 5494 6206
f 5494 6205 5493
f 5486 5487 6199
f 5486 6198 5485
f 5486 6199 6198
f 5487 5486 12575
f 12574 5486 5485
f 12575 5486 12574
f 5488 12576 5489
f 12576 5488 5487
f 5487 5488 6200
f 5488 6201 6200
f 6201 5488 5489
f 12555 5460 12554
f 5461 5460 12555
f 5460 5459 12554
f 5459 5460 6175
f 6175 5460 6176
f 5460 5461 6176
f 5472 5473 6184
f 5472 6184 6183
f 5471 5472 6183
f 5473 5472 12564
f 12564 5472 12563
f 5472 5471 12563
f 6186 8209 6185
f 8209 8208 6185
f 8209 6186 8210
f 8863 8209 8210
f 8862 8209 8863
f 8209 8862 8861
f 8208 8209 8861
f 8206 8857 8205
f 8857 8206 8858
f 8858 8206 8859
f 6208 6209 8233
f 6208 8232 6207
f 6208 8233 8232
f 6209 6208 5496
f 6208 6207 5495
f 5496 6208 5495
f 5497 5498 6210
f 6209 5497 6210
f 5497 6209 5496
f 5498 5497 12580
f 12580 5497 12579
f 5497 5496 12579
f 4806 9433 9432
f 4807 9433 4806
f 9433 4807 9434
f 9431 9424 9430
f 8194 8195 8847
f 8195 8848 8847
f 8848 8195 8196
f 8196 8195 6175
f 8195 6174 6175
f 8195 8194 6174
f 8817 13043 13042
f 8818 13043 8817
f 13043 4797 4796
f 13043 4796 13042
f 8148 8149 8820
f 8819 8148 8820
f 8148 8819 8147
f 8149 8148 6122
f 13040 13039 8814
f 8815 13040 8814
f 13040 4795 4794
f 13039 13040 4794
f 8839 8838 8182
f 8838 8837 8181
f 8182 8838 8181
f 8838 13050 8837
f 8838 8839 13050
f 13053 4800 4799
f 4800 4801 4794
f 4801 4800 13054
f 4800 13053 13054
f 4795 4800 4794
f 4800 4795 4799
f 9942 9941 9444
f 9941 9443 9444
f 9417 4784 9418
f 9417 9416 4784
f 9414 9918 9917
f 9413 9915 9412
f 9413 4782 9414
f 9413 9414 9917
f 4781 9413 9412
f 4782 9413 4781
f 5408 5407 12498
f 5408 6143 5407
f 8245 8898 8897
f 8244 8245 8897
f 8898 8245 8246
f 8245 8244 6218
f 8246 8245 6219
f 8245 6218 6219
f 4397 13493 13494
f 4398 4397 13494
f 13493 4397 4396
f 4397 10919 4396
f 10919 4397 10920
f 4397 4398 10920
f 9971 10432 10431
f 10432 13489 10431
f 10434 9973 9974
f 10433 9973 10434
f 9473 9973 9472
f 9974 9973 9473
f 9966 10426 10425
f 10430 9970 10431
f 13484 4386 4385
f 10421 10422 13476
f 10421 9962 9963
f 10422 10421 9963
f 13489 13488 10431
f 13488 10430 10431
f 10430 13488 13487
f 13488 4392 4391
f 13487 13488 4391
f 13488 13489 4392
f 13490 10433 13491
f 4394 13490 13491
f 13490 10432 10433
f 10432 13490 13489
f 13490 4394 4393
f 13489 13490 4393
f 10416 9958 9959
f 10417 10416 9959
f 9958 10416 9957
f 10416 10415 9957
f 10416 10417 13472
f 9448 9947 9447
f 9942 9943 10397
f 9944 9943 9445
f 9943 9942 9444
f 9445 9943 9444
f 10407 10408 13464
f 10408 9949 10409
f 10413 9954 9955
f 10411 9951 9952
f 9951 10411 10410
f 10411 13467 10410
f 10411 13468 13467
f 9450 9950 9949
f 9451 9950 9450
f 9950 9451 9951
f 9949 9950 10409
f 10409 9950 10410
f 9950 9951 10410
f 10379 9913 9914
f 6196 6195 5482
f 6195 6194 5481
f 5482 6195 5481
f 6194 6195 8221
f 8221 6195 8222
f 6195 6196 8222
f 13073 4827 4826
f 4828 4827 13073
f 6190 8214 6189
f 8214 8213 6189
f 8215 8214 6190
f 8213 8214 8866
f 8214 8215 8867
f 8214 8867 8866
f 13069 13070 4819
f 13069 4818 13068
f 13069 4819 4818
f 13069 13068 8861
f 8862 13069 8861
f 13070 13069 8862
f 4820 13070 4821
f 13070 4820 4819
f 4819 4820 9449
f 4820 9450 9449
f 9450 4820 4821
f 4815 13065 13066
f 4816 4815 13066
f 4815 4816 9444
f 9443 4815 9444
f 10404 10405 13462
f 9446 9945 9944
f 9945 10402 9944
f 13061 8851 8852
f 8851 13061 13060
f 8850 8851 13060
f 8851 8201 8852
f 8851 8200 8201
f 8851 8199 8200
f 8851 8850 8199
f 6181 6182 8205
f 6182 8206 8205
f 8206 6182 6183
f 5471 6182 5470
f 6182 5471 6183
f 6182 5469 5470
f 6182 6181 5469
f 13061 13062 4809
f 13062 4810 4809
f 13062 13061 8852
f 4811 13062 13063
f 4810 13062 4811
f 8853 13062 8852
f 13062 8853 13063
f 9440 9439 4812
f 4813 9440 4812
f 9440 4813 9441
f 9439 9440 9935
f 9437 4810 4811
f 4813 9442 9441
f 9442 9443 9939
f 6159 8173 8172
f 8173 6159 6160
f 8174 8173 6160
f 8832 8174 8175
f 6149 6138 6139
f 6149 6150 6138
f 6149 5430 5431
f 6150 6149 5431
f 6137 6151 6152
f 6151 6150 5432
f 6138 6151 6137
f 6150 6151 6138
f 5433 6151 5432
f 6151 5433 6152
f 5404 6140 6139
f 8166 8165 6135
f 8162 8171 8172
f 8171 6158 8172
f 8171 8170 6158
f 8170 8171 8163
f 8171 8162 8163
f 8151 6125 8152
f 8150 8151 8821
f 8151 8152 8822
f 8821 8151 8822
f 8158 8159 8828
f 6129 5395 5396
f 6129 6128 5395
f 8824 8825 13048
f 8825 8826 13048
f 8835 8836 13049
f 13048 8835 13049
f 8834 8835 13048
f 8835 8834 8178
f 8835 8178 8179
f 8836 8835 8179
f 5436 6154 5435
f 6155 6154 5436
f 6154 6153 5435
f 8168 6155 6156
f 8169 8168 6156
f 5386 6119 5385
f 5380 6109 5379
f 6113 5381 5382
f 6113 6112 5381
f 6114 6113 5382
f 6113 6114 8141
f 6113 8141 8140
f 6112 6113 8140
f 4791 4790 13037
f 13038 4791 13037
f 4791 13038 4792
f 4790 4789 13036
f 4789 9424 4788
f 4784 4783 13032
f 4783 4782 13032
f 4783 9416 9415
f 9416 4783 4784
f 9414 4783 9415
f 4782 4783 9414
f 13035 13034 8807
f 13036 13035 8808
f 13035 8807 8808
f 4789 13035 13036
f 13035 4789 4788
f 4787 13035 4788
f 13035 4787 13034
f 10890 11211 10889
f 11211 11210 10889
f 11212 11211 10890
f 11210 11211 11218
f 11213 11214 11215
f 11214 11213 10892
f 11215 11214 10893
f 11214 10892 10893
f 4380 4379 13480
f 4379 10899 10898
f 4379 4380 10899
f 10902 4383 10903
f 4383 4384 10903
f 4382 4383 10902
f 4372 10894 4371
f 10894 4372 10895
f 13474 4372 4371
f 4376 13478 4377
f 10897 4376 4377
f 10896 4376 10897
f 13466 13465 10409
f 10408 13465 13464
f 13465 10408 10409
f 4363 13466 13467
f 4363 13465 13466
f 13473 13474 4371
f 10417 13473 13472
f 10894 4370 4371
f 4369 4370 10894
f 4370 13473 4371
f 4370 4369 13472
f 13473 4370 13472
f 4369 4368 13472
f 10423 10422 9964
f 9965 10423 9964
f 10423 13478 10422
f 9970 9969 9469
f 9468 9969 9968
f 9969 9468 9469
f 10430 9969 9970
f 13029 8797 8798
f 8798 8797 8131
f 8797 13028 8796
f 8797 13029 13028
f 4775 4774 13027
f 4776 9407 9406
f 4777 9407 4776
f 9407 4777 9408
f 9908 9407 9408
f 9406 9407 9907
f 9407 9908 9907
f 8248 8247 6221
f 6222 8248 6221
f 8249 8248 6222
f 8248 8249 8901
f 8248 8900 8247
f 8900 8248 8901
f 8901 8902 13097
f 8902 13098 13097
f 8902 8903 13098
f 8903 8902 8250
f 8249 8902 8901
f 8902 8249 8250
f 9844 10314 9843
f 10314 9844 9845
f 9344 9844 9843
f 9345 9844 9344
f 9844 9345 9845
f 8050 8051 8712
f 8051 6018 8052
f 8051 6017 6018
f 8051 8050 6017
f 12385 5304 5303
f 5304 12385 12386
f 5304 6025 5303
f 5304 12386 12387
f 5305 5304 12387
f 6025 5304 6026
f 5304 5305 6026
f 8691 8690 8026
f 8691 8027 8692
f 8027 8691 8026
f 8690 8691 12960
f 8691 8692 12961
f 12960 8691 12961
f 8025 8689 8024
f 8690 8689 8025
f 8689 8688 8024
f 8688 8689 12958
f 12958 8689 12959
f 8689 8690 12959
f 8712 8713 12976
f 8713 8714 12976
f 8051 8713 8712
f 8714 8713 8052
f 8713 8051 8052
f 8707 8708 12972
f 8706 8707 12972
f 8703 8704 12970
f 6009 8044 6008
f 8044 6007 6008
f 12930 12931 4673
f 12931 12932 4674
f 4673 12931 4674
f 12931 8662 12932
f 12931 12930 8661
f 8662 12931 8661
f 4670 12929 4671
f 12929 4672 4671
f 4672 12929 12930
f 8658 12929 8657
f 12930 12929 8658
f 9304 4672 4673
f 9305 9304 4673
f 4672 9304 9303
f 9304 9305 9797
f 9303 9304 9796
f 9304 9797 9796
f 9410 9409 4779
f 9410 4779 4780
f 9411 9410 4780
f 9911 9410 9912
f 9410 9411 9912
f 9410 9911 9910
f 9409 9410 9910
f 4772 9402 4771
f 4773 4772 13026
f 4772 4771 13026
f 4770 9398 4769
f 9398 9897 9896
f 9402 9904 9903
f 9904 9905 10366
f 4774 9404 4773
f 9899 10359 9898
f 10865 10863 10864
f 10866 10865 4333
f 10865 10864 4333
f 10865 10866 10862
f 10863 10865 10862
f 11172 10843 11173
f 10843 10844 11173
f 10839 10840 11172
f 10840 10841 11172
f 5414 5413 12501
f 165 7517 7516
f 7518 7517 166
f 7517 165 166
f 7517 7513 7514
f 7517 7518 7513
f 6691 7123 7124
f 6692 6691 7124
f 7049 6691 7050
f 6691 6692 7050
f 6688 6689 7048
f 6688 7048 7047
f 6687 6688 7047
f 7121 6688 6687
f 6689 6688 7121
f 3189 3384 3190
f 3382 3383 3187
f 3384 3383 13677
f 3383 13676 13677
f 13676 3383 3382
f 3384 3385 3190
f 3385 3191 3190
f 3385 3386 3191
f 3386 3385 13678
f 3385 13677 13678
f 3385 3384 13677
f 4139 4209 4210
f 4139 4140 4209
f 4211 4139 4210
f 4139 4211 4212
f 4213 4139 4212
f 4139 1162 1163
f 4140 4139 1163
f 1164 4141 1163
f 4141 4140 1163
f 4201 4141 4200
f 4141 4201 4202
f 4203 4141 4202
f 4140 4141 4203
f 4140 4204 4205
f 4204 4140 4203
f 4205 4204 1150
f 4204 4203 1150
f 11739 11738 1328
f 11738 11737 1328
f 1268 11738 11739
f 11737 11738 1268
f 11736 1267 11735
f 11737 11736 1328
f 11736 1268 1267
f 11736 11737 1268
f 11736 11735 1327
f 1328 11736 1327
f 11722 1314 11723
f 1313 1314 11722
f 1314 1315 11723
f 1315 1314 1367
f 1314 1366 1367
f 1314 1313 1366
f 1309 11717 1308
f 11717 1309 11718
f 11717 1250 1308
f 1250 11717 1251
f 11717 11718 1251
f 1592 1593 11799
f 1593 1592 1683
f 11800 1593 1594
f 1593 11800 11799
f 1593 1684 1594
f 1684 1593 1683
f 4168 4167 1176
f 4167 4166 1176
f 4167 4168 4179
f 4166 4167 4179
f 4170 1177 4171
f 4170 4169 1177
f 4178 4170 4171
f 4169 4170 4178
f 4150 1168 4151
f 4150 4149 1168
f 4225 4224 1159
f 4218 4227 4217
f 4218 4217 1154
f 4224 4223 1156
f 4225 4223 4224
f 4228 4216 4217
f 4217 4216 1153
f 4216 4215 1153
f 11778 11777 1570
f 1571 11778 1570
f 11777 11778 1470
f 8293 8948 8947
f 8948 8293 8294
f 8948 13122 8947
f 6271 8300 8299
f 8300 8301 8956
f 6272 8300 6271
f 8301 8300 6272
f 8300 8955 8299
f 8955 8300 8956
f 8302 8301 6273
f 6274 8302 6273
f 8302 6274 8303
f 8302 8303 8957
f 8301 8302 8957
f 3629 567 566
f 3630 567 3629
f 567 12611 566
f 3631 567 3630
f 568 567 3631
f 12611 567 12612
f 567 568 12612
f 12699 12700 5634
f 12699 5633 12698
f 5633 12699 5634
f 679 12699 12698
f 680 12699 679
f 12700 12699 680
f 5635 12700 12701
f 12700 5635 5634
f 10545 10544 10085
f 10544 10084 10085
f 10084 10544 10543
f 10544 10545 13577
f 10544 13576 10543
f 13576 10544 13577
f 10084 9584 9585
f 9584 4955 9585
f 8380 8379 6353
f 9035 9036 13191
f 8383 9036 9035
f 6352 6351 5638
f 8379 6352 6353
f 6352 8379 8378
f 6351 6352 8378
f 5639 5640 6353
f 5639 6352 5638
f 6352 5639 6353
f 12703 5639 5638
f 5640 5639 12703
f 8372 8373 9025
f 8373 9026 9025
f 9027 8375 9028
f 8375 8376 9028
f 8375 6349 8376
f 13575 10542 10543
f 13574 10542 13575
f 10083 10084 10543
f 10542 10083 10543
f 10083 10542 10082
f 10083 9584 10084
f 10082 10081 9582
f 10080 10081 10540
f 9579 9580 10079
f 9580 10080 10079
f 9580 9579 4950
f 4956 9586 9585
f 4955 4956 9585
f 9586 4956 4957
f 4956 4955 13190
f 4956 13190 13191
f 4957 4956 13191
f 9030 8377 8378
f 8380 9032 8379
f 699 12724 12723
f 698 699 12723
f 12724 699 700
f 699 3910 700
f 3910 699 698
f 12722 12721 697
f 696 12721 12720
f 12721 696 697
f 697 696 3759
f 3759 696 3758
f 696 695 3758
f 9587 9586 4957
f 13192 4958 4957
f 4958 9587 4957
f 9587 4958 9588
f 6362 8388 8387
f 12709 12708 687
f 12708 12709 5650
f 13204 13203 9056
f 13203 4967 13202
f 13201 4965 13200
f 4965 13201 4966
f 13201 13202 4966
f 8392 9044 9043
f 9044 13198 9043
f 9044 9045 13198
f 9045 9044 8393
f 9044 8392 8393
f 4962 13197 13198
f 13198 13197 9043
f 9042 13197 13196
f 13197 9042 9043
f 8394 8395 9046
f 8394 9045 8393
f 8394 9046 9045
f 8395 8394 6369
f 8396 8395 6369
f 6370 8396 6369
f 8396 6370 8397
f 690 12711 689
f 12712 12711 690
f 8392 6367 8393
f 12716 693 694
f 11595 11379 11596
f 11379 11595 11378
f 11597 11379 11380
f 11379 11597 11596
f 11379 11029 11380
f 13578 4481 13577
f 10545 13578 13577
f 4482 13578 13579
f 4481 13578 4482
f 13582 10549 10550
f 10549 13582 13581
f 13582 4488 4487
f 4489 4488 13582
f 4486 13581 4487
f 4486 4485 13581
f 4485 4486 11018
f 11019 4486 4487
f 4486 11019 11018
f 11361 11579 11360
f 11579 11361 11580
f 4485 11016 4484
f 11017 11016 4485
f 11024 11025 11372
f 11025 11373 11372
f 11025 11374 11373
f 11593 11378 11594
f 11982 11593 11594
f 11592 11593 11982
f 11376 11591 11375
f 11376 11592 11591
f 11022 11021 4489
f 11021 4488 4489
f 11365 11021 11366
f 11367 11022 11368
f 11585 11367 11368
f 11021 11367 11366
f 11367 11021 11022
f 11367 11584 11366
f 11584 11367 11585
f 11023 4492 11024
f 4491 4492 11023
f 4492 10551 13584
f 10551 4492 4491
f 10551 13583 10550
f 4489 13583 4490
f 13583 4491 4490
f 13583 10551 4491
f 11584 11978 11977
f 11978 11584 11585
f 11978 11585 11979
f 11977 11978 11960
f 13208 13207 9060
f 13207 9059 9060
f 9059 13207 13206
f 13206 13207 4971
f 4971 13207 4972
f 13207 13208 4972
f 9063 9064 13210
f 9064 9065 13211
f 13210 9064 13211
f 9064 9063 8411
f 9062 9063 13209
f 13208 9062 13209
f 9062 13208 9061
f 9063 9062 8410
f 9062 9061 8409
f 8410 9062 8409
f 5669 6383 6382
f 6382 6383 8409
f 6383 8410 8409
f 6383 6384 8410
f 6384 6385 8411
f 12726 12725 701
f 12726 12727 5669
f 12725 12726 5668
f 12726 5669 5668
f 705 3768 3911
f 3768 705 3767
f 4500 13587 4501
f 13587 4500 4499
f 11030 4500 4501
f 4500 11030 4499
f 10095 10094 9596
f 10097 9599 10098
f 10097 9598 9599
f 10556 10097 10098
f 4965 9594 9593
f 9594 4965 4966
f 9594 4966 9595
f 10093 9594 9595
f 10092 9592 9593
f 9594 10092 9593
f 10092 9594 10093
f 4967 4968 9596
f 4969 4968 13204
f 4968 13203 13204
f 13203 4968 4967
f 8405 6378 6379
f 8404 6378 8405
f 6377 6378 8404
f 11359 11014 11360
f 11013 11014 11359
f 4483 11014 4482
f 11014 11013 4482
f 11012 11358 11011
f 11012 11013 11358
f 4481 11012 11011
f 11013 11012 4481
f 11970 11576 11971
f 11969 11970 11971
f 11970 11575 11576
f 11575 11970 11969
f 11008 11355 11007
f 11355 11008 11009
f 4478 11008 11007
f 11008 4478 11009
f 11006 4477 11007
f 11005 11006 11353
f 4477 11006 4476
f 11006 11005 4476
f 11351 11002 11003
f 11352 11351 11003
f 11570 11571 11962
f 11351 11571 11570
f 11571 11351 11352
f 10535 13567 10534
f 10075 10535 10534
f 10536 10535 10076
f 10535 10075 10076
f 13566 10533 10534
f 13567 13566 10534
f 10533 13566 13565
f 13566 13567 4469
f 13566 4468 13565
f 4468 13566 4469
f 10535 13568 13567
f 13568 10536 13569
f 13568 10535 10536
f 11001 4473 11002
f 4473 11001 4472
f 11351 11001 11002
f 10996 10997 11347
f 10997 11348 11347
f 4469 10997 10996
f 4470 10997 4469
f 13567 4470 4469
f 13568 4470 13567
f 3921 826 3852
f 3921 3853 826
f 3853 3921 7860
f 7859 3921 3852
f 7860 3921 7859
f 7849 7850 3840
f 7850 3841 3840
f 7850 7851 3841
f 7851 7850 7438
f 7850 7849 7438
f 7848 3839 3838
f 7849 3839 7848
f 3839 7849 3840
f 815 3839 3840
f 3839 814 3838
f 814 3839 815
f 109 110 7427
f 111 110 115
f 110 109 115
f 7429 7428 111
f 7428 110 111
f 110 7428 7427
f 114 7430 113
f 7430 7429 113
f 7430 114 115
f 7835 7430 7836
f 7429 7430 7835
f 3813 7829 3814
f 3813 7828 7829
f 7828 3813 3812
f 3813 3916 3812
f 3813 758 3916
f 98 96 99
f 100 94 101
f 101 7420 7419
f 7421 103 7422
f 103 104 7422
f 104 103 92
f 7773 7772 7379
f 7773 3783 7772
f 91 104 92
f 105 91 90
f 104 91 105
f 7418 100 7419
f 100 7418 99
f 7845 7844 7436
f 7844 7435 7436
f 7844 7843 7435
f 3834 7844 7845
f 7843 3833 3832
f 3833 7844 3834
f 7844 3833 7843
f 3833 806 3832
f 806 3833 807
f 808 3833 3834
f 807 3833 808
f 3826 3825 7837
f 3826 7837 7838
f 3827 3826 7838
f 3826 3827 3918
f 3825 3826 781
f 12816 824 825
f 12817 12816 825
f 824 12816 12815
f 810 3919 811
f 810 3835 3919
f 810 809 3835
f 809 12807 12806
f 810 12807 809
f 12808 12807 811
f 12807 810 811
f 5779 12808 5780
f 5776 12807 5777
f 12807 5776 12806
f 5776 5777 6499
f 12806 5772 12805
f 6515 5785 5786
f 6516 6515 5786
f 6515 6516 8511
f 8513 6518 8514
f 5788 6518 5787
f 5791 6521 5790
f 6521 5791 6522
f 5791 6523 6522
f 5791 5790 12815
f 12816 5791 12815
f 816 12810 815
f 816 817 12810
f 816 815 3840
f 3890 816 3840
f 817 816 3890
f 8504 9164 8503
f 9164 9163 8503
f 5781 6508 6507
f 5781 12808 12809
f 12808 5781 5780
f 6503 5779 5780
f 9161 8501 9162
f 8501 8502 9162
f 6498 6497 5774
f 6498 5776 6499
f 6497 6498 8494
f 6528 6527 5797
f 5795 6527 6526
f 5793 6525 6524
f 6524 6525 8520
f 12825 12824 828
f 12824 12823 828
f 12824 12825 5806
f 827 12821 826
f 831 12827 830
f 12827 12826 830
f 12825 5807 5806
f 12826 5807 12825
f 5807 6535 5806
f 6535 5807 6536
f 9198 8537 9199
f 9198 13306 9197
f 9198 8536 8537
f 9198 9197 8536
f 9196 13304 9195
f 9196 9195 8535
f 9197 9196 8535
f 9196 13305 13304
f 13306 13305 9197
f 13305 9196 9197
f 9200 13308 9199
f 13309 13308 9200
f 13308 13309 5086
f 9191 13299 13298
f 9191 9192 13299
f 13302 9194 13303
f 5715 12755 12756
f 12755 735 12756
f 6420 5706 5707
f 7771 7378 7772
f 7378 7771 7770
f 7771 3782 7770
f 3783 7771 7772
f 3782 7771 3783
f 7767 7768 3780
f 7767 7375 7376
f 7768 7767 7376
f 756 3916 757
f 756 755 3916
f 756 757 12774
f 5724 12760 5725
f 5724 12759 12760
f 12759 5724 5723
f 5724 6440 5723
f 6440 5724 5725
f 5706 12751 5707
f 12751 729 730
f 7769 7377 7770
f 7377 7769 7376
f 7769 7768 7376
f 3781 733 732
f 3781 3782 733
f 3781 731 3780
f 731 3781 732
f 7768 3781 3780
f 7769 3781 7768
f 3782 3781 7770
f 3781 7769 7770
f 734 3782 735
f 3782 734 733
f 12755 734 735
f 720 3912 721
f 720 719 3775
f 3912 720 3775
f 723 3912 3777
f 724 723 3777
f 709 3770 3771
f 3770 709 3911
f 5039 9667 5038
f 10627 13621 10626
f 13620 10615 10624
f 10625 13620 10624
f 10625 10153 10626
f 13627 4560 4559
f 4561 13627 13628
f 4560 13627 4561
f 13627 10635 13628
f 10635 13627 10634
f 10634 13627 10633
f 13627 13626 10633
f 13626 10632 10633
f 10632 10631 10161
f 10632 10162 10633
f 10162 10632 10161
f 13622 10628 10629
f 13623 13622 10629
f 10627 13622 13621
f 13622 10627 10628
f 13616 13622 13615
f 13622 13616 13621
f 10644 10171 10172
f 13635 10643 13636
f 10643 10644 13636
f 10643 13635 10642
f 10643 10171 10644
f 10170 10643 10642
f 10171 10643 10170
f 10644 13637 13636
f 13636 13637 4569
f 13638 13637 10645
f 13637 10644 10645
f 13637 4570 4569
f 13637 13638 4570
f 11079 4564 4565
f 11070 4534 11071
f 10638 10639 13631
f 10639 10638 10168
f 10166 10637 10636
f 4534 4535 11071
f 4535 11072 11071
f 4535 4534 13606
f 13607 4535 13606
f 4527 4528 11065
f 11066 4528 4529
f 4528 11066 11065
f 4528 13603 4529
f 4528 4527 13603
f 11070 11425 11069
f 11425 11070 11071
f 11084 11083 4567
f 11085 11084 4567
f 13591 10570 13592
f 10573 13592 10572
f 10575 10576 13593
f 4524 11062 4523
f 11062 4524 11063
f 11418 11062 11063
f 11417 11062 11418
f 4519 11055 11054
f 11055 11409 11054
f 11056 4520 11057
f 11058 4520 4521
f 4520 11058 11057
f 4520 13599 4521
f 4520 4519 13599
f 4520 11055 4519
f 11055 4520 11056
f 4516 11047 4515
f 11047 11048 11401
f 11048 11402 11401
f 4516 11048 11047
f 11048 11049 11403
f 11402 11048 11403
f 11049 11048 4517
f 11048 4516 4517
f 11406 11405 11051
f 11405 11050 11051
f 11405 11406 11613
f 11058 11412 11057
f 11412 11411 11057
f 11620 11412 11621
f 11411 11412 11620
f 11052 11406 11051
f 4518 11052 11051
f 11618 11619 11638
f 11639 11618 11638
f 11617 11618 11639
f 11615 11616 11640
f 11614 11615 11640
f 11615 11408 11616
f 11626 11625 11416
f 11417 11626 11416
f 11626 11417 11627
f 11630 11431 11432
f 11630 11629 11431
f 11628 11627 11418
f 11419 11628 11418
f 11629 11628 11419
f 11622 11634 11635
f 11623 11634 11622
f 11634 11623 11633
f 11635 11634 11437
f 13273 9150 9151
f 13272 9150 13273
f 9149 9150 13272
f 8490 6495 8491
f 6494 8490 8489
f 8490 6494 6495
f 6494 5768 5769
f 6495 6494 5769
f 8498 8499 9160
f 9159 8498 9160
f 6500 8496 6499
f 9157 9156 8494
f 9163 13278 9162
f 13278 9161 9162
f 13278 13277 9161
f 13278 5052 13277
f 5041 9670 9669
f 5040 5041 9669
f 9670 5041 5042
f 5041 13272 5042
f 13269 13270 5038
f 802 801 3831
f 798 797 3831
f 799 798 3831
f 804 803 3832
f 803 3831 3832
f 803 802 3831
f 3822 3821 7834
f 777 776 3823
f 3824 777 3823
f 3824 3823 7836
f 3825 3824 7836
f 779 3824 3825
f 773 3822 774
f 773 3821 3822
f 3821 773 772
f 767 3917 3819
f 10615 10623 10624
f 9632 5005 9633
f 5032 5031 13265
f 5029 13264 5030
f 9131 13263 9130
f 13263 9131 13264
f 5027 13263 5028
f 5029 13263 13264
f 13263 5029 5028
f 4505 11035 11034
f 4504 4505 11034
f 11035 4505 4506
f 4506 4505 13589
f 4505 4504 13589
f 11389 11037 11390
f 11389 11390 11611
f 11389 11388 11036
f 11037 11389 11036
f 11610 11389 11611
f 11388 11389 11610
f 10579 13593 10578
f 13593 10579 13594
f 10579 10580 13594
f 10111 10579 10578
f 10580 10579 10111
f 10111 10582 10581
f 10583 10582 10111
f 10582 13595 10581
f 10565 13591 10564
f 10565 10566 13591
f 10566 10107 10567
f 10108 10107 9607
f 4534 4533 13606
f 4532 4533 11069
f 11070 4533 4534
f 4533 11070 11069
f 4531 11068 11067
f 4531 4532 11068
f 13601 4524 4523
f 13601 4523 13600
f 13601 13602 4524
f 13602 4526 4525
f 4526 13602 4527
f 4526 11064 4525
f 4526 4527 11064
f 9614 10116 9613
f 9610 10112 10111
f 10592 10593 13606
f 10587 10588 13603
f 10112 10588 10587
f 11394 11393 11041
f 11394 11042 11395
f 11394 11041 11042
f 11394 11395 11612
f 11393 11394 11612
f 4511 4512 11042
f 11043 4512 4513
f 4512 11043 11042
f 4512 13593 4513
f 4512 4511 13593
f 4510 11041 11040
f 4510 4511 11041
f 11039 4510 11040
f 4510 11039 4509
f 4511 4510 13592
f 4510 13591 13592
f 13591 4510 4509
f 4986 4987 9610
f 4986 9609 4985
f 4986 9610 9609
f 4987 4986 13215
f 4990 13218 4991
f 9614 4990 4991
f 4989 4990 9613
f 4990 9614 9613
f 4982 4981 13213
f 4983 4982 13213
f 4981 4982 9607
f 4982 9608 9607
f 4982 4983 9608
f 4983 4984 9608
f 9609 4984 4985
f 9608 4984 9609
f 4984 4983 13213
f 9083 9082 8426
f 6402 6403 8422
f 9082 8425 8426
f 8425 9082 9081
f 4993 4994 9617
f 9616 4993 9617
f 4993 13220 4994
f 13220 4993 13219
f 4994 9618 9617
f 9619 9618 4994
f 9618 10120 9617
f 9619 9620 10122
f 10123 9620 9621
f 9620 10123 10122
f 13220 9077 9078
f 9078 9077 8422
f 9077 13219 9076
f 9077 13220 13219
f 9072 9073 13216
f 8420 9075 9074
f 13218 9075 9076
f 4978 9605 4977
f 4978 4979 9605
f 4979 4978 13212
f 4978 4977 13211
f 13212 4978 13211
f 4980 13212 4981
f 4980 4979 13212
f 4979 4980 9606
f 10125 9623 10126
f 13224 13223 9081
f 9082 13224 9081
f 13224 4997 13223
f 8435 9097 9096
f 9097 8435 8436
f 5016 13243 5017
f 9644 5016 5017
f 9095 9094 8434
f 9094 13237 9093
f 9094 9095 13238
f 13237 9094 13238
f 8432 9092 9091
f 13236 13235 9093
f 13235 9092 9093
f 6413 5700 6414
f 5699 5700 6413
f 5700 5699 12745
f 8429 8428 6408
f 9088 8429 8430
f 5699 12744 12745
f 5698 12744 5699
f 12744 724 12745
f 12744 723 724
f 12736 5691 12735
f 10116 10600 10599
f 13614 4546 13613
f 10607 13616 13615
f 10125 10607 10124
f 10607 10123 10124
f 4560 4541 4542
f 4541 4560 4561
f 13624 4551 4550
f 13625 10632 13626
f 4551 13625 4552
f 13625 4551 13624
f 10631 13625 13624
f 10632 13625 10631
f 10641 13633 10640
f 13633 13632 10640
f 13633 10641 13634
f 13633 13634 4567
f 13632 13633 4567
f 9693 5057 9694
f 5056 5057 9693
f 9678 10169 10168
f 5052 5053 9686
f 5053 13278 5054
f 13278 5053 5052
f 9684 9683 5051
f 5052 9684 5051
f 10171 9684 10172
f 9684 10171 9683
f 9689 9688 5054
f 9688 5053 5054
f 10192 10193 10664
f 10193 10194 10664
f 10193 10192 9702
f 9703 10193 9702
f 10194 10193 9703
f 9178 9179 13286
f 9179 13287 13286
f 5071 5070 13288
f 5071 5072 9709
f 5070 5071 9709
f 9177 9178 13286
f 13285 9177 13286
f 9176 13284 9175
f 9176 13285 13284
f 9176 9177 13285
f 8514 9176 9175
f 8515 9176 8514
f 9177 9176 8515
f 5066 5065 13284
f 13283 5065 5064
f 5065 13283 13284
f 5065 5066 9703
f 5064 5065 9702
f 5065 9703 9702
f 5080 13303 5081
f 5080 13302 13303
f 13302 5080 5079
f 8519 8518 6523
f 8519 6524 8520
f 8519 6523 6524
f 9183 9184 13291
f 9184 13292 13291
f 5074 5073 13291
f 13292 5074 13291
f 5073 5074 9709
f 13295 13294 9187
f 5078 13295 13296
f 13294 13295 5078
f 13294 5077 5076
f 5077 13294 5078
f 5077 5078 9709
f 5076 5077 9709
f 13290 9183 13291
f 13290 9182 9183
f 5073 13290 13291
f 13290 5073 5072
f 13289 13288 9181
f 9182 13289 9181
f 13290 13289 9182
f 13289 5071 13288
f 5071 13289 5072
f 13289 13290 5072
f 6516 8512 8511
f 9174 8512 8513
f 8517 9179 9178
f 9179 8517 8518
f 8517 6521 6522
f 8518 8517 6522
f 9173 9174 13283
f 8512 9173 8511
f 9173 8512 9174
f 13644 10652 13645
f 4575 13644 13645
f 13647 10656 13648
f 10177 10178 10654
f 10178 10177 9694
f 10181 9696 9697
f 10179 9695 9696
f 9695 10178 9694
f 10178 9695 10179
f 10176 9691 9692
f 9691 5056 9692
f 9691 5055 5056
f 9688 10174 10173
f 10174 9688 9689
f 10174 10648 10173
f 10648 10174 10649
f 10649 10650 13642
f 10650 13643 13642
f 11431 11088 11432
f 4570 11088 4569
f 11089 11088 4570
f 11088 11433 11432
f 11433 11088 11089
f 11630 11433 11631
f 11433 11630 11432
f 11090 4570 4571
f 11090 11089 4570
f 11091 11090 4571
f 11435 11090 11091
f 11443 11096 11097
f 4576 4575 13645
f 13646 4576 13645
f 4577 4576 13646
f 4576 4577 11097
f 11096 4576 11097
f 4576 11096 4575
f 13643 4574 4573
f 4574 11094 4573
f 13644 4574 13643
f 4574 13644 4575
f 10661 10660 10184
f 13649 10660 10661
f 10659 10660 13649
f 9718 10200 9717
f 10200 9718 10201
f 10668 10200 10201
f 10199 10665 10198
f 10665 10671 10672
f 10665 10670 10671
f 10197 9714 10198
f 10197 10665 10196
f 10665 10197 10198
f 9713 10197 10196
f 10197 9713 9714
f 5091 9715 5090
f 9715 9714 5090
f 9715 10199 10198
f 9714 9715 10198
f 5083 13305 13306
f 5094 9718 9717
f 5098 13321 13322
f 13322 13321 9215
f 13321 5097 13320
f 13321 5098 5097
f 8541 8540 6545
f 8540 6544 6545
f 6544 8540 8539
f 8540 8541 9202
f 8540 9201 8539
f 8540 9202 9201
f 9726 9725 5102
f 9726 9727 10209
f 5103 9726 5102
f 9727 9726 5103
f 5101 13325 5102
f 9725 5101 5102
f 9723 10205 9722
f 9723 10206 10205
f 5830 5831 6559
f 6558 5830 6559
f 5830 6558 5829
f 839 840 12835
f 840 839 3872
f 839 3871 3872
f 3871 839 3923
f 839 838 3923
f 7873 7872 7455
f 7873 7455 7456
f 7874 7873 7456
f 7873 7874 3865
f 7873 3865 3864
f 7872 7873 3864
f 5819 5818 12832
f 5818 5817 12832
f 8548 6553 8549
f 12833 5822 12832
f 5828 12833 5829
f 5828 6557 6556
f 6557 5828 5829
f 13328 13327 9220
f 5104 13327 13328
f 13327 9219 9220
f 9219 13327 13326
f 13327 5103 13326
f 13327 5104 5103
f 5838 6567 5837
f 6567 6566 5837
f 6567 8561 6566
f 8561 6567 8562
f 6567 5838 6568
f 8562 6567 6568
f 9222 8561 8562
f 13329 9222 13330
f 9221 9222 13329
f 8561 9222 9221
f 9222 9223 13330
f 9222 8562 9223
f 5087 5088 9712
f 5087 9711 5086
f 9711 5087 9712
f 5087 13310 5088
f 13309 5087 5086
f 13310 5087 13309
f 5089 5088 13311
f 13312 5089 13311
f 5089 13312 5090
f 5088 5089 9713
f 9714 5089 5090
f 9713 5089 9714
f 13319 9212 9213
f 9212 8553 9213
f 9212 8552 8553
f 9212 13319 13318
f 8546 8547 9208
f 8543 6547 8544
f 6547 8543 6546
f 8543 8542 6546
f 13134 13135 4900
f 13135 8972 8973
f 8971 13135 13134
f 8972 13135 8971
f 13138 13137 8975
f 8976 13138 8975
f 13139 13138 8976
f 13137 8974 8975
f 8974 8973 8322
f 8974 8323 8975
f 8323 8974 8322
f 9529 10029 10028
f 9528 9529 10028
f 9529 4899 4900
f 9529 9528 4899
f 8320 8319 6294
f 8320 6294 6295
f 8321 8320 6295
f 8972 8320 8321
f 8319 8320 8971
f 8320 8972 8971
f 12672 5601 5600
f 5603 5602 12673
f 5602 12672 12673
f 5602 5601 12672
f 6315 5602 5603
f 12672 643 12673
f 643 644 12673
f 643 12672 642
f 643 642 3705
f 658 657 3722
f 657 12680 12679
f 12680 657 658
f 5608 6320 5607
f 6314 8340 6313
f 6314 6315 8340
f 6314 6313 5600
f 5601 6314 5600
f 6314 5602 6315
f 5602 6314 5601
f 11331 11554 11553
f 11330 11331 11553
f 4450 10981 10980
f 10981 4450 4451
f 10981 11329 10980
f 10981 11330 11329
f 10076 9576 9577
f 9576 4947 9577
f 10075 9576 10076
f 9575 9576 10075
f 4947 4946 13181
f 9576 4946 4947
f 4946 9576 9575
f 13180 13179 9024
f 13180 9024 9025
f 13181 13180 9025
f 4946 13180 13181
f 10986 10987 11336
f 10986 4456 10987
f 11340 11341 11563
f 11340 11563 11562
f 11339 11340 11562
f 11564 11342 11343
f 11341 11342 11564
f 10054 10514 10513
f 10074 10073 9574
f 9575 10074 9574
f 10074 9575 10075
f 10074 10075 10534
f 10533 10074 10534
f 10073 10074 10533
f 613 612 3675
f 612 3674 3675
f 612 611 3674
f 611 612 12648
f 12648 612 12649
f 612 613 12649
f 613 12650 12649
f 12650 613 614
f 12649 12650 5569
f 12650 5570 5569
f 12652 5572 5571
f 10052 9552 9553
f 9552 9551 4922
f 10512 10513 13553
f 9552 10051 9551
f 10051 9552 10052
f 4919 4920 9549
f 4919 9548 4918
f 4919 9549 9548
f 13153 4919 4918
f 4919 13153 13154
f 4920 4919 13154
f 9568 10067 9567
f 5628 12693 12694
f 12694 12693 674
f 12693 673 674
f 12693 12692 673
f 12682 662 663
f 661 662 12682
f 669 670 12688
f 670 12689 12688
f 12689 670 671
f 670 669 3730
f 3731 670 3730
f 12687 12688 5622
f 5621 12687 5622
f 12687 5621 12686
f 12687 669 12688
f 669 12687 668
f 12687 12686 668
f 3728 3729 668
f 3729 669 668
f 669 3729 3730
f 670 3732 671
f 3732 670 3731
f 9571 4942 9572
f 10071 9571 9572
f 9571 10071 10070
f 9020 13176 13175
f 5617 12681 12682
f 660 12681 659
f 12681 660 661
f 5613 12678 12679
f 13666 3366 13665
f 3367 3366 13666
f 3366 3365 13665
f 3365 3366 3163
f 3163 3366 3164
f 3366 3367 3164
f 1080 1081 935
f 1080 934 1079
f 1080 935 934
f 1080 1079 1057
f 1081 1080 1057
f 1071 925 1070
f 1063 1071 1070
f 926 1071 1072
f 925 1071 926
f 1072 1071 1062
f 1071 1063 1062
f 1068 921 1067
f 1068 1069 922
f 921 1068 922
f 79 80 7347
f 7346 79 7347
f 78 79 7346
f 80 79 2451
f 79 2450 2451
f 79 78 2450
f 314 313 4035
f 313 4034 4035
f 313 312 4034
f 313 314 12316
f 12315 313 12316
f 312 313 12315
f 322 321 4039
f 321 320 4039
f 321 322 12324
f 12323 321 12324
f 320 321 12323
f 318 12321 12320
f 317 318 12320
f 318 319 12321
f 318 317 4037
f 318 4038 319
f 4038 318 4037
f 325 324 4041
f 326 325 4041
f 325 326 12328
f 325 12327 324
f 325 12328 12327
f 328 327 4042
f 327 326 4042
f 326 327 12329
f 12331 12330 328
f 327 12330 12329
f 12330 327 328
f 12330 12331 5259
f 12330 5258 12329
f 5258 12330 5259
f 3993 7592 3994
f 7592 3993 7591
f 247 3993 3994
f 3993 7590 7591
f 12249 245 12250
f 249 248 3996
f 248 249 12254
f 3997 249 3996
f 249 3997 250
f 12255 249 250
f 249 12255 12254
f 2034 1917 2033
f 1917 11831 1916
f 11831 1917 1918
f 1917 2034 1918
f 2032 2142 2143
f 2032 2143 2033
f 2031 2032 1916
f 2142 2032 2031
f 2032 1917 1916
f 1917 2032 2033
f 345 4059 346
f 4059 345 344
f 345 12344 344
f 351 350 4063
f 350 351 12349
f 4060 347 346
f 347 12346 346
f 12346 12347 5280
f 12346 348 12347
f 12346 347 348
f 342 12342 341
f 12342 342 12343
f 12342 340 341
f 340 12342 12341
f 5276 12342 12343
f 12341 5274 12340
f 337 4050 4051
f 338 337 4051
f 337 12339 12338
f 337 338 12339
f 12358 5289 12357
f 5289 12358 12359
f 12358 12357 362
f 12359 12358 362
f 5290 5289 12359
f 5290 5291 6008
f 6007 5290 6008
f 5289 5290 6007
f 5288 6007 6006
f 5288 5289 6007
f 5287 5288 6006
f 5289 5288 12357
f 12357 5288 12356
f 5288 5287 12356
f 373 372 4073
f 373 4074 374
f 4074 373 4073
f 372 373 12375
f 12376 373 374
f 373 12376 12375
f 12373 5299 5298
f 372 12373 371
f 369 12368 368
f 369 368 4071
f 12368 12367 368
f 12367 12366 368
f 367 12364 366
f 7301 7302 7594
f 7300 7301 7594
f 7301 7300 36
f 37 7301 36
f 7302 7301 37
f 7299 7300 7593
f 7592 7299 7593
f 7299 7592 7298
f 7299 7298 35
f 7300 7299 35
f 5269 5998 5997
f 5270 5998 5269
f 5998 5270 5999
f 5998 8040 5997
f 8039 5994 5995
f 5994 8039 5993
f 5994 5265 5995
f 5265 5994 5264
f 5263 5994 5993
f 5994 5263 5264
f 8038 5992 5993
f 8039 8038 5993
f 8038 8039 8701
f 6004 6003 5283
f 6003 5282 5283
f 6003 5281 5282
f 6003 6002 5281
f 5260 5261 5992
f 5259 5260 5991
f 5260 5992 5991
f 12331 5260 5259
f 5261 5260 12331
f 5252 5987 5251
f 5252 5253 5987
f 5252 5251 12324
f 12325 5252 12324
f 5253 5252 12325
f 5255 5256 5989
f 5256 5990 5989
f 5990 5256 5257
f 5256 12328 5257
f 5256 5255 12328
f 8017 8016 5966
f 5967 8017 5966
f 8017 5967 8018
f 8681 8017 8018
f 8017 8681 8680
f 8016 8017 8680
f 8663 8662 8001
f 8664 8663 8002
f 8663 8001 8002
f 8663 8664 12932
f 8662 8663 12932
f 8639 7980 8640
f 5931 7980 5930
f 12917 12916 8642
f 12916 8641 8642
f 8641 12916 12915
f 12916 4657 12915
f 12916 4658 4657
f 4658 12916 12917
f 4659 4660 9290
f 4660 9291 9290
f 4665 9297 4664
f 9297 9792 9791
f 9790 9295 9791
f 10281 9790 9791
f 10280 9790 10281
f 9789 9790 10280
f 9789 10279 10278
f 10279 9789 10280
f 10279 13379 10278
f 10279 10280 13379
f 9292 4660 4661
f 4660 9292 9291
f 9291 9292 9789
f 9285 4656 9286
f 9285 4655 4656
f 9285 9286 9785
f 9784 9285 9785
f 5203 5202 12276
f 5203 12276 12277
f 5204 5203 12277
f 5203 5204 5940
f 5939 5203 5940
f 5202 5203 5939
f 5209 5208 12281
f 5208 12280 12281
f 5208 5207 12280
f 5207 5208 5945
f 5208 5946 5945
f 5946 5208 5209
f 5206 5942 5205
f 5942 5206 5943
f 12279 5206 5205
f 5207 5206 12279
f 5206 5944 5943
f 5206 5207 5944
f 8653 7993 8654
f 7993 8653 8652
f 12927 8653 8654
f 8653 12927 12926
f 8652 8653 12926
f 8646 7987 8647
f 12921 8646 8647
f 7987 8646 7986
f 8646 8645 7986
f 8645 8644 7985
f 8644 7984 7985
f 8644 8643 7984
f 12919 8644 8645
f 1087 1054 1053
f 1088 1087 1053
f 1087 945 944
f 1087 1088 945
f 10268 10267 9783
f 9784 10268 9783
f 10268 9784 10269
f 10268 10269 13374
f 13373 10268 13374
f 10267 10268 13373
f 10271 10272 13375
f 10270 10271 13375
f 10272 10271 9785
f 10271 10270 9785
f 914 913 1062
f 913 1061 1062
f 913 912 1061
f 912 913 2418
f 2419 913 914
f 913 2419 2418
f 10292 10291 9799
f 10292 9800 10293
f 9800 10292 9799
f 10291 10292 13392
f 10292 13393 13392
f 13393 10292 10293
f 10275 10276 13377
f 10276 10277 13377
f 10276 10275 9787
f 9788 10276 9787
f 10277 10276 9788
f 10274 10275 13376
f 10273 10274 13376
f 10274 10273 9786
f 10274 9786 9787
f 10275 10274 9787
f 13382 10283 13383
f 13382 10282 10283
f 10282 13382 13381
f 4278 13382 13383
f 13381 13382 4278
f 6745 6888 6744
f 6746 6745 7152
f 6745 6744 7152
f 6889 6745 6746
f 6888 6745 6889
f 3430 3429 6887
f 6888 3430 6887
f 3430 6888 3431
f 3430 3431 3241
f 3240 3430 3241
f 3429 3430 3240
f 6876 6877 3419
f 6734 6876 6733
f 6877 6876 6734
f 6873 6872 6731
f 6730 6872 6871
f 6731 6872 6730
f 6872 3414 6871
f 3414 6872 3415
f 6872 6873 3415
f 3423 3424 3234
f 3233 3423 3234
f 6880 6879 6735
f 6879 6734 6735
f 6734 6879 6878
f 6878 6879 3421
f 3425 6883 3426
f 3424 3425 3235
f 3235 3425 3236
f 3425 3426 3236
f 6882 3425 3424
f 3425 6882 6883
f 6883 6882 6737
f 6882 6736 6737
f 3429 6886 6887
f 3428 6886 3429
f 6886 6741 6742
f 6743 6886 6742
f 6886 6743 6887
f 3427 3426 6884
f 3426 3427 3237
f 3237 3427 3238
f 3427 3428 3238
f 3047 3238 3048
f 3047 3237 3238
f 2932 3047 3048
f 2931 3047 2932
f 2904 2776 2775
f 2904 2905 2776
f 2774 2904 2775
f 3010 2904 3009
f 2904 3010 3011
f 2905 2904 3011
f 6184 8207 6183
f 8207 8206 6183
f 8208 8207 6184
f 8206 8207 8859
f 8859 8207 8860
f 8207 8208 8860
f 9424 9423 4788
f 9423 4787 4788
f 4787 9423 9422
f 9422 9423 9431
f 9423 9424 9431
f 9425 4789 4790
f 4789 9425 9424
f 9425 9429 9430
f 9424 9425 9430
f 13033 4785 4784
f 13034 4785 13033
f 4784 4785 9418
f 13044 8819 8820
f 13043 13044 4797
f 13041 8815 8816
f 13041 13040 8815
f 13041 8816 13042
f 13040 13041 4795
f 4796 13041 13042
f 4795 13041 4796
f 9415 9921 9920
f 9921 9933 9920
f 9416 9921 9415
f 9922 9921 9416
f 9420 9927 9926
f 9933 9934 9920
f 9934 9439 9935
f 9437 9932 9931
f 9932 9921 9922
f 9921 9932 9933
f 9937 9938 10389
f 9938 9442 9939
f 9938 9937 9441
f 9442 9938 9441
f 9940 9941 10393
f 9443 9940 9939
f 9941 9940 9443
f 9924 9417 9418
f 9919 9414 9415
f 9919 9415 9920
f 9919 9918 9414
f 9934 9919 9920
f 9919 9934 9935
f 9916 9413 9917
f 9413 9916 9915
f 6143 6142 5407
f 5409 5408 12498
f 12499 5409 12498
f 5409 12499 5410
f 10432 9972 10433
f 9972 9973 10433
f 9972 10432 9971
f 9973 9972 9472
f 9972 9471 9472
f 9471 9972 9971
f 9967 10426 9966
f 10426 9967 10427
f 10427 9967 9968
f 9967 9966 9467
f 9468 9967 9467
f 9967 9468 9968
f 13482 4383 4382
f 13486 10430 13487
f 13486 4389 4388
f 4389 13486 13487
f 10421 10420 9962
f 9961 10420 10419
f 10420 9961 9962
f 10420 13474 10419
f 10422 13477 13476
f 13478 13477 10422
f 13477 4374 13476
f 4376 13477 13478
f 13471 13470 10415
f 13471 10416 13472
f 10416 13471 10415
f 4368 13471 13472
f 9947 10406 10405
f 10406 9947 10407
f 10405 10406 13463
f 10406 10407 13463
f 9949 9948 9449
f 9948 9448 9449
f 9948 9947 9448
f 9947 9948 10407
f 10408 9948 9949
f 9948 10408 10407
f 9953 10412 9952
f 10412 10411 9952
f 9954 10412 9953
f 10412 9954 10413
f 10411 10412 13468
f 10412 10413 13469
f 13468 10412 13469
f 10381 10380 9914
f 10380 10379 9914
f 9913 10375 9912
f 10395 9941 9942
f 9919 10387 9918
f 9455 9454 4826
f 4827 9455 4826
f 9454 9455 9953
f 9455 9954 9953
f 4814 4813 13065
f 4815 4814 13065
f 4814 9442 4813
f 4814 4815 9443
f 9442 4814 9443
f 9946 9446 9447
f 9946 9945 9446
f 9947 9946 9447
f 9946 9947 10405
f 10404 9946 10405
f 9945 9946 10404
f 9945 10403 10402
f 10403 9945 10404
f 10403 10404 13462
f 9937 9936 9441
f 9936 9440 9441
f 9440 9936 9935
f 9436 9435 4809
f 4810 9436 4809
f 9437 9436 4810
f 9436 9437 9931
f 9439 9438 4811
f 9438 9437 4811
f 9934 9438 9439
f 9438 9934 9933
f 9932 9438 9933
f 9438 9932 9437
f 8176 8833 8175
f 8833 8832 8175
f 8831 8173 8174
f 8832 8831 8174
f 8173 8831 8172
f 6148 6140 6147
f 6148 6147 5429
f 6140 6148 6139
f 6148 6149 6139
f 5430 6148 5429
f 6149 6148 5430
f 5404 5403 12496
f 5403 12495 12496
f 5403 5402 12495
f 5403 6137 5402
f 5403 6138 6137
f 6138 5403 6139
f 5403 5404 6139
f 6140 5405 6141
f 5404 5405 6140
f 12497 5405 12496
f 5405 5404 12496
f 6124 8150 6123
f 6124 8151 8150
f 8151 6124 6125
f 6125 6124 5391
f 6124 5390 5391
f 5390 6124 6123
f 5397 6130 5396
f 6130 6129 5396
f 6130 8159 8158
f 6129 6130 8158
f 5393 6126 5392
f 6126 6125 5392
f 8156 8827 8826
f 8167 8168 8166
f 6154 8167 6153
f 6118 6117 5385
f 6119 6118 5385
f 6121 5388 6122
f 5388 6121 5387
f 8145 6118 6119
f 8816 8145 8817
f 6110 6109 5380
f 5379 6107 5378
f 8133 6107 8134
f 8136 6109 8137
f 8806 8136 8137
f 8135 8136 8805
f 8136 8806 8805
f 4377 4378 10898
f 4378 4379 10898
f 4373 4374 10895
f 4372 4373 10895
f 4374 4373 13476
f 4375 10896 4374
f 4375 4376 10896
f 13477 4375 4374
f 4375 13477 4376
f 13468 4364 13467
f 4364 4363 13467
f 13458 4362 13457
f 4362 13458 13464
f 13465 4362 13464
f 4363 4362 13465
f 10418 13473 10417
f 10418 9960 10419
f 10418 10417 9960
f 13474 10418 10419
f 13473 10418 13474
f 13470 4367 4366
f 4366 4367 4358
f 13471 4367 13470
f 4367 13471 4368
f 4367 4368 4357
f 4358 4367 4357
f 10424 9965 10425
f 10424 10423 9965
f 10424 10425 13480
f 10429 9969 10430
f 13486 10429 10430
f 8705 12971 12970
f 8704 8705 12970
f 8705 8706 12971
f 8705 8044 8706
f 8708 8046 8047
f 8707 8046 8708
f 6011 8046 6010
f 8046 6012 8047
f 8046 6011 6012
f 8042 8704 8703
f 8042 6003 6004
f 6005 8042 6004
f 6003 8042 6002
f 12928 12929 4670
f 4669 12928 4670
f 12927 12928 4669
f 12928 12927 8654
f 8655 12928 8654
f 12929 8656 8657
f 7995 8656 8655
f 8656 12928 8655
f 12928 8656 12929
f 8656 7996 8657
f 8656 7995 7996
f 9398 9397 4769
f 4768 9397 9396
f 9397 4768 4769
f 9397 9894 9396
f 9397 9895 9894
f 9895 9397 9896
f 9397 9398 9896
f 9399 9398 4770
f 9399 9899 9898
f 9897 9399 9898
f 9398 9399 9897
f 10365 9904 10366
f 10364 10365 13455
f 10365 10364 9903
f 9904 10365 9903
f 10365 13456 13455
f 13456 10365 10366
f 9906 9405 9406
f 9405 9404 4774
f 9905 9405 9906
f 9404 9405 9905
f 9405 4775 9406
f 9405 4774 4775
f 9403 4772 4773
f 9404 9403 4773
f 4772 9403 9402
f 9403 9904 9402
f 9904 9403 9905
f 9403 9404 9905
f 10361 10360 9899
f 10360 10359 9899
f 10360 10361 13451
f 13450 10360 13451
f 10359 10360 13450
f 9898 10358 10357
f 10359 10358 9898
f 10358 13449 10357
f 13449 10358 13450
f 10358 10359 13450
f 10841 10842 11172
f 10842 10843 11172
f 6691 6690 7123
f 7123 6690 7122
f 6690 6689 7122
f 6690 6691 7049
f 6690 7049 7048
f 6689 6690 7048
f 3189 3188 3384
f 3188 3383 3384
f 3383 3188 3187
f 4138 4213 4214
f 4138 4139 4213
f 4215 4138 4214
f 4138 4228 4137
f 4138 4137 1161
f 4216 4138 4215
f 4138 4216 4228
f 1162 4138 1161
f 4139 4138 1162
f 4143 4142 1164
f 4142 4141 1164
f 4196 4142 4143
f 4142 4196 4197
f 4198 4142 4197
f 4141 4199 4200
f 4200 4199 1149
f 4199 4198 1149
f 4199 4142 4198
f 4142 4199 4141
f 4227 4226 1160
f 1160 4226 1159
f 4226 4225 1159
f 4221 4220 1156
f 4221 4226 4220
f 4226 4221 4225
f 11779 1571 1572
f 11779 11778 1571
f 11779 1572 11780
f 11779 11780 1471
f 1470 11779 1471
f 11778 11779 1470
f 8951 8295 8296
f 5636 5635 12701
f 5636 6350 6349
f 5635 5636 6349
f 9037 13192 13191
f 9036 9037 13191
f 9037 9038 13192
f 9038 9037 8386
f 5642 12705 5643
f 12705 5642 12704
f 5640 6354 6353
f 6354 6355 8381
f 8380 6354 8381
f 6354 8380 6353
f 8383 6356 6357
f 5642 6356 6355
f 6357 6356 5643
f 6356 5642 5643
f 6346 8372 6345
f 6346 8373 8372
f 8373 6346 6347
f 5632 6346 6345
f 5633 6346 5632
f 6347 6346 5633
f 8374 8373 6347
f 8374 8375 9027
f 9026 8374 9027
f 8373 8374 9026
f 8375 6348 6349
f 6348 6347 5634
f 6348 8374 6347
f 8374 6348 8375
f 5635 6348 5634
f 6348 5635 6349
f 10083 9583 9584
f 9583 10082 9582
f 9583 10083 10082
f 10542 10541 10082
f 10541 10081 10082
f 10081 10541 10540
f 10541 10542 13574
f 10541 13573 10540
f 10541 13574 13573
f 9581 10081 10080
f 9580 9581 10080
f 10081 9581 9582
f 9581 4952 9582
f 8376 9029 9028
f 9029 13184 9028
f 8377 9029 8376
f 9030 9029 8377
f 9033 9032 8380
f 9034 9033 8381
f 9033 8380 8381
f 9030 9031 13186
f 9031 9030 8378
f 8379 9031 8378
f 9032 9031 8379
f 10548 10088 10089
f 10549 10548 10089
f 10548 10549 13581
f 13580 10548 13581
f 10087 9587 9588
f 10088 10087 9588
f 4961 4960 13196
f 13197 4961 13196
f 4961 13197 4962
f 10088 9589 10089
f 9589 10088 9588
f 6361 8387 8386
f 6361 6362 8387
f 6363 6362 5650
f 8388 6363 8389
f 6362 6363 8388
f 686 12706 685
f 12706 12705 685
f 12706 5645 12705
f 5645 12706 5646
f 5644 6357 5643
f 12705 5644 5643
f 5645 5644 12705
f 8384 8383 6357
f 8383 8384 9036
f 13203 9055 9056
f 9055 8403 9056
f 9055 8402 8403
f 9591 4961 4962
f 10091 10551 10550
f 10091 9591 9592
f 10091 10092 10551
f 10092 10091 9592
f 4963 13198 13199
f 4963 4962 13198
f 4963 9591 4962
f 9591 4963 9592
f 6375 8402 8401
f 8402 6375 6376
f 6375 5662 6376
f 6370 6371 8397
f 6371 6370 5657
f 12711 12710 689
f 12710 688 689
f 12710 12709 688
f 6369 6368 5656
f 8394 6368 6369
f 6368 8394 8393
f 6367 6368 8393
f 5653 12711 12712
f 8390 6365 8391
f 12714 12715 5657
f 12716 12715 693
f 693 12715 692
f 12715 12714 692
f 12715 5658 5657
f 5658 12715 12716
f 5658 6371 5657
f 6371 5658 6372
f 5660 12717 12718
f 12718 12717 694
f 12717 12716 694
f 11362 11581 11580
f 11361 11362 11580
f 11362 11017 11018
f 11362 11016 11017
f 11016 11362 11361
f 11015 11361 11360
f 11015 11016 11361
f 11014 11015 11360
f 11015 11014 4483
f 11015 4483 4484
f 11016 11015 4484
f 4499 4498 13586
f 11029 4498 4499
f 10553 10093 10094
f 10095 10553 10094
f 11376 11377 11592
f 11593 11377 11378
f 11377 11593 11592
f 11377 11027 11378
f 11377 11376 11027
f 11021 11020 4488
f 11020 11019 4487
f 4488 11020 4487
f 11020 11021 11365
f 11020 11365 11364
f 11019 11020 11364
f 8412 9064 8411
f 6385 8412 8411
f 8412 8413 9065
f 9064 8412 9065
f 5671 6385 6384
f 6385 5671 5672
f 709 12732 12731
f 12731 12730 707
f 707 706 3911
f 706 705 3911
f 12730 706 707
f 705 706 12729
f 706 12730 12729
f 3767 704 3766
f 705 704 3767
f 9597 10095 9596
f 9597 4969 9598
f 4968 9597 9596
f 9597 4968 4969
f 10097 10096 9598
f 10096 9597 9598
f 9597 10096 10095
f 5664 6378 6377
f 5664 12721 12722
f 11574 11575 11969
f 11575 11574 11355
f 11356 11575 11355
f 11356 11355 11009
f 11576 11356 11357
f 11575 11356 11576
f 11356 11010 11357
f 11010 11356 11009
f 11001 11000 4472
f 11000 4471 4472
f 4471 11000 10999
f 4471 4470 13568
f 4472 4471 13569
f 4471 13568 13569
f 4470 10998 10997
f 10997 10998 11348
f 10998 4471 10999
f 4471 10998 4470
f 11348 10998 11349
f 10998 10999 11349
f 7428 7832 7427
f 3917 7832 3819
f 7832 3917 3818
f 7432 7431 115
f 7431 7430 115
f 7837 7431 7432
f 7431 7837 7836
f 7430 7431 7836
f 94 93 101
f 7420 102 7421
f 102 103 7421
f 102 7420 101
f 93 102 101
f 103 102 92
f 102 93 92
f 7380 7773 7379
f 3785 7774 7775
f 7380 7774 7773
f 7375 7394 7376
f 3787 3788 745
f 7781 3789 3788
f 98 97 96
f 757 12775 12774
f 12775 5732 12774
f 758 12775 757
f 12776 12775 758
f 5778 6500 5777
f 12807 5778 5777
f 5778 12807 12808
f 5779 5778 12808
f 5775 5774 12806
f 5776 5775 12806
f 5775 6498 5774
f 6498 5775 5776
f 5770 6495 5769
f 5770 5769 12805
f 5773 6497 6496
f 5772 5773 6496
f 6497 5773 5774
f 5774 5773 12806
f 5773 5772 12806
f 6514 5784 5785
f 6515 6514 5785
f 8515 6519 6520
f 6519 5789 6520
f 6519 8515 8514
f 6518 6519 8514
f 6519 5788 5789
f 6519 6518 5788
f 6517 6518 8513
f 6517 8512 6516
f 8512 6517 8513
f 6517 6516 5787
f 6518 6517 5787
f 5791 5792 6523
f 5792 5793 6524
f 6523 5792 6524
f 5792 5791 12816
f 5793 5792 12817
f 5792 12816 12817
f 6510 8504 6509
f 6511 6510 5783
f 5782 5781 12809
f 12810 5782 12809
f 5782 12810 5783
f 5782 6510 6509
f 6510 5782 5783
f 6508 5782 6509
f 5781 5782 6508
f 8500 9161 8499
f 8500 8501 9161
f 6503 8500 8499
f 5781 6505 5780
f 6527 8521 6526
f 6525 8521 8520
f 8521 6525 6526
f 8521 9181 8520
f 8521 9182 9181
f 5796 12819 5797
f 6527 5796 5797
f 5795 5796 6527
f 12819 5796 12818
f 5796 5795 12818
f 5794 6525 5793
f 5795 5794 12818
f 5794 5795 6526
f 6525 5794 6526
f 5794 12817 12818
f 5794 5793 12817
f 12823 12822 827
f 12822 12821 827
f 12820 12819 826
f 12821 12820 826
f 5805 12824 5806
f 12824 5805 12823
f 12828 12827 831
f 12828 832 12829
f 12828 831 832
f 12827 12828 5810
f 5811 12828 12829
f 12828 5811 5810
f 5809 12827 5810
f 5809 6539 6538
f 6539 5809 5810
f 9198 13307 13306
f 13307 9198 9199
f 13308 13307 9199
f 13297 9190 13298
f 9190 9191 13298
f 9192 8531 8532
f 9191 8531 9192
f 8531 6537 8532
f 6537 8531 6536
f 13301 5079 13300
f 13301 13302 5079
f 9193 13301 13300
f 9194 13301 9193
f 13302 13301 9194
f 12754 5713 5712
f 5713 12754 12755
f 12754 12753 733
f 734 12754 733
f 12754 734 12755
f 8438 6416 8439
f 5703 6416 5702
f 6420 6419 5706
f 8443 9107 9106
f 7767 7766 7375
f 7374 7766 7765
f 7375 7766 7374
f 7766 3779 7765
f 3779 7766 3780
f 7766 7767 3780
f 3916 3810 3811
f 3810 7826 3811
f 755 3810 3916
f 7819 7421 7422
f 7820 7819 7422
f 7819 7820 3803
f 7826 7825 7424
f 3810 7825 7826
f 7825 3810 3809
f 5722 12759 5723
f 744 12763 743
f 744 3787 745
f 12764 747 12765
f 12764 744 745
f 744 12764 12763
f 754 3810 755
f 3810 754 3809
f 12767 751 752
f 12764 12767 12763
f 5710 5709 12753
f 5710 6424 6423
f 5709 5710 6423
f 12751 5708 5707
f 12750 12751 5706
f 12751 12750 729
f 728 12750 12749
f 729 12750 728
f 720 12741 719
f 3912 722 721
f 723 722 3912
f 725 724 3778
f 726 725 3778
f 724 725 12745
f 727 3778 3779
f 727 726 3778
f 728 727 3779
f 727 728 12749
f 12747 5703 5702
f 711 3771 3772
f 708 707 3911
f 709 708 3911
f 708 12731 707
f 708 709 12731
f 9667 9666 5038
f 9668 9667 5039
f 9668 5040 9669
f 5040 9668 5039
f 10627 10156 10628
f 10614 10615 13620
f 10614 13619 10613
f 13619 10614 13620
f 9632 10133 9631
f 10133 9632 10134
f 10171 9682 9683
f 9682 10170 9681
f 9682 10171 10170
f 4566 11081 4565
f 11082 11081 4566
f 11081 11425 11071
f 4564 11078 4563
f 11079 11078 4564
f 13630 10638 13631
f 10638 13630 10637
f 10637 13630 13629
f 13630 4564 13629
f 4565 13630 13631
f 4564 13630 4565
f 10167 10638 10637
f 10166 10167 10637
f 10638 10167 10168
f 10167 9676 10168
f 10165 10164 9673
f 9674 10165 9673
f 10166 10165 9674
f 10165 10166 10636
f 10165 10635 10164
f 10635 10165 10636
f 4538 13609 4539
f 13608 4537 13607
f 13608 10597 13609
f 4538 13608 13609
f 13608 4538 4537
f 4535 4536 11072
f 4537 4536 13607
f 4536 4535 13607
f 11629 11430 11431
f 11424 11068 11069
f 11425 11424 11069
f 10571 10570 10108
f 13592 10571 10572
f 10570 10571 13592
f 10574 10575 13592
f 10573 10574 13592
f 10110 10576 10575
f 10574 10110 10575
f 10110 10574 10573
f 10111 10110 9609
f 10110 9608 9609
f 13593 10577 10578
f 10576 10577 13593
f 10577 10111 10578
f 10577 10110 10111
f 10110 10577 10576
f 11061 4522 4523
f 11062 11061 4523
f 11415 11061 11416
f 11061 11417 11416
f 11061 11062 11417
f 11411 11410 11056
f 11410 11055 11056
f 11055 11410 11409
f 11410 11617 11409
f 11410 11618 11617
f 11410 11411 11619
f 11618 11410 11619
f 4517 13596 13597
f 4516 13596 4517
f 13595 13596 4515
f 13596 4516 4515
f 13596 13598 13597
f 13596 10583 13598
f 10582 13596 13595
f 13596 10582 10583
f 11405 11404 11050
f 11049 11404 11403
f 11050 11404 11049
f 11403 11404 11613
f 11404 11405 11613
f 11413 11412 11058
f 11413 11059 11414
f 11413 11058 11059
f 11623 11413 11414
f 11413 11623 11622
f 11413 11622 11621
f 11412 11413 11621
f 11052 11407 11406
f 11406 11407 11613
f 11407 11614 11613
f 11615 11407 11408
f 11407 11615 11614
f 11408 11053 11054
f 11053 4519 11054
f 11407 11053 11408
f 11053 11407 11052
f 11053 4518 4519
f 11053 11052 4518
f 11435 11436 11633
f 11436 11634 11633
f 11634 11436 11437
f 11436 11091 11437
f 11436 11435 11091
f 9148 9149 13272
f 8486 9148 9147
f 13274 9153 9154
f 9154 9153 8491
f 9153 8490 8491
f 5778 6501 6500
f 8497 8498 9159
f 9158 8497 9159
f 8497 9158 8496
f 8497 8496 6500
f 6501 8497 6500
f 8497 6501 8498
f 8495 6498 6499
f 8496 8495 6499
f 6498 8495 8494
f 8495 9157 8494
f 8495 9158 9157
f 9158 8495 8496
f 8492 6495 6496
f 6495 8492 8491
f 13280 13279 9165
f 13279 9164 9165
f 9164 13279 9163
f 13279 13278 9163
f 5055 13279 5056
f 13278 13279 5054
f 13279 5055 5054
f 5057 13279 13280
f 13279 5057 5056
f 13270 13271 5040
f 13271 5041 5040
f 5041 13271 13272
f 9148 13271 9147
f 13271 9148 13272
f 800 799 3831
f 801 800 3831
f 793 3829 3830
f 12798 5756 5755
f 798 12801 797
f 9148 8487 9149
f 8487 9148 8486
f 776 775 3823
f 775 3822 3823
f 3822 775 774
f 780 3825 781
f 780 779 3825
f 780 12794 779
f 12795 12794 781
f 12794 780 781
f 3824 778 777
f 778 3824 779
f 775 12791 774
f 12791 775 776
f 768 3819 3820
f 768 767 3819
f 3917 766 3818
f 767 766 3917
f 10616 10623 10615
f 10133 10616 10615
f 10616 10134 10617
f 10616 10133 10134
f 5004 9632 9631
f 5004 5005 9632
f 8475 9131 9130
f 5756 6479 5755
f 10618 10136 10619
f 10136 9634 9635
f 13261 5026 5025
f 5023 9648 9647
f 5024 13261 5025
f 5024 13260 13261
f 5024 5023 13260
f 5023 5024 9648
f 9648 5024 9649
f 5024 5025 9649
f 10570 10569 10108
f 10569 10107 10108
f 10569 10570 13591
f 10106 10565 10564
f 10106 10105 9606
f 10565 10106 10566
f 10106 10107 10566
f 9607 10106 9606
f 10107 10106 9607
f 4530 11067 4529
f 4530 4531 11067
f 4531 13605 4532
f 4533 13605 13606
f 13605 4533 4532
f 13605 10592 13606
f 10586 10587 13602
f 13601 10586 13602
f 10586 10112 10587
f 13609 10598 10599
f 10597 10598 13609
f 10113 9610 9611
f 10113 10112 9610
f 10114 10113 9611
f 10595 10113 10114
f 10592 10113 10593
f 10589 10113 10590
f 10589 10588 10112
f 10113 10589 10112
f 4990 13217 13218
f 13217 4989 13216
f 13217 4990 4989
f 13217 9075 13218
f 9075 13217 9074
f 9073 13217 13216
f 13217 9073 9074
f 6401 8420 6400
f 8425 6406 8426
f 6402 5688 6403
f 8424 8425 9081
f 4992 4993 9616
f 4992 9615 4991
f 4992 9616 9615
f 13219 4992 4991
f 4993 4992 13219
f 10121 9619 10122
f 10121 9618 9619
f 9618 10121 10120
f 10605 10121 10122
f 10121 10605 10604
f 10120 10121 10604
f 13214 4986 4985
f 4986 13214 13215
f 4984 13214 4985
f 13214 4984 13213
f 9071 9072 13215
f 13214 9071 13215
f 9071 13214 9070
f 8417 9071 9070
f 13212 9067 13213
f 8420 6399 6400
f 8418 9073 9072
f 9071 8418 9072
f 8418 9071 8417
f 6389 8415 8414
f 8415 9067 8414
f 6395 8418 8417
f 9627 9628 10130
f 9628 9629 10130
f 9623 9624 10126
f 9624 9623 4999
f 13227 5001 13226
f 5001 9627 9626
f 13228 13229 5003
f 5004 13229 13230
f 13229 5004 5003
f 9089 9088 8430
f 13225 9083 13226
f 13224 13225 4999
f 13225 9082 9083
f 13225 13224 9082
f 4995 4994 13221
f 13222 4995 13221
f 4995 9619 4994
f 4995 9620 9619
f 4998 13224 4999
f 4998 4997 13224
f 9623 4998 4999
f 4997 9622 9621
f 9622 10124 9621
f 9622 4998 9623
f 4998 9622 4997
f 9622 10125 10124
f 9622 9623 10125
f 9097 13242 13241
f 5016 13242 13243
f 8438 9099 8437
f 9097 13240 9096
f 13240 9097 13241
f 5014 13240 13241
f 13240 5014 5013
f 9102 9101 8439
f 9645 9644 5017
f 9094 8433 8434
f 8433 9094 9093
f 9092 8433 9093
f 8432 8433 9092
f 5700 5701 6414
f 5701 5700 12745
f 8433 6411 8434
f 6410 6411 8432
f 6411 8433 8432
f 8431 6410 8432
f 8431 8432 9091
f 718 717 3774
f 719 718 3775
f 718 3774 3775
f 714 12735 713
f 714 12736 12735
f 3773 714 713
f 10600 10117 10601
f 10117 10600 10116
f 10601 10117 10118
f 10117 10116 9614
f 10118 10117 9615
f 10117 9614 9615
f 13613 4545 13612
f 4546 4545 13613
f 4545 4544 13612
f 4549 13623 4550
f 13614 10606 13615
f 10606 10607 13615
f 10606 13614 10605
f 10607 10606 10123
f 10606 10605 10122
f 10123 10606 10122
f 10608 10125 10126
f 10608 10607 10125
f 10607 10608 13616
f 13610 13611 4542
f 4541 13610 4542
f 13610 4540 13609
f 13610 4541 4540
f 13610 10601 13611
f 13610 10600 10601
f 13610 13609 10599
f 10600 13610 10599
f 4543 4558 4559
f 4558 4543 4544
f 4558 13627 4559
f 13627 4558 13626
f 4554 13625 13626
f 9696 5059 9697
f 5059 13280 13281
f 9678 9679 10169
f 9679 9678 5048
f 5049 9679 5048
f 9676 9677 10168
f 9677 9678 10168
f 9685 5052 9686
f 9685 9684 5052
f 9685 9686 10172
f 9684 9685 10172
f 5053 9687 9686
f 9688 9687 5053
f 9686 9687 10173
f 9687 9688 10173
f 13276 5049 5048
f 9158 13276 9157
f 13277 13276 9159
f 13276 9158 9159
f 9155 13274 9154
f 9155 9154 8491
f 8492 9155 8491
f 9675 5046 9676
f 9675 10166 9674
f 10167 9675 9676
f 9675 10167 10166
f 5045 9675 9674
f 9675 5045 5046
f 13274 5045 13273
f 5046 5045 13274
f 13287 9180 13288
f 9179 9180 13287
f 13288 9180 9181
f 9181 9180 8520
f 9180 8519 8520
f 9180 9179 8518
f 8519 9180 8518
f 9184 9185 13292
f 13293 9185 9186
f 13292 9185 13293
f 9185 9184 8524
f 5075 13292 13293
f 5075 5074 13292
f 5075 13293 5076
f 5075 5076 9709
f 5074 5075 9709
f 8508 9169 9168
f 9169 9170 13281
f 9168 9169 13281
f 8506 9166 9165
f 9166 8506 9167
f 8510 6515 8511
f 9177 8516 9178
f 8516 8517 9178
f 8516 9177 8515
f 8516 8515 6520
f 6521 8516 6520
f 8517 8516 6521
f 9171 9172 13282
f 9172 13283 13282
f 9172 9173 13283
f 8510 9172 9171
f 9173 9172 8511
f 9172 8510 8511
f 10178 10655 10654
f 10655 13647 10654
f 10655 10656 13647
f 10656 10655 10179
f 10655 10178 10179
f 10182 10181 9697
f 10182 10659 10658
f 10181 10182 10658
f 10180 10656 10179
f 10180 10179 9696
f 10181 10180 9696
f 9690 10174 9689
f 9691 9690 5055
f 9690 9689 5054
f 5055 9690 5054
f 10651 10176 10652
f 13644 10651 10652
f 10651 13644 13643
f 10650 10651 13643
f 10175 9691 10176
f 10651 10175 10176
f 10175 10651 10650
f 10174 10175 10649
f 10175 10650 10649
f 10175 9690 9691
f 9690 10175 10174
f 11087 11088 11431
f 11087 11430 11086
f 11430 11087 11431
f 11088 11087 4569
f 11087 4568 4569
f 4568 11087 11086
f 11434 11433 11089
f 11090 11434 11089
f 11434 11090 11435
f 11434 11435 11632
f 11434 11632 11631
f 11433 11434 11631
f 11096 11095 4575
f 11095 4574 4575
f 4574 11095 11094
f 11094 11095 11441
f 11095 11442 11441
f 11442 11095 11443
f 11095 11096 11443
f 10200 10667 10199
f 10667 10200 10668
f 10667 10668 10669
f 10670 10667 10669
f 10665 10667 10670
f 10676 10210 10211
f 10210 10676 10209
f 9715 9716 10199
f 10200 9716 9717
f 9716 10200 10199
f 9716 5091 5092
f 9716 9715 5091
f 9711 9710 5086
f 9710 9711 10196
f 9710 5080 5081
f 5080 9710 5079
f 5083 5082 13305
f 13304 5082 5081
f 13305 5082 13304
f 5082 9710 5081
f 9710 5082 5083
f 13316 5093 5092
f 5093 5094 9717
f 9716 5093 9717
f 5093 9716 5092
f 5094 13317 13318
f 13317 5093 13316
f 5093 13317 5094
f 13319 5095 13318
f 5095 5094 13318
f 9718 5095 9719
f 5094 5095 9718
f 8554 9214 9213
f 9214 13320 9213
f 9214 13321 13320
f 13321 9214 9215
f 9214 8555 9215
f 9214 8554 8555
f 10208 9726 10209
f 9726 10208 9725
f 9725 10208 10207
f 9218 9217 8557
f 13325 9217 9218
f 5098 5099 9722
f 5099 9723 9722
f 5099 5098 13322
f 5831 12834 12835
f 12834 839 12835
f 5830 12834 5831
f 839 12834 838
f 12834 5830 5829
f 12833 12834 5829
f 12834 12833 838
f 6552 6551 5819
f 6552 8548 6551
f 6552 6553 8548
f 8549 6554 6555
f 6553 6554 8549
f 5822 5821 12832
f 5821 6554 6553
f 6554 5821 5822
f 6555 5826 6556
f 9211 9212 13318
f 9211 8550 8551
f 8552 9211 8551
f 9212 9211 8552
f 6549 8545 6548
f 6549 8546 8545
f 5817 6549 6548
f 5818 6549 5817
f 6550 6551 8547
f 8546 6550 8547
f 6549 6550 8546
f 6550 6549 5818
f 6551 6550 5819
f 6550 5818 5819
f 9204 13312 9203
f 13312 9204 13313
f 8542 9204 9203
f 8543 9204 8542
f 4902 9532 9531
f 9532 9533 10032
f 10031 9532 10032
f 9531 9532 10031
f 9532 4903 9533
f 4903 9532 4902
f 4903 4902 13137
f 13138 4903 13137
f 4901 4902 9531
f 13135 4901 4900
f 4902 13136 13137
f 13136 13135 8973
f 13136 4901 13135
f 4901 13136 4902
f 8974 13136 8973
f 13136 8974 13137
f 10029 9530 10030
f 9529 9530 10029
f 9530 9531 10030
f 9530 9529 4900
f 4901 9530 4900
f 9530 4901 9531
f 3706 3705 7681
f 3707 3706 7681
f 3706 3707 644
f 3706 643 3705
f 643 3706 644
f 647 646 3709
f 12675 5608 5607
f 5608 12675 5609
f 5605 5606 6318
f 5604 5603 12673
f 5605 5604 12673
f 3721 3905 3722
f 657 3721 3722
f 6320 6319 5607
f 5606 6319 6318
f 6319 5606 5607
f 8345 6319 6320
f 6323 6322 5609
f 6315 8341 8340
f 8341 8342 8993
f 8992 8341 8993
f 8340 8341 8992
f 11554 11332 11555
f 11331 11332 11554
f 4945 4946 9575
f 4944 4945 9574
f 4945 9575 9574
f 13179 4945 4944
f 13180 4945 13179
f 4945 13180 4946
f 4454 4453 13557
f 4454 13557 13558
f 10991 11342 11341
f 10514 10055 10515
f 10054 10055 10514
f 10053 10054 10513
f 10512 10053 10513
f 10053 10512 10052
f 10053 10052 9553
f 10516 13556 10515
f 9563 10063 10062
f 10063 10522 10062
f 10520 10061 10062
f 617 3679 3680
f 618 617 3680
f 615 12651 614
f 12651 12650 614
f 12650 12651 5570
f 5570 12651 5571
f 12651 12652 5571
f 12652 12653 5572
f 12653 12654 5573
f 5572 12653 5573
f 617 12653 12652
f 12653 618 12654
f 12653 617 618
f 13551 13552 4445
f 13552 4446 4445
f 4447 13552 13553
f 4446 13552 4447
f 10050 10509 10049
f 9550 10050 10049
f 9551 10050 9550
f 10051 10050 9551
f 10512 10511 10052
f 10511 10051 10052
f 10511 10512 13553
f 13552 10511 13553
f 4459 13560 4460
f 10067 10066 9567
f 10529 10069 10070
f 6342 6341 5628
f 8368 6341 6342
f 5627 5626 12692
f 12693 5627 12692
f 5627 12693 5628
f 6341 5627 5628
f 6337 5623 5624
f 666 12684 665
f 12686 667 668
f 667 3728 668
f 664 3726 665
f 662 3725 663
f 3725 664 663
f 664 3725 3726
f 3727 666 665
f 3726 3727 665
f 667 3727 3728
f 3727 667 666
f 3906 3727 3726
f 3725 3906 3726
f 3727 3906 3728
f 3906 3729 3728
f 3729 3906 3730
f 3906 3731 3730
f 3906 3732 3731
f 3733 3907 3734
f 672 3733 3734
f 3733 672 671
f 3732 3733 671
f 3906 3733 3732
f 13172 9017 13173
f 9571 4941 4942
f 13176 4941 13175
f 4941 13176 4942
f 4943 13177 13178
f 13177 9022 13178
f 4942 13177 4943
f 13176 13177 4942
f 8369 8370 9022
f 8369 8368 6342
f 8369 6342 6343
f 8370 8369 6343
f 5617 5616 12681
f 12680 5616 5615
f 12681 5616 12680
f 4933 4934 9563
f 9561 4931 4932
f 13167 4933 4932
f 5614 5613 12679
f 12680 5614 12679
f 5614 12680 5615
f 5611 5612 6325
f 5613 5612 12678
f 13162 9004 13163
f 10055 9555 9556
f 9555 10055 10054
f 9555 4926 9556
f 4926 9555 4925
f 246 247 12251
f 246 3993 247
f 246 12251 12250
f 245 246 12250
f 3991 7588 7589
f 7588 3991 3990
f 3991 244 3990
f 3991 12249 244
f 3991 245 12249
f 353 352 4064
f 12350 352 353
f 352 12350 12349
f 351 352 12349
f 4061 347 4060
f 347 4061 348
f 348 4061 4062
f 4062 4061 7650
f 4061 4060 7650
f 345 12345 12344
f 12345 5278 12344
f 12345 345 346
f 12346 12345 346
f 5275 5276 6001
f 5274 5275 6001
f 5275 5274 12341
f 12342 5275 12341
f 5275 12342 5276
f 5273 6000 5272
f 12340 5273 5272
f 5274 5273 12340
f 6000 5273 6001
f 5273 5274 6001
f 12344 5277 12343
f 5278 5277 12344
f 5277 5276 12343
f 5277 6002 5276
f 5277 5278 6002
f 4048 335 334
f 335 4048 4049
f 335 12336 334
f 12336 335 12337
f 12371 12372 5298
f 12372 12373 5298
f 12373 12372 371
f 5299 12374 12375
f 12373 12374 5299
f 12374 372 12375
f 12374 12373 372
f 12370 12371 5297
f 12372 370 371
f 370 12372 12371
f 371 370 4072
f 12370 370 12371
f 370 12370 369
f 4072 370 4071
f 370 369 4071
f 12367 5295 12366
f 6011 5295 6012
f 12366 12365 367
f 12365 12364 367
f 5295 12365 12366
f 12363 365 366
f 12364 12363 366
f 8037 5990 5991
f 5992 8037 5991
f 8038 8037 5992
f 8700 8037 8701
f 8037 8038 8701
f 5929 7979 7978
f 7979 8639 7978
f 7979 7980 8639
f 7979 5929 5930
f 7980 7979 5930
f 8641 7982 8642
f 7982 5932 5933
f 9297 9298 9792
f 9298 9793 9792
f 9793 9298 9299
f 9299 9298 4666
f 9298 4665 4666
f 9298 9297 4665
f 9296 9295 4664
f 9297 9296 4664
f 9295 9296 9791
f 9296 9297 9791
f 9293 9790 9789
f 9292 9293 9789
f 4662 9293 4661
f 9293 9292 4661
f 4655 9284 4654
f 9285 9284 4655
f 4654 9284 9283
f 9284 9783 9283
f 9284 9784 9783
f 9284 9285 9784
f 12920 8646 12921
f 12920 12921 4661
f 8646 12920 8645
f 12920 12919 8645
f 4660 12920 4661
f 12919 12920 4660
f 12917 12918 4659
f 12918 4660 4659
f 12918 12919 4660
f 8643 12918 12917
f 8644 12918 8643
f 12919 12918 8644
f 1087 1086 1054
f 1054 1086 1055
f 1086 1085 1055
f 1085 1086 943
f 1086 944 943
f 1086 1087 944
f 6874 6875 3417
f 6875 6874 6733
f 6876 6875 6733
f 3422 3232 3421
f 3423 3422 6880
f 3422 3233 3232
f 3422 3423 3233
f 6879 3422 3421
f 3422 6879 6880
f 3423 6881 3424
f 6881 6882 3424
f 6881 3423 6880
f 6881 6880 6736
f 6882 6881 6736
f 6885 3427 6884
f 6740 6885 6884
f 6885 6886 3428
f 3427 6885 3428
f 6885 6740 6741
f 6886 6885 6741
f 3046 3047 2931
f 2930 3046 2931
f 3045 3046 2930
f 3046 3045 3236
f 3237 3046 3236
f 3047 3046 3237
f 2903 2772 2902
f 2772 2903 2773
f 2904 2903 3009
f 2903 2774 2773
f 2903 2904 2774
f 3008 2903 2902
f 2903 3008 3009
f 4791 9426 4790
f 9426 9425 4790
f 4787 4786 13034
f 4786 4785 13034
f 13045 13044 8820
f 8821 13045 8820
f 13046 13045 8821
f 13044 13045 4797
f 13045 13046 13049
f 4797 13045 13049
f 4785 9419 9418
f 9419 9420 9926
f 4786 9419 4785
f 9419 4786 9420
f 9421 9927 9420
f 4786 9421 9420
f 9421 4787 9422
f 9421 4786 4787
f 9928 9433 9434
f 9938 10390 10389
f 10391 10390 9939
f 10390 9938 9939
f 10392 9940 10393
f 9924 9923 9417
f 9923 9922 9416
f 9417 9923 9416
f 9925 9924 9418
f 5408 6144 6143
f 5409 6144 5408
f 6145 6144 5410
f 6144 5409 5410
f 10425 13481 13480
f 10426 13481 10425
f 13482 13481 10426
f 13481 4380 13480
f 4380 13481 4381
f 13481 4382 4381
f 13481 13482 4382
f 13483 10426 10427
f 13483 13482 10426
f 13484 13483 10427
f 4384 13483 4385
f 13483 13484 4385
f 4383 13483 4384
f 13482 13483 4383
f 13475 10421 13476
f 13475 10420 10421
f 10420 13475 13474
f 13475 4372 13474
f 4373 13475 13476
f 13475 4373 4372
f 10373 9911 9912
f 10373 10372 9911
f 10372 10373 13461
f 10400 9943 9944
f 10396 9942 10397
f 10396 10395 9942
f 9941 10394 10393
f 10395 10394 9941
f 10394 10395 10379
f 10384 10383 9915
f 10382 10381 9914
f 9915 10382 9914
f 10383 10382 9915
f 9455 9456 9954
f 9955 9456 9457
f 9954 9456 9955
f 10387 10388 10389
f 9936 10388 9935
f 8830 8161 8172
f 8831 8830 8172
f 5406 6142 6141
f 5405 5406 6141
f 6142 5406 5407
f 5407 5406 12497
f 5406 5405 12497
f 6131 5397 5398
f 6131 6130 5397
f 6130 6131 8159
f 6126 6127 8154
f 6128 6127 5394
f 6127 5393 5394
f 6127 6126 5393
f 6125 8153 8152
f 6126 8153 6125
f 8153 6126 8154
f 8153 8823 8152
f 8823 8153 8824
f 8153 8154 8824
f 8157 6129 8158
f 8156 8157 8827
f 6129 8157 6128
f 8157 8156 6128
f 6121 6120 5387
f 6120 5386 5387
f 6120 6119 5386
f 8144 8816 8143
f 8144 8145 8816
f 8145 8144 6118
f 6117 8144 8143
f 6118 8144 6117
f 6110 6111 8139
f 8139 6111 8140
f 6111 6112 8140
f 6112 6111 5381
f 5381 6111 5380
f 6111 6110 5380
f 6109 8138 8137
f 6110 8138 6109
f 8138 6110 8139
f 8809 8138 8139
f 8137 8138 8808
f 8138 8809 8808
f 6109 6108 5379
f 6108 6107 5379
f 6108 8136 8135
f 8136 6108 6109
f 6108 8135 8134
f 6107 6108 8134
f 6106 5377 5378
f 6107 6106 5378
f 8131 6106 8132
f 8132 6106 8133
f 6106 6107 8133
f 4365 4364 13468
f 4366 4365 13469
f 4365 13468 13469
f 4364 4365 4360
f 4365 4359 4360
f 4359 4365 4366
f 4361 4360 13455
f 13456 4361 13455
f 4361 4364 4360
f 13479 10424 13480
f 10423 13479 13478
f 10424 13479 10423
f 4379 13479 13480
f 4378 13479 4379
f 13478 13479 4377
f 13479 4378 4377
f 10428 10427 9968
f 9969 10428 9968
f 10429 10428 9969
f 10428 13484 10427
f 8046 8045 6010
f 8045 6009 6010
f 8045 8044 6009
f 8044 8045 8706
f 8045 8707 8706
f 8045 8046 8707
f 8040 8041 8703
f 8041 8042 8703
f 6000 8041 5999
f 8041 6000 6001
f 8041 5998 5999
f 5998 8041 8040
f 6002 8041 6001
f 8042 8041 6002
f 8043 8705 8704
f 8042 8043 8704
f 8705 8043 8044
f 6007 8043 6006
f 8044 8043 6007
f 8043 6005 6006
f 8043 8042 6005
f 9400 9901 9900
f 9899 9400 9900
f 9399 9400 9899
f 5416 5415 12502
f 12503 5416 12502
f 5416 12503 5417
f 4226 4219 4220
f 4220 4219 1155
f 4218 4219 4227
f 4219 4226 4227
f 4219 1154 1155
f 4219 4218 1154
f 4223 4222 1156
f 4222 4221 1156
f 4222 4223 4225
f 4221 4222 4225
f 8295 8949 8294
f 8949 8948 8294
f 8948 8949 13122
f 8953 8297 8954
f 8297 8953 8296
f 8953 8954 13122
f 5637 12702 5638
f 6351 5637 5638
f 12702 5637 12701
f 5637 5636 12701
f 6350 5637 6351
f 5636 5637 6350
f 4952 4953 9582
f 4953 9583 9582
f 5641 5642 6355
f 5641 6354 5640
f 6354 5641 6355
f 5641 5640 12704
f 5642 5641 12704
f 8382 6356 8383
f 8382 9034 8381
f 6355 8382 8381
f 6356 8382 6355
f 8382 9035 9034
f 8382 8383 9035
f 4951 9580 4950
f 4951 9581 9580
f 9581 4951 4952
f 4952 4951 13186
f 13185 9030 13186
f 13185 9029 9030
f 9029 13185 13184
f 4951 13185 13186
f 13184 13185 4950
f 13185 4951 4950
f 13193 4958 13192
f 9038 13193 13192
f 4959 13194 4960
f 4958 4959 9588
f 13193 4959 4958
f 4959 13193 13194
f 4959 9589 9588
f 9589 4959 4960
f 13194 9039 9040
f 9039 9038 8387
f 9039 13193 9038
f 13193 9039 13194
f 8388 9039 8387
f 9039 8388 9040
f 13195 13194 9040
f 13195 9041 13196
f 9041 13195 9040
f 4960 13195 13196
f 13194 13195 4960
f 10547 10548 13580
f 10548 10547 10088
f 10547 10087 10088
f 10547 13580 13579
f 10547 10546 10087
f 10546 10547 13579
f 13578 10546 13579
f 10546 13578 10545
f 6360 6361 8386
f 6360 5648 6361
f 6358 8384 6357
f 8384 6358 6359
f 5644 6358 6357
f 6358 5644 5645
f 6358 5645 5646
f 6359 6358 5646
f 9037 8385 8386
f 8385 8384 6359
f 8385 9037 9036
f 8384 8385 9036
f 8385 6360 8386
f 6360 8385 6359
f 8402 9054 8401
f 9055 9054 8402
f 9054 13203 13202
f 9054 9055 13203
f 9049 13201 13200
f 9049 9050 13201
f 9049 8396 8397
f 9050 9049 8397
f 8399 6372 6373
f 9591 9590 4961
f 9589 9590 10089
f 4961 9590 4960
f 9590 9589 4960
f 10549 10090 10550
f 10090 10091 10550
f 10091 10090 9591
f 10090 9590 9591
f 10090 10549 10089
f 9590 10090 10089
f 9592 4964 9593
f 4963 4964 9592
f 4964 4965 9593
f 4965 4964 13200
f 4964 13199 13200
f 4964 4963 13199
f 6374 6375 8401
f 5660 6374 6373
f 5662 12719 12720
f 12719 12718 695
f 12719 696 12720
f 696 12719 695
f 5661 5662 6375
f 5661 6374 5660
f 6374 5661 6375
f 5661 5660 12718
f 12719 5661 12718
f 5661 12719 5662
f 12709 5651 5650
f 12710 5651 12709
f 5651 6363 5650
f 5654 12712 12713
f 5654 5653 12712
f 5652 12710 12711
f 5653 5652 12711
f 5652 5651 12710
f 6365 5652 5653
f 6366 6365 5653
f 6366 5654 6367
f 5654 6366 5653
f 6366 6367 8392
f 6366 8392 8391
f 6365 6366 8391
f 5659 5658 12716
f 12717 5659 12716
f 5659 12717 5660
f 5659 5660 6373
f 6372 5659 6373
f 5658 5659 6372
f 11362 11363 11581
f 11582 11363 11364
f 11581 11363 11582
f 11363 11362 11018
f 11363 11019 11364
f 11019 11363 11018
f 4498 4497 13586
f 13585 4497 4496
f 4497 11027 4496
f 4497 10553 13586
f 10553 4497 13585
f 11028 4498 11029
f 11379 11028 11029
f 4497 11028 11027
f 11028 4497 4498
f 11028 11379 11378
f 11027 11028 11378
f 10553 10552 10093
f 10552 10553 13585
f 10552 10092 10093
f 10552 4494 13584
f 4494 10552 13585
f 10551 10552 13584
f 10092 10552 10551
f 4493 4494 11025
f 4493 11025 11024
f 4492 4493 11024
f 4493 4492 13584
f 4494 4493 13584
f 4495 13585 4496
f 4495 4494 13585
f 8413 6386 6387
f 8412 6386 8413
f 6386 8412 6385
f 6388 5676 6389
f 6387 6388 8414
f 6388 6389 8414
f 12727 5670 5669
f 5670 6383 5669
f 6383 5670 6384
f 5670 5671 6384
f 702 701 3764
f 3765 702 3764
f 702 12726 701
f 12726 702 12727
f 12728 705 12729
f 12728 704 705
f 5672 12728 12729
f 5671 12728 5672
f 12728 5670 12727
f 5670 12728 5671
f 10555 10096 10097
f 13587 10555 10556
f 10555 10097 10556
f 10555 13587 13586
f 5663 5662 12720
f 12721 5663 12720
f 5664 5663 12721
f 5663 5664 6377
f 5663 6377 6376
f 5662 5663 6376
f 5665 5664 12722
f 5666 5665 12723
f 5665 12722 12723
f 5665 5666 6379
f 6378 5665 6379
f 5664 5665 6378
f 11574 11968 11967
f 11968 11574 11969
f 11968 11969 11972
f 11968 11972 11973
f 11967 11968 11973
f 11574 11354 11355
f 11355 11354 11007
f 11354 11006 11007
f 11006 11354 11353
f 11571 11963 11962
f 11964 11963 11571
f 11963 11976 11962
f 11976 11963 11975
f 11963 11964 11975
f 11965 11974 11975
f 11964 11965 11975
f 11350 11001 11351
f 11350 11000 11001
f 11350 11570 11349
f 11350 11351 11570
f 10999 11350 11349
f 11000 11350 10999
f 7833 7832 7428
f 7833 7429 7834
f 7833 7428 7429
f 3821 7833 7834
f 7833 3821 3820
f 3819 7833 3820
f 7832 7833 3819
f 3817 7831 3818
f 7831 7832 3818
f 7830 7831 3816
f 7831 3817 3816
f 7832 7831 7427
f 7382 7381 7386
f 7381 7774 7380
f 7381 7382 7775
f 7774 7381 7775
f 7773 3784 3783
f 7774 3784 7773
f 3784 7774 3785
f 742 3913 743
f 3787 3913 3786
f 3913 3785 3786
f 3913 744 743
f 744 3913 3787
f 741 3913 742
f 741 12761 12760
f 12761 741 742
f 12760 12761 5725
f 12761 5726 5725
f 5726 12761 12769
f 12763 12762 743
f 12762 742 743
f 12762 12761 742
f 12761 12762 12769
f 7372 7397 7373
f 7391 7378 7377
f 7384 7385 7778
f 7385 7382 7386
f 7382 7776 7775
f 3785 7776 3786
f 7776 3785 7775
f 3787 7779 3788
f 7779 3787 7778
f 7779 7385 7386
f 7385 7779 7778
f 7781 7782 3789
f 7412 93 94
f 7413 7412 94
f 95 7413 94
f 96 95 99
f 95 100 99
f 95 94 100
f 12794 5750 5749
f 5750 12794 12795
f 5770 5771 6495
f 6495 5771 6496
f 5771 5772 6496
f 5772 5771 12805
f 5771 5770 12805
f 6513 6514 8508
f 6514 6513 5784
f 6504 6503 5780
f 6505 6504 5780
f 6504 8500 6503
f 8500 6504 8501
f 6504 6505 8501
f 8502 6506 6507
f 6506 5781 6507
f 6506 6505 5781
f 8501 6506 8502
f 6505 6506 8501
f 8522 6527 6528
f 8522 8521 6527
f 9182 8522 9183
f 8521 8522 9182
f 5801 12820 12821
f 5805 5804 12823
f 5804 12822 12823
f 12822 5804 5803
f 6529 6530 8524
f 8526 9187 9186
f 8526 8527 9187
f 12827 5808 12826
f 5809 5808 12827
f 5808 5807 12826
f 5808 6537 6536
f 5807 5808 6536
f 6537 5808 6538
f 5808 5809 6538
f 13295 9188 13296
f 9188 13295 9187
f 9188 8527 8528
f 8527 9188 9187
f 8531 8530 6536
f 9190 8530 9191
f 8530 8531 9191
f 8530 6535 6536
f 5714 12755 5715
f 5714 5713 12755
f 6415 6416 8438
f 6415 8437 6414
f 6415 8438 8437
f 5701 6415 6414
f 6416 6415 5702
f 6415 5701 5702
f 8443 8444 9107
f 6419 8441 6418
f 748 749 12765
f 747 748 12765
f 749 748 3803
f 748 747 3791
f 3788 746 745
f 746 12764 745
f 12764 746 747
f 3789 746 3788
f 747 746 3789
f 749 750 12765
f 3795 3794 3914
f 7819 7818 7421
f 6440 6439 5723
f 6439 5722 5723
f 6439 6440 8454
f 738 12758 12757
f 12758 5722 5721
f 5722 12758 12759
f 5732 5731 12774
f 6444 5731 5732
f 12757 5719 5718
f 12773 756 12774
f 12772 12773 5730
f 756 12773 755
f 12773 12772 755
f 5731 12773 12774
f 12773 5731 5730
f 754 753 3809
f 3808 753 752
f 753 3808 3809
f 12772 12771 755
f 12771 754 755
f 12768 12767 752
f 753 12768 752
f 12768 753 12769
f 12767 12768 12763
f 12768 12762 12763
f 12762 12768 12769
f 12767 12766 751
f 750 12766 12765
f 12766 750 751
f 5711 12754 5712
f 12754 5711 12753
f 5711 5710 12753
f 6421 6420 5707
f 5708 6421 5707
f 6421 8443 6420
f 6421 8444 8443
f 6422 5709 6423
f 6422 5708 5709
f 6422 6421 5708
f 6421 6422 8444
f 5709 12752 12753
f 5708 12752 5709
f 12752 5708 12751
f 12753 12752 732
f 12752 731 732
f 731 12752 730
f 12752 12751 730
f 722 12742 721
f 12742 720 721
f 12742 12741 720
f 12744 12743 723
f 12743 722 723
f 12743 12742 722
f 12743 12744 5698
f 727 12748 726
f 12748 12747 726
f 12748 727 12749
f 12747 12748 5703
f 5704 12748 12749
f 12748 5704 5703
f 710 709 3771
f 711 710 3771
f 710 12732 709
f 712 3772 713
f 712 711 3772
f 712 12734 711
f 12735 712 713
f 12734 712 12735
f 10161 10160 9669
f 10160 9668 9669
f 10631 10160 10161
f 10630 10160 10631
f 10628 10157 10629
f 10156 10157 10628
f 10157 10156 9666
f 10155 10627 10626
f 10155 10156 10627
f 10156 9665 9666
f 9665 10155 9664
f 10155 9665 10156
f 10130 10131 10613
f 10131 10614 10613
f 9629 10131 10130
f 5049 5050 9681
f 5050 9682 9681
f 5050 13277 5051
f 9683 5050 5051
f 9682 5050 9683
f 5050 13276 13277
f 13276 5050 5049
f 11080 11079 4565
f 11081 11080 4565
f 11079 11080 11072
f 11072 11080 11071
f 11080 11081 11071
f 11076 4541 4561
f 4541 11076 4540
f 11428 11084 11085
f 11420 11064 11065
f 11420 11419 11064
f 11420 11629 11419
f 11420 11430 11629
f 10109 10108 9608
f 10110 10109 9608
f 10571 10109 10572
f 10109 10571 10108
f 10109 10573 10572
f 10109 10110 10573
f 4522 11060 11059
f 11061 11060 4522
f 11060 11061 11415
f 11059 11060 11414
f 11060 11415 11414
f 9152 9151 8489
f 8490 9152 8489
f 9153 9152 8490
f 9152 13273 9151
f 9152 13274 13273
f 9152 9153 13274
f 6502 6503 8499
f 8498 6502 8499
f 6501 6502 8498
f 6503 6502 5779
f 6502 5778 5779
f 6502 6501 5778
f 9156 8493 8494
f 8493 6497 8494
f 9155 8493 9156
f 8493 9155 8492
f 6497 8493 6496
f 8493 8492 6496
f 795 12801 12800
f 12797 787 12798
f 12802 798 799
f 12802 12801 798
f 800 12802 799
f 12802 800 801
f 786 785 3918
f 787 786 3918
f 786 12797 785
f 12797 786 787
f 12798 788 789
f 787 788 12798
f 788 787 3918
f 3828 788 3918
f 789 788 3828
f 783 782 3918
f 782 3826 3918
f 3826 782 781
f 782 12795 781
f 8485 9145 8484
f 5758 5757 12800
f 9151 8488 8489
f 9150 8488 9151
f 8488 9150 9149
f 8487 8488 9149
f 6490 8487 8486
f 12793 12794 5749
f 778 12793 777
f 12794 12793 779
f 12793 778 779
f 3821 770 3820
f 765 3817 3818
f 766 765 3818
f 12783 765 766
f 12784 766 767
f 12784 12783 766
f 768 12784 767
f 9662 10150 9661
f 5007 9636 9635
f 9636 5008 9637
f 5008 9636 5007
f 5006 9634 9633
f 5005 5006 9633
f 5007 5006 13233
f 9634 5006 9635
f 5006 5007 9635
f 5036 9665 9664
f 10153 9663 9664
f 8475 8476 9131
f 8476 8475 6475
f 9638 10138 9637
f 5008 9638 9637
f 10137 10138 10619
f 10136 10137 10619
f 10137 10136 9635
f 9636 10137 9635
f 10135 10618 10617
f 10134 10135 10617
f 10135 10136 10618
f 9633 10135 10134
f 9634 10135 9633
f 10136 10135 9634
f 13262 5026 13261
f 5026 13262 5027
f 13262 13263 5027
f 9128 13262 13261
f 13263 13262 9130
f 13257 13258 5021
f 13258 5022 5021
f 5022 5023 9647
f 10107 10568 10567
f 10569 10568 10107
f 10568 13591 10567
f 10568 10569 13591
f 10591 13605 10590
f 13605 10591 10592
f 10113 10591 10590
f 10591 10113 10592
f 10585 10586 13601
f 10585 13600 10584
f 10585 13601 13600
f 10112 10585 10584
f 10586 10585 10112
f 10597 10596 10114
f 10596 10595 10114
f 13608 10596 10597
f 10596 13608 13607
f 10595 10596 13607
f 10594 10595 13607
f 10594 13607 13606
f 10593 10594 13606
f 10113 10594 10593
f 10594 10113 10595
f 10115 10116 10599
f 10598 10115 10599
f 9612 10115 10114
f 10115 10597 10114
f 10115 10598 10597
f 10115 9612 9613
f 10116 10115 9613
f 13605 13604 10590
f 13604 10589 10590
f 10588 13604 13603
f 10589 13604 10588
f 13603 13604 4529
f 13604 4530 4529
f 4530 13604 4531
f 13604 13605 4531
f 8421 6402 8422
f 8421 6401 6402
f 6401 8421 8420
f 8421 9077 9076
f 9077 8421 8422
f 9075 8421 9076
f 8421 9075 8420
f 6406 6405 5691
f 6405 6406 8425
f 8424 6405 8425
f 6407 8427 8426
f 6406 6407 8426
f 8428 6407 6408
f 8427 6407 8428
f 5693 5694 6408
f 6407 5693 6408
f 12739 5693 12738
f 5693 12739 5694
f 717 12739 12738
f 718 12739 717
f 5694 6409 6408
f 6409 8429 6408
f 8429 6409 8430
f 6409 8431 8430
f 8431 6409 6410
f 12742 5696 12741
f 5696 6411 6410
f 5686 6401 6400
f 6404 6405 8424
f 8423 9078 8422
f 8423 6404 8424
f 6403 8423 8422
f 6404 8423 6403
f 9080 8424 9081
f 13223 9080 9081
f 13222 9080 13223
f 9066 9067 13212
f 9065 9066 13211
f 9066 13212 13211
f 8413 9066 9065
f 9066 8413 8414
f 9067 9066 8414
f 5682 5683 6397
f 5683 5682 12731
f 5683 12732 5684
f 12732 5683 12731
f 8418 8419 9073
f 8419 8420 9074
f 9073 8419 9074
f 8419 6399 8420
f 8419 8418 6397
f 8416 8417 9070
f 8417 8416 6392
f 8415 9068 9067
f 9067 9068 13213
f 6393 8417 6392
f 8418 6396 6397
f 6395 6396 8418
f 6396 5682 6397
f 6396 6395 5682
f 10129 9627 10130
f 10129 10128 9626
f 9627 10129 9626
f 10128 9625 9626
f 9625 9624 4999
f 5002 13228 5003
f 5002 13227 13228
f 5002 5001 13227
f 9629 5002 5003
f 5002 9629 9628
f 9627 5002 9628
f 5001 5002 9627
f 5001 5000 13226
f 5000 13225 13226
f 13225 5000 4999
f 5000 9625 4999
f 5000 5001 9626
f 9625 5000 9626
f 9088 13231 13230
f 9089 13231 9088
f 13231 5004 13230
f 5004 13231 5005
f 13233 9090 9091
f 9090 8431 9091
f 9087 8429 9088
f 9083 9084 13226
f 9084 9083 8426
f 8427 9084 8426
f 4996 4995 13222
f 4996 13222 13223
f 4997 4996 13223
f 4995 4996 9620
f 9620 4996 9621
f 4996 4997 9621
f 9100 9099 8438
f 9100 8438 8439
f 9101 9100 8439
f 13242 9098 13243
f 9098 9099 13243
f 9098 13242 9097
f 9099 9098 8437
f 8437 9098 8436
f 9098 9097 8436
f 13239 9095 9096
f 13240 13239 9096
f 9095 13239 13238
f 13239 13240 5013
f 13242 5015 13241
f 5015 5014 13241
f 5015 13242 5016
f 9644 5015 5016
f 5014 9643 5013
f 9643 5015 9644
f 5015 9643 5014
f 9643 9644 10142
f 8441 9104 9103
f 9107 13252 9106
f 9108 13252 9107
f 13252 9108 9109
f 9102 13246 9101
f 5011 9640 5010
f 5011 13237 13238
f 13237 5011 5010
f 5022 9646 5021
f 9646 5022 9647
f 5019 9646 9645
f 12746 12747 5702
f 5701 12746 5702
f 12746 5701 12745
f 725 12746 12745
f 6411 6412 8434
f 6412 8435 8434
f 6412 6413 8435
f 6412 5698 6413
f 3774 716 3773
f 717 716 3774
f 716 717 12738
f 13622 4548 13615
f 4548 13622 13623
f 4549 4548 13623
f 10609 10608 10126
f 10608 10609 13616
f 4557 4558 4544
f 4557 4556 13626
f 4558 4557 13626
f 4556 4555 13626
f 4555 4554 13626
f 4554 4555 4546
f 4545 4555 4556
f 4555 4545 4546
f 13625 4553 4552
f 4554 4553 13625
f 5059 5060 9697
f 9698 5060 5061
f 5060 9698 9697
f 5061 5060 13281
f 5060 5059 13281
f 5057 5058 9694
f 5058 9695 9694
f 5058 5057 13280
f 5059 5058 13280
f 10170 9680 9681
f 9680 5049 9681
f 9680 9679 5049
f 10169 9680 10170
f 9679 9680 10169
f 9678 5047 5048
f 9677 5047 9678
f 5046 5047 9676
f 5047 9677 9676
f 13275 9155 9156
f 9155 13275 13274
f 13275 9156 9157
f 13276 13275 9157
f 13275 5046 13274
f 13275 5047 5046
f 13275 13276 5048
f 5047 13275 5048
f 5043 5044 9673
f 5044 9674 9673
f 5044 5045 9674
f 13273 5044 5043
f 5045 5044 13273
f 6510 8505 8504
f 8505 8506 9165
f 8505 6510 6511
f 8506 8505 6511
f 9164 8505 9165
f 8505 9164 8504
f 6514 8509 8508
f 8509 9171 9170
f 8509 8510 9171
f 10660 10183 10184
f 10183 10182 9697
f 10183 10660 10659
f 10182 10183 10659
f 10183 9698 10184
f 9698 10183 9697
f 10180 10657 10656
f 10657 10658 13648
f 10656 10657 13648
f 10657 10181 10658
f 10657 10180 10181
f 10666 10665 10199
f 10667 10666 10199
f 10666 10667 10665
f 10674 10208 10675
f 10208 10674 10207
f 5084 9710 5083
f 5084 5083 13306
f 13307 5084 13306
f 9719 5096 9720
f 5095 5096 9719
f 5096 5097 9720
f 5096 13319 13320
f 5096 5095 13319
f 5097 5096 13320
f 9216 8556 8557
f 9217 9216 8557
f 9216 13322 9215
f 8556 9216 9215
f 5099 5100 9723
f 5820 5819 12832
f 5821 5820 12832
f 5820 6552 5819
f 6552 5820 6553
f 5820 5821 6553
f 5827 5828 6556
f 5826 5827 6556
f 5828 5827 12833
f 5827 5826 12833
f 13317 9210 13318
f 9210 9211 13318
f 8550 9210 8549
f 9211 9210 8550
f 13315 9207 9208
f 9207 8546 9208
f 8546 9207 8545
f 9205 8543 8544
f 9205 9204 8543
f 9205 13314 13313
f 9204 9205 13313
f 4903 4904 9533
f 9534 4904 4905
f 4904 9534 9533
f 4904 13139 4905
f 4904 13138 13139
f 4904 4903 13138
f 644 645 12673
f 3707 645 644
f 646 3708 3709
f 3708 645 3707
f 645 3708 646
f 5610 6323 5609
f 3710 647 3709
f 12674 646 647
f 12675 12674 647
f 12674 12675 5607
f 5606 12674 5607
f 645 12674 12673
f 12674 645 646
f 12674 5605 12673
f 12674 5606 5605
f 6316 6315 5603
f 5604 6316 5603
f 6316 8341 6315
f 8341 6316 8342
f 3719 3718 3905
f 3719 654 3718
f 655 3719 3905
f 3719 655 654
f 12678 655 12679
f 654 655 12678
f 8347 6322 8348
f 8999 8347 8348
f 6321 5608 5609
f 6322 6321 5609
f 6321 6320 5608
f 8347 6321 6322
f 8994 13156 8993
f 8342 8994 8993
f 8994 8342 8343
f 8995 8994 8343
f 13157 8995 13158
f 13156 13157 4922
f 8994 13157 13156
f 13157 8994 8995
f 8344 8995 8343
f 8344 6319 8345
f 8344 8343 6318
f 6319 8344 6318
f 9002 13162 13161
f 4926 13160 13161
f 13160 4926 4925
f 11333 11556 11555
f 11332 11333 11555
f 11556 11333 11557
f 4453 10983 4452
f 10983 11333 11332
f 10983 11332 11331
f 10986 4455 4456
f 4456 4455 13558
f 4455 4454 13558
f 10992 10993 11343
f 11342 10992 11343
f 10991 10992 11342
f 10992 4464 10993
f 11340 10990 11341
f 10990 10991 11341
f 10990 4462 10991
f 10055 10056 10515
f 10056 10516 10515
f 10516 10056 10057
f 10056 10055 9556
f 10517 10516 10057
f 10517 10518 13557
f 13556 10517 13557
f 10516 10517 13556
f 9564 9565 10064
f 9564 10063 9563
f 10063 9564 10064
f 4934 9564 9563
f 9565 9564 4935
f 9564 4934 4935
f 10520 10521 13558
f 10522 10521 10062
f 10521 10520 10062
f 10520 10519 10061
f 10518 10519 13558
f 10519 10520 13558
f 616 617 12652
f 616 12651 615
f 12651 616 12652
f 616 615 3678
f 616 3678 3679
f 617 616 3679
f 10050 10510 10509
f 10509 10510 13551
f 10510 10050 10051
f 10511 10510 10051
f 10510 13552 13551
f 10510 10511 13552
f 13560 10524 10525
f 4456 4457 10987
f 4457 4456 13558
f 10526 13560 10525
f 10066 10526 10525
f 10527 10526 10067
f 10526 10066 10067
f 10065 10066 10525
f 10524 10065 10525
f 10065 10524 10064
f 9565 10065 10064
f 10066 9566 9567
f 9566 4937 9567
f 9566 10065 9565
f 10065 9566 10066
f 10068 10067 9568
f 10068 10527 10067
f 6339 5625 5626
f 5626 12691 12692
f 5625 12691 5626
f 12692 12691 672
f 5623 6336 5622
f 6337 6336 5623
f 5621 12685 12686
f 12685 667 12686
f 12685 12684 666
f 667 12685 666
f 12683 12682 663
f 664 12683 663
f 12684 12683 665
f 12683 664 665
f 5619 12683 12684
f 3724 662 661
f 3724 3725 662
f 660 3724 661
f 3724 3906 3725
f 13169 13170 4935
f 4934 13169 4935
f 13170 4936 4935
f 9566 4936 4937
f 4936 9565 4935
f 4936 9566 9565
f 13174 4939 13173
f 13177 9021 9022
f 8368 9021 9020
f 9021 13176 9020
f 9021 13177 13176
f 9021 8369 9022
f 8369 9021 8368
f 9557 10056 9556
f 10056 9557 10057
f 4933 9562 4932
f 9562 9561 4932
f 9562 4933 9563
f 9561 9562 10061
f 9562 9563 10062
f 10061 9562 10062
f 9557 9558 10057
f 4931 13166 4932
f 13166 13167 4932
f 13168 4934 4933
f 13167 13168 4933
f 13168 13169 4934
f 6324 8350 6323
f 6324 5611 6325
f 6324 5610 5611
f 5610 6324 6323
f 8350 8349 6323
f 6322 8349 8348
f 8349 6322 6323
f 9002 8349 8350
f 13162 4927 13161
f 4927 4926 13161
f 4926 4927 9556
f 4927 9557 9556
f 9554 9555 10054
f 9554 10053 9553
f 10053 9554 10054
f 9555 9554 4925
f 4924 9554 9553
f 9554 4924 4925
f 4923 4924 9553
f 9552 4923 9553
f 4923 9552 4922
f 13157 4923 4922
f 4924 4923 13158
f 4923 13157 13158
f 246 3992 3993
f 3992 246 245
f 3993 3992 7590
f 3991 3992 245
f 7590 3992 7589
f 3992 3991 7589
f 12345 5279 5278
f 6002 5279 5280
f 5278 5279 6002
f 5279 12346 5280
f 5279 12345 12346
f 4050 336 4049
f 336 335 4049
f 337 336 4050
f 336 337 12338
f 336 12338 12337
f 335 336 12337
f 12369 12370 5297
f 369 12369 12368
f 12370 12369 369
f 5296 12369 5297
f 12369 5296 12368
f 5296 12367 12368
f 5296 5295 12367
f 6014 5296 5297
f 6013 5296 6014
f 5296 6013 6012
f 5295 5296 6012
f 12365 5294 12364
f 5294 12365 5295
f 5294 6011 6010
f 5294 5295 6011
f 365 12361 364
f 5291 12361 5292
f 5990 8036 5989
f 8037 8036 5990
f 8036 8700 8699
f 8036 8037 8700
f 7981 7982 8641
f 7981 8641 8640
f 7980 7981 8640
f 7981 7980 5931
f 7981 5931 5932
f 7982 7981 5932
f 5934 7983 5933
f 7983 7982 5933
f 7983 5934 7984
f 8643 7983 7984
f 7983 8643 8642
f 7982 7983 8642
f 9790 9294 9295
f 9293 9294 9790
f 9294 9293 4662
f 9294 4662 4663
f 9295 9294 4663
f 6875 3418 3417
f 3418 6875 6876
f 3418 6876 3419
f 3417 3418 3228
f 3418 3229 3228
f 3418 3419 3229
f 9929 9434 9435
f 9929 9928 9434
f 10376 10375 9913
f 10377 10376 9913
f 10376 10400 10375
f 10375 10374 9912
f 10374 10373 9912
f 10373 10374 10403
f 10403 10374 10402
f 10400 10401 10375
f 10374 10401 10402
f 10401 10374 10375
f 10402 10401 9944
f 10401 10400 9944
f 10400 10399 9943
f 10376 10399 10400
f 10395 10378 10379
f 10396 10378 10395
f 10379 10378 9913
f 10378 10377 9913
f 8159 8829 8828
f 6133 5399 5400
f 8162 6133 8163
f 8160 6131 8161
f 6131 8160 8159
f 8830 8160 8161
f 8160 8829 8159
f 8829 8160 8830
f 6127 8155 8154
f 8818 8146 8147
f 8146 6121 8147
f 8146 6120 6121
f 8146 8818 8817
f 8145 8146 8817
f 5376 6105 6104
f 6105 6106 8131
f 5377 6105 5376
f 6106 6105 5377
f 6105 8130 6104
f 6105 8131 8130
f 13485 10429 13486
f 13485 10428 10429
f 10428 13485 13484
f 13485 4387 4386
f 13484 13485 4386
f 4387 13485 4388
f 13485 13486 4388
f 9401 9400 4771
f 9402 9401 4771
f 9902 9401 9903
f 9401 9402 9903
f 9901 9401 9902
f 9400 9401 9901
f 8951 8950 8295
f 8950 8949 8295
f 8950 8951 13122
f 8949 8950 13122
f 8952 8951 8296
f 8953 8952 8296
f 8951 8952 13122
f 8952 8953 13122
f 9584 4954 4955
f 9583 4954 9584
f 4953 4954 9583
f 10086 10545 10085
f 10086 10546 10545
f 9586 10086 10085
f 10546 10086 10087
f 9587 10086 9586
f 10087 10086 9587
f 12706 5647 5646
f 6360 5647 5648
f 5647 6359 5646
f 5647 6360 6359
f 5649 12708 5650
f 6362 5649 5650
f 6361 5649 6362
f 5648 5649 6361
f 9047 9048 13200
f 9048 9049 13200
f 9049 9048 8396
f 8395 9048 9047
f 8396 9048 8395
f 8398 9050 8397
f 6371 8398 8397
f 8398 6371 6372
f 8399 8398 6372
f 8400 8399 6373
f 6374 8400 6373
f 8400 6374 8401
f 9053 9054 13202
f 9054 9053 8401
f 9053 8400 8401
f 5651 6364 6363
f 6364 6365 8390
f 6364 5652 6365
f 5652 6364 5651
f 6364 8390 8389
f 6363 6364 8389
f 5655 5654 12713
f 5655 12714 5656
f 12714 5655 12713
f 6368 5655 5656
f 5655 6368 6367
f 5654 5655 6367
f 4494 11026 11025
f 4495 11026 4494
f 11374 11026 11375
f 11025 11026 11374
f 11026 11376 11375
f 11376 11026 11027
f 11027 11026 4496
f 11026 4495 4496
f 6386 5674 6387
f 702 703 12727
f 703 12728 12727
f 12728 703 704
f 704 703 3766
f 703 3765 3766
f 703 702 3765
f 10554 10555 13586
f 10555 10554 10096
f 10096 10554 10095
f 10553 10554 13586
f 10554 10553 10095
f 11966 11967 11974
f 11965 11966 11974
f 11572 11964 11571
f 11572 11965 11964
f 11572 11352 11353
f 11572 11571 11352
f 737 3784 738
f 736 737 12757
f 737 738 12757
f 737 736 3783
f 3784 737 3783
f 12758 739 12759
f 739 12758 738
f 3913 739 3785
f 739 3784 3785
f 3784 739 738
f 7397 7398 7796
f 7378 7390 7379
f 7391 7390 7378
f 7393 7377 7376
f 7394 7393 7376
f 7383 7776 7382
f 7385 7383 7382
f 7383 7385 7384
f 7776 7777 3786
f 7777 3787 3786
f 3787 7777 7778
f 7383 7777 7776
f 7777 7384 7778
f 7777 7383 7384
f 7780 7781 3788
f 7779 7780 3788
f 7781 7780 7386
f 7780 7779 7386
f 3790 7782 3791
f 7782 3790 3789
f 747 3790 3791
f 3790 747 3789
f 93 7411 92
f 7412 7411 93
f 7411 91 92
f 7411 7403 7404
f 7411 7402 7403
f 7411 7412 7402
f 7417 98 99
f 7418 7417 99
f 7417 7418 7811
f 7401 7800 7400
f 5736 12778 12779
f 6452 5737 5738
f 5737 5736 12779
f 6512 8506 6511
f 6513 6512 5784
f 5784 6512 5783
f 6512 6511 5783
f 8522 8523 9183
f 8523 9184 9183
f 9184 8523 8524
f 8523 8522 6528
f 6529 8523 6528
f 8523 6529 8524
f 6529 5799 6530
f 5802 5801 12821
f 12822 5802 12821
f 5802 12822 5803
f 6534 5804 5805
f 6535 6534 5806
f 6534 5805 5806
f 6534 6535 8528
f 8527 6534 8528
f 9185 8525 9186
f 8525 8526 9186
f 8525 9185 8524
f 6530 8525 8524
f 9189 9188 8528
f 9188 9189 13296
f 9189 13297 13296
f 9189 9190 13297
f 5704 5705 6418
f 5705 6419 6418
f 6419 5705 5706
f 5705 5704 12749
f 12750 5705 12749
f 5705 12750 5706
f 5703 6417 6416
f 5704 6417 5703
f 6417 5704 6418
f 6416 6417 8439
f 6424 8446 6423
f 9108 8446 9109
f 8440 9102 8439
f 6417 8440 8439
f 9102 8440 9103
f 8440 8441 9103
f 8441 8440 6418
f 8440 6417 6418
f 3807 3808 752
f 751 3807 752
f 3804 749 3803
f 7820 3804 3803
f 3804 750 749
f 750 3804 3805
f 7786 7390 7391
f 7817 7420 7421
f 7818 7817 7421
f 3802 7819 3803
f 3802 748 3791
f 748 3802 3803
f 5722 6438 5721
f 6439 6438 5722
f 6437 6438 8454
f 6438 6439 8454
f 12777 5734 12776
f 6441 5726 5727
f 5729 12772 5730
f 5731 6443 5730
f 6443 5731 6444
f 5719 5720 6437
f 6438 5720 5721
f 5720 6438 6437
f 5720 12758 5721
f 12758 5720 12757
f 5720 5719 12757
f 5716 5715 12756
f 6431 5714 5715
f 12771 12770 754
f 753 12770 12769
f 12770 753 754
f 12770 12771 5727
f 12734 12733 711
f 12733 710 711
f 710 12733 12732
f 5688 12733 12734
f 12733 5686 12732
f 10158 10630 10629
f 10157 10158 10629
f 10158 9666 9667
f 10158 10157 9666
f 10153 10154 10626
f 10154 10155 10626
f 10154 10153 9664
f 10155 10154 9664
f 10131 10132 10614
f 10614 10132 10615
f 10132 10133 10615
f 10133 10132 9631
f 4562 11076 4561
f 4562 4561 13628
f 13629 4562 13628
f 4562 13629 4563
f 11078 11077 4563
f 11077 4562 4563
f 4562 11077 11076
f 4540 11075 4539
f 11076 11075 4540
f 11077 11075 11076
f 11084 11427 11083
f 11428 11427 11084
f 11066 11421 11065
f 11421 11420 11065
f 9143 8483 8484
f 8483 9141 8482
f 8481 9138 8480
f 792 793 12800
f 793 792 3829
f 792 791 3829
f 790 12798 789
f 791 790 3829
f 3829 790 3828
f 790 789 3828
f 5757 12799 12800
f 12799 792 12800
f 792 12799 791
f 790 12799 12798
f 12799 790 791
f 12798 12799 5756
f 12799 5757 5756
f 794 793 3830
f 795 794 3830
f 793 794 12800
f 794 795 12800
f 12801 796 797
f 795 796 12801
f 796 795 3830
f 3831 796 3830
f 797 796 3831
f 782 12796 12795
f 12796 782 783
f 12797 12796 785
f 12796 5753 5752
f 5753 12796 12797
f 5754 12798 5755
f 5754 12797 12798
f 5754 5753 12797
f 12803 801 802
f 12803 12802 801
f 803 12803 802
f 9146 9145 8485
f 9146 8486 9147
f 9146 8485 8486
f 13271 9146 9147
f 9146 13271 13270
f 9145 9146 13270
f 13269 9144 13270
f 9144 9145 13270
f 9143 9144 13269
f 9144 9143 8484
f 9145 9144 8484
f 8485 6489 8486
f 6489 6490 8486
f 5747 5746 12791
f 769 768 3820
f 770 769 3820
f 771 3821 772
f 771 770 3821
f 3817 763 3816
f 12782 765 12783
f 12788 771 772
f 12784 5740 12783
f 5740 12782 12783
f 10138 10620 10619
f 10152 10625 10624
f 10625 10152 10153
f 10152 9663 10153
f 9663 10152 9662
f 10150 10149 9661
f 9655 5029 5030
f 13234 5007 13233
f 13234 5008 5007
f 5008 13234 13235
f 13234 13233 9091
f 9092 13234 9091
f 13235 13234 9092
f 13269 5037 13268
f 5037 5036 13268
f 5037 13269 5038
f 9666 5037 5038
f 9665 5037 9666
f 5036 5037 9665
f 6479 6478 5755
f 13267 13266 9138
f 13266 13267 5033
f 13266 5032 13265
f 13266 5033 5032
f 5036 5035 13268
f 5035 13267 13268
f 5035 5036 9664
f 9663 5035 9664
f 9141 9142 13268
f 9142 13269 13268
f 9142 9143 13269
f 9142 8483 9143
f 8483 9142 9141
f 13267 9140 13268
f 9140 9141 13268
f 9141 9140 8482
f 9140 8481 8482
f 13264 9133 13265
f 9133 9134 13265
f 9638 10139 10138
f 10139 10620 10138
f 10620 10139 10140
f 9640 9639 5010
f 10139 9639 10140
f 9639 10139 9638
f 9639 9640 10140
f 5009 9638 5008
f 5009 5008 13235
f 9639 5009 5010
f 5009 9639 9638
f 5009 13236 5010
f 5009 13235 13236
f 13262 9129 9130
f 9129 13262 9128
f 13259 9124 13260
f 13259 5022 13258
f 5023 13259 13260
f 5022 13259 5023
f 12736 5692 5691
f 5692 5693 6407
f 5692 6406 5691
f 5692 6407 6406
f 12739 12740 5694
f 12741 12740 719
f 12740 718 719
f 12740 12739 718
f 5696 5697 6411
f 6412 5697 5698
f 5697 6412 6411
f 5697 5696 12742
f 5697 12743 5698
f 12743 5697 12742
f 5685 5686 6400
f 6399 5685 6400
f 5685 6399 5684
f 12732 5685 5684
f 5686 5685 12732
f 6405 5690 5691
f 6404 5690 6405
f 5691 5690 12735
f 9079 8423 8424
f 9080 9079 8424
f 8423 9079 9078
f 9078 9079 13221
f 9079 13222 13221
f 9079 9080 13222
f 5682 5681 12731
f 6395 5681 5682
f 5676 5677 6389
f 5677 12730 12731
f 12730 5677 5676
f 6398 8419 6397
f 8419 6398 6399
f 5683 6398 6397
f 6399 6398 5684
f 6398 5683 5684
f 8416 6391 6392
f 9069 8416 9070
f 13214 9069 9070
f 9069 13214 13213
f 9068 9069 13213
f 8416 9069 8415
f 9069 9068 8415
f 6394 6395 8417
f 6393 6394 8417
f 6394 5681 6395
f 5681 6394 6393
f 13232 9090 13233
f 5006 13232 13233
f 9090 13232 9089
f 13232 13231 9089
f 13232 5006 5005
f 13231 13232 5005
f 9085 9084 8427
f 9086 9085 8428
f 9085 8427 8428
f 5011 9641 9640
f 9104 13250 13249
f 8442 8443 9106
f 8442 9104 8441
f 8443 8442 6420
f 8442 6419 6420
f 8442 8441 6419
f 13243 13244 5017
f 9099 13244 13243
f 9100 13244 9099
f 13247 5019 13246
f 13247 9102 9103
f 13247 13246 9102
f 9646 5020 5021
f 5020 9646 5019
f 5020 13257 5021
f 5020 13247 13257
f 13247 5020 5019
f 715 714 3773
f 716 715 3773
f 714 715 12736
f 4547 13614 13615
f 4548 4547 13615
f 4547 4546 13614
f 10127 10609 10126
f 10127 9625 10128
f 9624 10127 10126
f 9625 10127 9624
f 10129 10611 10128
f 10609 13617 13616
f 13617 13620 13621
f 13616 13617 13621
f 10673 10674 10665
f 10673 10665 10672
f 10206 10673 10672
f 10673 10206 10207
f 10674 10673 10207
f 5085 13308 5086
f 9710 5085 5086
f 5084 5085 9710
f 5085 13307 13308
f 5085 5084 13307
f 9724 5100 5101
f 9724 9725 10207
f 9724 5101 9725
f 9723 9724 10206
f 10206 9724 10207
f 5100 9724 9723
f 13323 5100 5099
f 13323 5099 13322
f 9216 13323 13322
f 13323 9216 9217
f 5100 13324 5101
f 5101 13324 13325
f 13324 9217 13325
f 13324 13323 9217
f 13323 13324 5100
f 5825 5826 6555
f 5824 5825 6555
f 5826 5825 12833
f 5825 5824 12833
f 5823 6554 5822
f 5823 5822 12833
f 5824 5823 12833
f 6554 5823 6555
f 5823 5824 6555
f 9209 13316 9208
f 8548 9209 9208
f 9209 13317 13316
f 9209 9210 13317
f 9209 8548 8549
f 9210 9209 8549
f 9206 9205 8544
f 8545 9206 8544
f 9207 9206 8545
f 9205 9206 13314
f 13314 9206 13315
f 9206 9207 13315
f 649 3712 3713
f 3712 649 3904
f 649 648 3904
f 3710 648 647
f 648 3710 3904
f 648 12675 647
f 648 649 12675
f 649 12676 12675
f 12675 12676 5609
f 12676 5610 5609
f 6317 5605 6318
f 8343 6317 6318
f 6317 5604 5605
f 6317 6316 5604
f 8342 6317 8343
f 6316 6317 8342
f 3721 3720 3905
f 3720 655 3905
f 3718 653 3717
f 653 652 3717
f 654 653 3718
f 653 654 12678
f 652 3716 3717
f 651 3714 3715
f 3716 651 3715
f 651 3716 652
f 5612 12677 12678
f 12677 5612 5611
f 12677 653 12678
f 653 12677 652
f 5610 12677 5611
f 12676 12677 5610
f 12677 651 652
f 651 12677 12676
f 8346 8345 6320
f 6321 8346 6320
f 8346 6321 8347
f 8346 8997 8345
f 13162 9003 9004
f 9002 9003 13162
f 9003 9002 8350
f 9000 8999 8348
f 13160 9000 13161
f 9000 13160 8999
f 8997 8996 8345
f 8996 8344 8345
f 8344 8996 8995
f 8995 8996 13158
f 8996 8997 13158
f 8997 13159 13158
f 13159 4924 13158
f 4924 13159 4925
f 13159 13160 4925
f 11557 11334 11558
f 11333 11334 11557
f 10982 4451 4452
f 10983 10982 4452
f 10982 10981 4451
f 10982 10983 11331
f 10982 11331 11330
f 10981 10982 11330
f 4454 10984 4453
f 10984 10983 4453
f 10983 10984 11333
f 10984 11334 11333
f 10992 4463 4464
f 4464 4463 13562
f 4463 10992 10991
f 4462 4463 10991
f 4463 13561 13562
f 13561 4463 4462
f 10526 13561 13560
f 13561 10526 10527
f 4461 10990 4460
f 10990 4461 4462
f 13560 4461 4460
f 13561 4461 13560
f 4461 13561 4462
f 10989 4459 4460
f 10990 10989 4460
f 10989 11340 11339
f 10989 10990 11340
f 13559 10524 13560
f 4459 13559 13560
f 13559 4457 13558
f 10521 13559 13558
f 13559 10521 10522
f 10068 10528 10527
f 10528 10529 13562
f 10528 10069 10529
f 10528 10068 10069
f 13561 10528 13562
f 10528 13561 10527
f 6340 6339 5626
f 5627 6340 5626
f 6340 5627 6341
f 6337 6338 8364
f 6338 6337 5624
f 5625 6338 5624
f 6339 6338 5625
f 6340 8366 6339
f 12690 12691 5625
f 12689 12690 5624
f 12690 5625 5624
f 12690 12689 671
f 672 12690 671
f 12691 12690 672
f 6335 5621 5622
f 6336 6335 5622
f 6335 6334 5621
f 6334 6335 8361
f 6334 5620 5621
f 5619 5620 6334
f 5620 12685 5621
f 12685 5620 12684
f 5620 5619 12684
f 5619 5618 12683
f 5618 5617 12682
f 12683 5618 12682
f 5617 5618 6332
f 6333 5619 6334
f 5618 6333 6332
f 6333 5618 5619
f 3723 658 3722
f 3723 659 658
f 3723 660 659
f 3723 3724 660
f 13168 9013 13169
f 6335 8362 8361
f 8362 6335 6336
f 9017 9016 8364
f 9016 9017 13172
f 9015 13171 13170
f 13171 13172 4937
f 13171 9016 13172
f 9016 13171 9015
f 4936 13171 4937
f 13171 4936 13170
f 4940 4939 13174
f 4940 13174 13175
f 4941 4940 13175
f 4938 4939 9568
f 4937 4938 9567
f 4938 9568 9567
f 13172 4938 4937
f 4938 13172 13173
f 4939 4938 13173
f 10060 9561 10061
f 10519 10060 10061
f 10060 10519 10518
f 10059 10060 10518
f 10517 10058 10518
f 10058 10059 10518
f 10058 10517 10057
f 9558 10058 10057
f 8359 6331 6332
f 8358 6331 8359
f 6331 5617 6332
f 6331 5616 5617
f 13165 13166 4931
f 13167 9010 9011
f 13166 9010 13167
f 5612 6326 6325
f 6326 5612 5613
f 5616 6330 5615
f 6331 6330 5616
f 6330 6331 8358
f 6326 8352 6325
f 4929 4928 13163
f 4928 13162 13163
f 4928 4927 13162
f 4927 4928 9557
f 9558 4928 4929
f 4928 9558 9557
f 5293 5294 6010
f 5293 12363 12364
f 5294 5293 12364
f 5292 5293 6009
f 6009 5293 6010
f 12363 12362 365
f 12362 12361 365
f 12361 12362 5292
f 12362 5293 5292
f 5293 12362 12363
f 12361 12360 364
f 12360 363 364
f 12360 12359 363
f 12360 12361 5291
f 12360 5290 12359
f 5290 12360 5291
f 5987 8035 8034
f 8035 5987 5988
f 8034 8035 8699
f 8035 8036 8699
f 5989 8035 5988
f 8036 8035 5989
f 9436 9930 9435
f 9930 9929 9435
f 9930 9436 9931
f 10398 10377 10397
f 9943 10398 10397
f 10399 10398 9943
f 10398 10376 10377
f 10398 10399 10376
f 6134 5400 6135
f 6134 6133 5400
f 6134 8165 8164
f 8165 6134 6135
f 5399 6132 5398
f 6133 6132 5399
f 6132 6131 5398
f 6131 6132 8161
f 6132 8162 8161
f 6132 6133 8162
f 4955 13189 13190
f 4954 13189 4955
f 13189 9034 13190
f 13189 9033 9034
f 13188 4954 4953
f 13188 13189 4954
f 9033 13188 9032
f 13189 13188 9033
f 12707 5647 12706
f 5647 12707 5648
f 12707 12706 686
f 5649 12707 12708
f 12707 5649 5648
f 12707 686 687
f 12708 12707 687
f 8398 9051 9050
f 9051 8398 8399
f 9050 9051 13201
f 8400 9052 8399
f 9053 9052 8400
f 9052 9051 8399
f 9052 9053 13202
f 13201 9052 13202
f 9051 9052 13201
f 5673 5674 6386
f 5673 6385 5672
f 5673 6386 6385
f 5673 5672 12729
f 12730 5673 12729
f 5674 5673 12730
f 5675 12730 5676
f 5675 5674 12730
f 5674 5675 6387
f 5675 6388 6387
f 6388 5675 5676
f 11573 11572 11353
f 11354 11573 11353
f 11573 11354 11574
f 11573 11574 11967
f 11966 11573 11967
f 11573 11966 11965
f 11572 11573 11965
f 739 740 12759
f 12759 740 12760
f 740 741 12760
f 741 740 3913
f 740 739 3913
f 7395 7375 7374
f 7395 7394 7375
f 7395 7792 7394
f 7390 7389 7379
f 7392 7393 7789
f 7392 7391 7377
f 7393 7392 7377
f 91 7410 90
f 7411 7410 91
f 7410 7411 7404
f 7398 7797 7796
f 7794 7810 7811
f 7810 7417 7811
f 7808 7795 7796
f 7795 7397 7796
f 7795 7810 7794
f 7414 95 96
f 95 7414 7413
f 7416 7417 7808
f 7416 97 98
f 7417 7416 98
f 7402 7801 7401
f 7801 7800 7401
f 7412 7801 7402
f 7801 7412 7413
f 8507 6513 8508
f 8507 6512 6513
f 6512 8507 8506
f 8506 8507 9167
f 8507 9168 9167
f 8507 8508 9168
f 5801 5800 12820
f 5800 5799 12820
f 5799 5800 6530
f 5798 5799 6529
f 5798 6528 5797
f 5798 6529 6528
f 5799 5798 12820
f 12819 5798 5797
f 12820 5798 12819
f 5804 6533 5803
f 6534 6533 5804
f 6533 6534 8527
f 8529 9189 8528
f 6535 8529 8528
f 8530 8529 6535
f 8529 8530 9190
f 9189 8529 9190
f 8446 8445 6423
f 8445 6422 6423
f 6422 8445 8444
f 8445 8446 9108
f 8445 9108 9107
f 8444 8445 9107
f 3806 3807 751
f 750 3806 751
f 3806 750 3805
f 3807 7823 3808
f 3794 3793 3914
f 3793 7786 3914
f 12775 5733 5732
f 5733 12775 12776
f 5734 5733 12776
f 6449 5735 5736
f 5735 5734 12777
f 12778 5735 12777
f 5735 12778 5736
f 6445 6444 5732
f 5733 6445 5732
f 12771 5728 5727
f 5728 5729 6442
f 6441 5728 6442
f 5728 6441 5727
f 5717 5716 12756
f 5716 5717 6434
f 6435 5717 5718
f 5717 6435 6434
f 6436 5719 6437
f 5719 6436 5718
f 6436 6435 5718
f 6435 8452 6434
f 5716 6432 5715
f 6432 6431 5715
f 5714 6430 5713
f 6431 6430 5714
f 6453 8457 6452
f 6453 6452 5738
f 6454 6453 5738
f 9112 8458 8459
f 8457 8458 9112
f 8458 6455 8459
f 8458 6454 6455
f 6453 8458 8457
f 8458 6453 6454
f 6455 6456 8459
f 6456 5740 6457
f 5687 12733 5688
f 12733 5687 5686
f 5687 5688 6402
f 6401 5687 6402
f 5686 5687 6401
f 10159 10160 10630
f 10158 10159 10630
f 10160 10159 9668
f 9668 10159 9667
f 10159 10158 9667
f 9630 10131 9629
f 9630 10132 10131
f 10132 9630 9631
f 9630 9629 5003
f 9630 5004 9631
f 5004 9630 5003
f 11073 11079 11072
f 4536 11073 11072
f 11073 4536 4537
f 11426 11082 11083
f 11427 11426 11083
f 11426 11081 11082
f 11081 11426 11425
f 11426 11424 11425
f 11426 11423 11424
f 11423 11426 11427
f 11068 11423 11067
f 11424 11423 11068
f 11421 11422 11428
f 11422 11427 11428
f 11422 11423 11427
f 11422 11421 11066
f 11420 11429 11430
f 11421 11429 11420
f 11429 11421 11428
f 11430 11429 11086
f 11429 11085 11086
f 11429 11428 11085
f 5758 6482 5757
f 12796 784 785
f 784 12796 783
f 785 784 3918
f 784 783 3918
f 5768 12804 12805
f 12805 12804 805
f 12804 804 805
f 12804 803 804
f 12804 12803 803
f 6490 6491 8487
f 6491 8488 8487
f 6491 6492 8488
f 12803 5763 12802
f 6489 5763 6490
f 6493 6494 8489
f 8488 6493 8489
f 6492 6493 8488
f 6487 8485 8484
f 8467 6465 8468
f 12792 5747 12791
f 12793 12792 777
f 12792 776 777
f 12792 12791 776
f 5748 12793 5749
f 5747 5748 6468
f 5748 12792 12793
f 12792 5748 5747
f 6469 5748 5749
f 5748 6469 6468
f 765 764 3817
f 764 763 3817
f 763 764 12781
f 12782 764 765
f 764 12782 12781
f 762 3815 3816
f 763 762 3816
f 5746 12790 12791
f 12790 773 774
f 12791 12790 774
f 12786 769 770
f 5740 5739 12782
f 12781 5739 5738
f 12782 5739 12781
f 5739 6454 5738
f 6454 5739 6455
f 5739 6456 6455
f 6456 5739 5740
f 5741 6459 6458
f 6457 5741 6458
f 5740 5741 6457
f 5741 5740 12784
f 10623 10151 10624
f 10151 10152 10624
f 10150 10151 10623
f 10151 10150 9662
f 10152 10151 9662
f 10148 10621 10147
f 10622 10150 10623
f 10622 10149 10150
f 10148 10622 10621
f 10622 10148 10149
f 10620 10144 10145
f 6476 8476 6475
f 5753 6476 6475
f 5754 6476 5753
f 13267 5034 5033
f 5035 5034 13267
f 5033 5034 9661
f 5034 9662 9661
f 5034 9663 9662
f 5034 5035 9663
f 9139 13267 9138
f 9139 9140 13267
f 8481 9139 9138
f 9140 9139 8481
f 9131 9132 13264
f 9132 9133 13264
f 8476 9132 9131
f 6459 8462 6458
f 8463 8462 6459
f 8462 8463 9113
f 9121 9122 13258
f 9121 13257 9120
f 13257 9121 13258
f 9123 13259 13258
f 9122 9123 13258
f 13259 9123 9124
f 12740 5695 5694
f 5695 6409 5694
f 5696 5695 12741
f 5695 12740 12741
f 6409 5695 6410
f 5695 5696 6410
f 5689 5690 6404
f 5688 5689 6403
f 5689 6404 6403
f 5689 5688 12734
f 5689 12734 12735
f 5690 5689 12735
f 5680 5679 12731
f 5681 5680 12731
f 6391 5680 6392
f 5680 6391 5679
f 5680 6393 6392
f 5680 5681 6393
f 5677 5678 6389
f 5679 5678 12731
f 5678 5677 12731
f 6390 8416 8415
f 6390 6391 8416
f 6390 8415 6389
f 5678 6390 6389
f 6391 6390 5679
f 6390 5678 5679
f 10620 10141 10142
f 10141 10620 10140
f 9643 9642 5013
f 9642 10141 9641
f 5012 9641 5011
f 5012 13239 5013
f 9642 5012 5013
f 5012 9642 9641
f 13239 5012 13238
f 5012 5011 13238
f 13252 13251 9106
f 9105 8442 9106
f 8442 9105 9104
f 9105 13250 9104
f 9105 13251 13250
f 13251 9105 9106
f 5019 13245 13246
f 13246 13245 9101
f 13245 9100 9101
f 13245 13244 9100
f 13248 13249 13256
f 13257 13248 13256
f 13247 13248 13257
f 13248 13247 9103
f 9104 13248 9103
f 13248 9104 13249
f 12737 716 12738
f 12737 715 716
f 715 12737 12736
f 12737 5692 12736
f 5693 12737 12738
f 5692 12737 5693
f 10612 10130 10613
f 13619 10612 10613
f 10612 10129 10130
f 10612 10611 10129
f 10612 13619 13618
f 10611 10612 13618
f 10610 13617 10609
f 10611 10610 10128
f 13617 10610 13618
f 10610 10611 13618
f 10610 10127 10128
f 10127 10610 10609
f 3710 3711 3904
f 3711 3712 3904
f 656 3720 3721
f 3720 656 655
f 656 3721 657
f 656 657 12679
f 655 656 12679
f 3714 650 3713
f 651 650 3714
f 650 649 3713
f 650 12676 649
f 650 651 12676
f 8346 8998 8997
f 8998 13159 8997
f 8998 8347 8999
f 8998 8346 8347
f 13160 8998 8999
f 13159 8998 13160
f 9001 8349 9002
f 9001 9002 13161
f 9000 9001 13161
f 8349 9001 8348
f 9001 9000 8348
f 11334 11335 11558
f 11335 11559 11558
f 11559 11335 11336
f 11335 10986 11336
f 10985 10984 4454
f 10985 4455 10986
f 4455 10985 4454
f 10984 10985 11334
f 11335 10985 10986
f 10985 11335 11334
f 10989 10988 4459
f 11337 10988 11338
f 10987 10988 11337
f 10988 11339 11338
f 10988 10989 11339
f 10523 13559 10522
f 13559 10523 10524
f 10524 10523 10064
f 10523 10063 10064
f 10063 10523 10522
f 4458 13559 4459
f 13559 4458 4457
f 10988 4458 4459
f 4457 4458 10987
f 4458 10988 10987
f 9019 9020 13175
f 13174 9019 13175
f 8365 9017 8364
f 6338 8365 8364
f 8365 6338 6339
f 8366 8365 6339
f 8367 8368 9020
f 9019 8367 9020
f 8367 9019 8366
f 8367 8366 6340
f 8367 6341 8368
f 8367 6340 6341
f 8358 9012 9011
f 9012 8358 8359
f 9012 9013 13168
f 9012 13167 9011
f 9012 13168 13167
f 9013 8360 8361
f 8360 9012 8359
f 9012 8360 9013
f 8360 6334 8361
f 8360 6333 6334
f 8360 8359 6332
f 6333 8360 6332
f 9014 9013 8361
f 8362 9014 8361
f 9014 8362 9015
f 9014 9015 13170
f 13169 9014 13170
f 9013 9014 13169
f 9016 8363 8364
f 8363 8362 6336
f 8362 8363 9015
f 8363 9016 9015
f 8363 6337 8364
f 8363 6336 6337
f 4939 9569 9568
f 4940 9569 4939
f 9569 10068 9568
f 10068 9569 10069
f 9559 10058 9558
f 10058 9559 10059
f 9559 9558 4929
f 4930 13165 4931
f 4930 9559 4929
f 13164 4929 13163
f 13164 4930 4929
f 4930 13164 13165
f 9006 13164 13163
f 13164 9006 9007
f 13165 9009 13166
f 9009 9010 13166
f 6329 5614 5615
f 6330 6329 5615
f 9005 8352 9006
f 9004 9005 13163
f 9005 9006 13163
f 8351 6324 6325
f 8352 8351 6325
f 6324 8351 8350
f 9003 8351 9004
f 8351 9003 8350
f 8351 9005 9004
f 9005 8351 8352
f 13187 13188 4953
f 13187 4952 13186
f 13187 4953 4952
f 9031 13187 13186
f 13187 9031 9032
f 13188 13187 9032
f 7795 7396 7397
f 7396 7795 7794
f 7396 7395 7374
f 7396 7374 7373
f 7397 7396 7373
f 7792 7791 7394
f 7791 7792 3914
f 7793 7792 7395
f 7793 7396 7794
f 7396 7793 7395
f 7792 7793 3914
f 3914 7793 7811
f 7793 7794 7811
f 7388 7380 7379
f 7389 7388 7379
f 7784 7389 7390
f 7787 7786 7391
f 7392 7787 7391
f 7786 7787 3914
f 7409 89 90
f 7410 7409 90
f 89 7409 88
f 7809 7795 7808
f 7795 7809 7810
f 7417 7809 7808
f 7810 7809 7417
f 7416 7415 97
f 97 7415 96
f 7415 7414 96
f 7414 7802 7413
f 7802 7801 7413
f 13260 9126 13261
f 8475 6474 6475
f 6473 6474 8475
f 6474 6473 5752
f 6474 5753 6475
f 5753 6474 5752
f 8474 6473 8475
f 8474 8475 9130
f 9129 8474 9130
f 8474 9129 9128
f 8473 8474 9128
f 6472 8473 6471
f 6472 6471 5750
f 6472 8474 8473
f 8474 6472 6473
f 5802 6531 5801
f 5800 6531 6530
f 6531 5800 5801
f 6531 8525 6530
f 8525 6531 8526
f 7824 7823 7423
f 7824 7423 7424
f 7825 7824 7424
f 7823 7824 3808
f 3808 7824 3809
f 7824 7825 3809
f 3806 7822 3807
f 7822 7823 3807
f 7822 3806 3805
f 7423 7822 7422
f 7823 7822 7423
f 7813 7418 7419
f 7814 7813 7419
f 7813 7814 3914
f 7420 7815 7419
f 7815 7814 7419
f 7814 7815 3914
f 3915 7817 7818
f 3801 3915 3802
f 3915 7818 7819
f 3802 3915 7819
f 9111 8457 9112
f 8455 9111 8454
f 8452 9111 9110
f 8457 8456 6452
f 9111 8456 8457
f 8456 9111 8455
f 5735 6447 5734
f 8453 6437 8454
f 8453 6436 6437
f 9111 8453 8454
f 8453 9111 8452
f 6436 8453 6435
f 8453 8452 6435
f 6433 5716 6434
f 6433 6432 5716
f 8452 6433 6434
f 6432 6433 8452
f 6430 6429 5713
f 8450 6429 6430
f 4538 11074 4537
f 11074 11073 4537
f 5757 6481 5756
f 6482 6481 5757
f 6481 8481 8480
f 6481 6482 8481
f 8481 6483 8482
f 6482 6483 8481
f 6483 6482 5758
f 5764 6491 6490
f 5763 5764 6490
f 5764 5763 12803
f 12802 5761 12801
f 6488 6489 8485
f 6487 6488 8485
f 5761 6488 6487
f 8483 6486 8484
f 6486 6487 8484
f 6467 5747 6468
f 5747 6467 5746
f 6464 6465 8467
f 8473 8472 6471
f 3815 760 3814
f 760 12778 12777
f 12780 763 12781
f 12780 762 763
f 762 12780 12779
f 12780 12781 5738
f 12780 5737 12779
f 5737 12780 5738
f 5745 12790 5746
f 6465 5745 5746
f 6464 5745 6465
f 12785 12784 768
f 769 12785 768
f 12786 12785 769
f 12785 5741 12784
f 5743 12787 12788
f 12786 12787 5743
f 12787 12786 770
f 771 12787 770
f 12788 12787 771
f 5741 5742 6459
f 5742 12786 5743
f 5742 12785 12786
f 12785 5742 5741
f 9651 5026 5027
f 9655 9654 5029
f 5029 9654 5028
f 9654 9653 5028
f 10149 9660 9661
f 10148 9660 10149
f 5033 9660 5032
f 9660 5033 9661
f 9658 10146 10145
f 10621 10146 10147
f 9657 9658 10145
f 10144 9657 10145
f 5031 9657 5030
f 9658 9657 5031
f 6477 6476 5754
f 8478 6477 6478
f 13266 9137 9138
f 9136 9137 13266
f 9138 9137 8480
f 9137 9136 8480
f 9134 9135 13265
f 9135 13266 13265
f 9135 9136 13266
f 8478 9135 9134
f 9136 8479 8480
f 8479 9135 8478
f 9135 8479 9136
f 8479 6478 6479
f 8479 8478 6478
f 8461 6457 6458
f 8462 8461 6458
f 8461 9113 9112
f 8461 8462 9113
f 9115 8464 8465
f 9116 9115 8465
f 9121 8469 9122
f 8469 9120 8468
f 8469 9121 9120
f 8469 6467 6468
f 13249 13255 13256
f 13250 13255 13249
f 13255 9115 9116
f 5018 13245 5019
f 5018 9645 5017
f 5018 5019 9645
f 13244 5018 5017
f 13245 5018 13244
f 9018 9019 13174
f 9018 13174 13173
f 9017 9018 13173
f 8365 9018 9017
f 9019 9018 8366
f 9018 8365 8366
f 9570 9569 4940
f 9570 4941 9571
f 9570 4940 4941
f 9570 9571 10070
f 10069 9570 10070
f 9569 9570 10069
f 9561 9560 4931
f 9560 4930 4931
f 4930 9560 9559
f 9559 9560 10059
f 10060 9560 9561
f 9560 10060 10059
f 9008 9009 13165
f 9008 13164 9007
f 13164 9008 13165
f 9009 9008 8355
f 8354 9008 9007
f 9008 8354 8355
f 5614 6327 5613
f 6327 6326 5613
f 8354 6327 8355
f 6327 8354 6326
f 8357 6330 8358
f 8357 6329 6330
f 8357 8358 9011
f 9010 8357 9011
f 8353 8352 6326
f 8354 8353 6326
f 8352 8353 9006
f 9006 8353 9007
f 8353 8354 9007
f 7790 7393 7394
f 7791 7790 7394
f 7393 7790 7789
f 7789 7790 3914
f 7790 7791 3914
f 7381 7387 7386
f 7387 7781 7386
f 7387 7381 7380
f 7388 7387 7380
f 7387 7782 7781
f 7387 7388 7782
f 7784 7783 7389
f 7388 7783 7782
f 7783 7388 7389
f 7782 7783 3791
f 7783 7784 3791
f 3793 7785 7786
f 7786 7785 7390
f 7785 7784 7390
f 7788 7392 7789
f 7788 7787 7392
f 7788 7789 3914
f 7787 7788 3914
f 7806 7807 7797
f 7807 7808 7796
f 7797 7807 7796
f 7807 7416 7808
f 7807 7806 7416
f 7798 7806 7797
f 7399 7798 7398
f 7798 7797 7398
f 7806 7805 7416
f 7805 7415 7416
f 7415 7805 7804
f 7798 7805 7806
f 7803 7802 7414
f 7803 7415 7804
f 7415 7803 7414
f 7801 7803 7800
f 7800 7803 7804
f 7802 7803 7801
f 9124 9125 13260
f 9125 9126 13260
f 6473 5751 5752
f 6472 5751 6473
f 5751 6472 5750
f 5751 5750 12795
f 6531 6532 8526
f 8526 6532 8527
f 6532 6533 8527
f 6533 6532 5803
f 6532 5802 5803
f 6532 6531 5802
f 7821 3804 7820
f 7821 7820 7422
f 7822 7821 7422
f 3804 7821 3805
f 7821 7822 3805
f 7418 7812 7811
f 7813 7812 7418
f 7812 3914 7811
f 7812 7813 3914
f 7817 7816 7420
f 7816 7815 7420
f 3915 7816 7817
f 7815 3798 3914
f 8456 6451 6452
f 6451 5737 6452
f 6448 5735 6449
f 6448 6447 5735
f 6447 6448 8455
f 8455 6448 6449
f 6446 6445 5733
f 6446 5733 5734
f 6447 6446 5734
f 8451 8452 9110
f 8450 8451 9110
f 6432 8451 6431
f 8451 6432 8452
f 8451 6430 6431
f 8451 8450 6430
f 6480 6479 5756
f 6481 6480 5756
f 6480 6481 8480
f 8479 6480 8480
f 6480 8479 6479
f 5766 6493 6492
f 5763 5762 12802
f 5762 5761 12802
f 5762 5763 6489
f 6488 5762 6489
f 5762 6488 5761
f 5761 5760 12801
f 5760 5761 6487
f 6486 5760 6487
f 6485 6486 8483
f 6465 6466 8468
f 6466 8469 8468
f 8469 6466 6467
f 6466 6465 5746
f 6467 6466 5746
f 8466 6464 8467
f 8466 9116 8465
f 8464 6462 8465
f 8472 6470 6471
f 6470 6469 5749
f 5750 6470 5749
f 6471 6470 5750
f 8472 9127 9126
f 9127 9128 13261
f 9126 9127 13261
f 9127 8473 9128
f 9127 8472 8473
f 762 761 3815
f 761 760 3815
f 761 762 12779
f 12778 761 12779
f 760 761 12778
f 760 759 3814
f 759 3813 3814
f 3813 759 758
f 759 760 12777
f 759 12776 758
f 759 12777 12776
f 5745 12789 12790
f 12790 12789 773
f 773 12789 772
f 12789 12788 772
f 5744 5745 6464
f 5744 6462 5743
f 5744 5743 12788
f 12789 5744 12788
f 5744 12789 5745
f 9651 9652 10142
f 9652 9653 10142
f 9652 9651 5027
f 9652 5027 5028
f 9653 9652 5028
f 9651 9650 5026
f 5025 9650 9649
f 5026 9650 5025
f 9650 9645 9649
f 9650 9651 10142
f 10144 10143 9655
f 10143 9654 9655
f 10143 10620 10142
f 10143 10144 10620
f 9653 10143 10142
f 9654 10143 9653
f 9660 9659 5032
f 5032 9659 5031
f 9659 9658 5031
f 10146 9659 10147
f 9659 10146 9658
f 9659 10148 10147
f 9659 9660 10148
f 9656 10144 9655
f 9656 9657 10144
f 9656 9655 5030
f 9657 9656 5030
f 8477 6477 8478
f 6477 8477 6476
f 6476 8477 8476
f 8477 9132 8476
f 9132 8477 9133
f 9133 8477 9134
f 8477 8478 9134
f 8460 9112 8459
f 8460 8461 9112
f 8460 6456 6457
f 6456 8460 8459
f 8461 8460 6457
f 9115 9114 8464
f 8464 9114 8463
f 8463 9114 9113
f 9120 9119 8468
f 9119 8467 8468
f 9119 9118 8467
f 13257 9119 9120
f 9119 13257 13256
f 9118 9119 13256
f 8470 9123 9122
f 8469 8470 9122
f 9123 8470 9124
f 6469 8470 6468
f 8470 8469 6468
f 13251 13254 13250
f 13254 13255 13250
f 9113 13254 9112
f 9114 13254 9113
f 13255 13254 9115
f 13254 9114 9115
f 6329 6328 5614
f 6328 6327 5614
f 6327 6328 8355
f 8357 8356 6329
f 6328 8356 8355
f 8356 6328 6329
f 8356 9009 8355
f 9009 8356 9010
f 8356 8357 9010
f 3792 7785 3793
f 3801 3792 3793
f 7784 3792 3791
f 7785 3792 7784
f 3792 3802 3791
f 3792 3801 3802
f 7409 7408 88
f 7408 7407 88
f 7405 7410 7404
f 7405 7409 7410
f 7405 7404 88
f 7799 7798 7399
f 7800 7799 7400
f 7799 7399 7400
f 7799 7805 7798
f 7799 7800 7804
f 7805 7799 7804
f 8471 8472 9126
f 9125 8471 9126
f 8471 8470 6469
f 8471 9125 9124
f 8470 8471 9124
f 6470 8471 6469
f 8471 6470 8472
f 3796 3795 3914
f 7816 3799 7815
f 3799 3798 7815
f 3799 7816 3915
f 3799 3794 3795
f 3798 3799 3795
f 6450 6451 8456
f 6450 8455 6449
f 6450 8456 8455
f 6450 6449 5736
f 5737 6450 5736
f 6451 6450 5737
f 6426 6425 5711
f 5710 6425 6424
f 5711 6425 5710
f 6425 8446 6424
f 5766 5767 6493
f 6494 5767 5768
f 6493 5767 6494
f 5767 12804 5768
f 5767 5766 12804
f 5766 5765 12804
f 12804 5765 12803
f 5765 5764 12803
f 5765 5766 6492
f 6491 5765 6492
f 5764 5765 6491
f 6484 6483 5758
f 6483 6484 8482
f 6484 8483 8482
f 6484 6485 8483
f 5759 5758 12800
f 5759 6484 5758
f 6484 5759 6485
f 5759 5760 6486
f 6485 5759 6486
f 12801 5759 12800
f 5760 5759 12801
f 8466 9117 9116
f 9117 9118 13256
f 9118 9117 8467
f 9117 8466 8467
f 13255 9117 13256
f 9117 13255 9116
f 6461 6462 8464
f 6461 8464 8463
f 6461 5742 5743
f 6462 6461 5743
f 6463 5744 6464
f 5744 6463 6462
f 8466 6463 6464
f 6463 8466 8465
f 6462 6463 8465
f 13253 9111 9112
f 13254 13253 9112
f 9111 13253 9110
f 13253 13252 9109
f 9110 13253 9109
f 13253 13251 13252
f 13253 13254 13251
f 7407 7406 88
f 7406 7405 88
f 7408 7406 7407
f 7406 7408 7409
f 7405 7406 7409
f 3798 3797 3914
f 3797 3796 3914
f 3800 3915 3801
f 3800 3799 3915
f 3800 3801 3793
f 3800 3793 3794
f 3799 3800 3794
f 6427 8448 6426
f 8448 9110 9109
f 6428 6427 5712
f 5713 6428 5712
f 6429 6428 5713
f 8450 6428 6429
f 5742 6460 6459
f 6461 6460 5742
f 6460 8463 6459
f 6460 6461 8463
f 8446 8447 9109
f 8447 8448 9109
f 6425 8447 8446
f 8447 6425 6426
f 8448 8447 6426
f 6428 8449 6427
f 8449 6428 8450
f 8449 8448 6427
f 8449 8450 9110
f 8448 8449 9110
f 11502 11148 11503
f 11148 11502 11147
f 10039 9539 9540
f 9539 10039 10038
f 3154 3157 3158
f 3157 3154 3155
f 12547 12548 5452
f 12548 5453 5452
f 7667 7658 7668
f 7658 7667 7659
f 5440 5439 12536
f 12537 5440 12536
f 10887 11204 11203
f 10887 11203 10886
f 11537 11538 11510
f 11511 11537 11510
f 11512 11537 11511
f 11537 11512 11536
f 469 471 470
f 472 471 4136
f 471 469 4136
f 12505 12512 5418
f 12512 12505 12511
f 7655 3663 7654
f 3663 7655 3664
f 3168 3369 3370
f 3167 3369 3168
f 4029 298 4028
f 4028 298 297
f 11526 11519 11520
f 11525 11526 11520
f 5395 12492 12493
f 5396 5395 12493
f 7366 7369 7367
f 7369 7368 7367
f 1076 1075 1059
f 1075 1060 1059
f 7635 4042 7634
f 4042 7635 4043
f 266 267 12270
f 12270 267 12271
f 13740 13739 13742
f 13740 13742 13741
f 3602 3891 3601
f 3600 3602 3601
f 3891 525 3601
f 525 3891 526
f 8229 6203 6204
f 6203 8229 8228
f 13461 13463 13460
f 13463 13461 13462
f 8180 8179 6163
f 8180 6163 6164
f 4797 4799 4796
f 4799 4797 4798
f 9427 4793 4801
f 4801 4793 4794
f 11231 11232 11200
f 11201 11231 11200
f 5301 6019 5300
f 6019 5301 6020
f 11524 11525 11520
f 11521 11524 11520
f 11523 11524 11522
f 11524 11521 11522
f 3659 3658 3898
f 3898 3658 7651
f 3347 3140 3139
f 3346 3347 3139
f 278 12276 277
f 277 12276 12275
f 6749 6748 7154
f 7154 6748 7153
f 9460 9958 9957
f 9459 9460 9957
f 8215 8216 8867
f 8867 8216 8868
f 11213 11217 11212
f 11217 11213 11216
f 11213 11215 11216
f 4838 9468 4837
f 9468 9467 4837
f 4172 4173 4177
f 4173 4174 4175
f 4176 4173 4175
f 4173 4176 4177
f 5246 12319 5247
f 5247 12319 12320
f 332 4046 4047
f 332 4047 333
f 7643 4053 7642
f 4053 7643 4054
f 5291 5292 6009
f 5291 6009 6008
f 9800 9308 9801
f 9308 9800 9307
f 8165 8168 8164
f 8168 8169 8164
f 8168 8165 8166
f 11211 11217 11218
f 11217 11211 11212
f 4368 4369 4356
f 4368 4356 4357
f 8797 8794 8793
f 8131 8797 8793
f 8797 8795 8794
f 8795 8797 8796
f 13027 4774 13026
f 4774 4773 13026
f 5413 5414 5421
f 5414 5420 5421
f 7517 7515 7516
f 7515 7517 7514
f 4188 4150 4187
f 4150 4151 4187
f 4149 4150 4188
f 13583 4489 13582
f 13583 13582 10550
f 13620 10625 13621
f 13621 10625 10626
f 11626 11632 11625
f 11632 11626 11631
f 11626 11630 11631
f 11630 11626 11627
f 11628 11630 11627
f 11630 11628 11629
f 10112 10583 10111
f 10583 10112 10584
f 4980 4981 9607
f 4980 9607 9606
f 1068 1066 1065
f 1066 1068 1067
f 1064 1068 1065
f 1069 1068 1064
f 13044 13043 8818
f 8819 13044 8818
f 8833 8176 8177
f 8834 8833 8177
f 8833 8834 13048
f 8826 8833 13048
f 8827 8833 8826
f 8833 8827 8832
f 8827 8831 8832
f 8831 8827 8828
f 8168 8167 6155
f 8167 6154 6155
f 8167 6152 6153
f 6152 8167 8166
f 8148 6121 6122
f 6121 8148 8147
f 10844 10842 4331
f 10842 10839 4331
f 10840 10842 10841
f 10842 10840 10839
f 10843 10842 10844
f 5414 5415 5420
f 5420 5415 5419
f 5415 5414 12501
f 5415 12501 12502
f 10106 10563 10105
f 10563 10106 10564
f 10676 13330 9224
f 13330 10676 5106
f 10196 10676 9224
f 10676 10208 10209
f 10208 10676 10675
f 352 351 4063
f 352 4063 4064
f 9426 4792 9427
f 9426 4791 4792
f 9425 9426 9429
f 9426 9427 9428
f 9429 9426 9428
f 9927 9421 9432
f 9421 9422 9432
f 9433 9928 9432
f 9928 9927 9432
f 10392 10391 9939
f 9940 10392 9939
f 9923 9932 9922
f 9932 9923 9931
f 9925 9419 9926
f 9419 9925 9418
f 6144 6142 6143
f 6142 6144 6145
f 6142 6145 6146
f 6141 6142 6146
f 13461 10373 13462
f 10373 10403 13462
f 10394 10380 10393
f 10380 10394 10379
f 9918 10386 9917
f 10387 10386 9918
f 9916 10386 10385
f 10386 9916 9917
f 10384 10387 10389
f 10383 10384 10391
f 10386 10384 10385
f 10390 10384 10389
f 10384 10390 10391
f 10384 10386 10387
f 9916 10384 9915
f 10384 9916 10385
f 10392 10382 10391
f 10382 10383 10391
f 10382 10380 10381
f 10380 10382 10393
f 10382 10392 10393
f 9456 4828 4829
f 9456 4829 9457
f 9456 4827 4828
f 9456 9455 4827
f 10388 9936 9937
f 10388 9937 10389
f 10388 10387 9919
f 10388 9919 9935
f 8827 8157 8828
f 8157 8158 8828
f 4361 4362 4363
f 4364 4361 4363
f 4361 13456 13457
f 4362 4361 13457
f 9400 9399 4770
f 9400 4770 4771
f 5416 5417 5418
f 5419 5416 5418
f 5415 5416 5419
f 7831 7830 7426
f 7427 7831 7426
f 12766 12767 12764
f 12766 12764 12765
f 10137 9636 9637
f 10138 10137 9637
f 8431 9090 8430
f 9090 9089 8430
f 13229 9087 13230
f 9087 9088 13230
f 9086 9087 13228
f 9087 13229 13228
f 9087 9086 8428
f 8429 9087 8428
f 9645 9646 9649
f 9648 9646 9647
f 9646 9648 9649
f 12747 12746 726
f 12746 725 726
f 4548 4551 4552
f 4548 4549 4550
f 4551 4548 4550
f 4557 4545 4556
f 4545 4557 4544
f 5058 5059 9696
f 9695 5058 9696
f 8510 8509 6515
f 8509 6514 6515
f 8509 9169 8508
f 9169 8509 9170
f 10674 10676 10665
f 10676 10674 10675
f 9928 9929 9927
f 9929 9925 9926
f 9927 9929 9926
f 10378 10396 10397
f 10377 10378 10397
f 8829 8831 8828
f 8829 8830 8831
f 8155 6127 6128
f 8156 8155 6128
f 8155 8825 8824
f 8154 8155 8824
f 8825 8155 8826
f 8155 8156 8826
f 6120 8146 6119
f 8146 8145 6119
f 5726 6441 5725
f 6441 6440 5725
f 6443 5729 5730
f 5729 6443 6442
f 12770 5726 12769
f 5726 12770 5727
f 10620 10621 10618
f 10620 10618 10619
f 9084 9085 13226
f 9085 13227 13226
f 9085 9086 13228
f 13227 9085 13228
f 4547 4553 4554
f 4547 4554 4546
f 4547 4548 4552
f 4553 4547 4552
f 13617 13619 13620
f 13619 13617 13618
f 9923 9930 9931
f 9930 9923 9924
f 9929 9930 9925
f 9925 9930 9924
f 6133 6134 8163
f 6134 8164 8163
f 6441 8455 6440
f 6440 8455 8454
f 5729 5728 12772
f 5728 12771 12772
f 5717 12757 5718
f 12757 5717 12756
f 11423 11422 11067
f 11422 11066 11067
f 10616 10622 10623
f 10622 10616 10617
f 10621 10622 10618
f 10618 10622 10617
f 9641 10141 9640
f 9640 10141 10140
f 10141 9642 10142
f 9642 9643 10142
f 11073 11074 11079
f 11074 11078 11079
f 11075 11074 4539
f 11074 4538 4539
f 11074 11077 11078
f 11074 11075 11077
f 10146 10620 10145
f 10620 10146 10621
f 6478 6477 5755
f 6477 5754 5755
f 5751 12796 5752
f 12796 5751 12795
f 6446 8455 6441
f 6446 6443 6444
f 6446 6441 6442
f 6443 6446 6442
f 6445 6446 6444
f 6446 6447 8455
f 9645 9650 9644
f 9644 9650 10142
f 6427 6426 5711
f 6427 5711 5712
f 3796 3797 3795
f 3797 3798 3795
