point_id,original_x,original_y,original_z,local_x,local_y,local_z,source_layer,source_handle,is_outlier
P00001,241676.2776,278222.223,27.938,-1734.678,-2688.5797,27.938,9-지형-POINT,3929B,False
P00002,241691.5646,278255.831,27.423,-1719.391,-2654.9717,27.423,9-지형-POINT,3929C,False
P00003,241631.5076,278217.041,34.07,-1779.448,-2693.7617,34.07,9-지형-POINT,3929D,False
P00004,241680.4496,278140.049,33.684,-1730.506,-2770.7537,33.684,9-지형-POINT,3929E,False
P00005,241653.5296,278086.035,36.71,-1757.426,-2824.7677,36.71,9-지형-POINT,3929F,False
P00006,241623.7646,278073.691,37.345,-1787.191,-2837.1117,37.345,9-지형-POINT,392A0,False
P00007,241581.9756,278024.471,34.543,-1828.98,-2886.3317,34.543,9-지형-POINT,392A1,False
P00008,241543.0516,277966.63,28.645,-1867.904,-2944.1727,28.645,9-지형-POINT,392A2,False
P00009,241512.7196,277944.312,26.078,-1898.236,-2966.4907,26.078,9-지형-POINT,392A3,False
P00010,241463.4866,277914.517,24.689,-1947.469,-2996.2857,24.689,9-지형-POINT,392A4,False
P00011,241380.0786,277943.477,32.866,-2030.877,-2967.3257,32.866,9-지형-POINT,392A5,False
P00012,241299.9596,277978.847,29.798,-2110.996,-2931.9557,29.798,9-지형-POINT,392A6,False
P00013,241243.7956,277986.697,25.06,-2167.16,-2924.1057,25.06,9-지형-POINT,392A7,False
P00014,241231.3706,277995.803,24.896,-2179.585,-2914.9997,24.896,9-지형-POINT,392A8,False
P00015,241200.6256,277989.777,16.36,-2210.33,-2921.0257,16.36,9-지형-POINT,392A9,False
P00016,241251.5116,278040.791,16.916,-2159.444,-2870.0117,16.916,9-지형-POINT,392AA,False
P00017,241274.2856,278085.202,17.66,-2136.67,-2825.6007,17.66,9-지형-POINT,392AB,False
P00018,241296.3736,278139.49,18.314,-2114.582,-2771.3127,18.314,9-지형-POINT,392AC,False
P00019,241328.4046,278176.491,27.85,-2082.551,-2734.3117,27.85,9-지형-POINT,392AD,False
P00020,241343.8716,278181.63,27.272,-2067.084,-2729.1727,27.272,9-지형-POINT,392AE,False
P00021,241606.4116,278191.59,37.924,-1804.544,-2719.2127,37.924,9-지형-POINT,392AF,False
P00022,241545.1016,278152.531,41.738,-1865.854,-2758.2717,41.738,9-지형-POINT,392B0,False
P00023,241490.2076,278131.779,39.548,-1920.748,-2779.0237,39.548,9-지형-POINT,392B1,False
P00024,241393.3156,278134.584,36.827,-2017.64,-2776.2187,36.827,9-지형-POINT,392B2,False
P00025,241351.0356,278081.284,35.805,-2059.92,-2829.5187,35.805,9-지형-POINT,392B3,False
P00026,241343.2276,278021.624,39.544,-2067.728,-2889.1787,39.544,9-지형-POINT,392B4,False
P00027,241666.9096,278222.808,27.65,-1744.046,-2687.9947,27.65,9-지형-POINT,392B5,False
P00028,241692.7496,278260.268,27.34,-1718.206,-2650.5347,27.34,9-지형-POINT,392B7,False
P00029,241700.2196,278246.758,27.58,-1710.736,-2664.0447,27.58,9-지형-POINT,392B9,False
P00030,241690.9896,278256.138,27.37,-1719.966,-2654.6647,27.37,9-지형-POINT,392BB,False
P00031,241666.0596,278224.678,26.66,-1744.896,-2686.1247,26.66,9-지형-POINT,392BD,False
P00032,241688.6096,278249.728,27.45,-1722.346,-2661.0747,27.45,9-지형-POINT,392BF,False
P00033,241694.0896,278229.748,27.88,-1716.866,-2681.0547,27.88,9-지형-POINT,392C1,False
P00034,241688.9996,278249.388,27.48,-1721.956,-2661.4147,27.48,9-지형-POINT,392C3,False
P00035,241646.2196,278242.468,24.78,-1764.736,-2668.3347,24.78,9-지형-POINT,392C5,False
P00036,241686.6696,278244.538,27.53,-1724.286,-2666.2647,27.53,9-지형-POINT,392C7,False
P00037,241690.7096,278220.658,28.03,-1720.246,-2690.1447,28.03,9-지형-POINT,392C9,False
P00038,241684.7096,278244.618,27.31,-1726.246,-2666.1847,27.31,9-지형-POINT,392CB,False
P00039,241682.9096,278245.638,27.07,-1728.046,-2665.1647,27.07,9-지형-POINT,392CD,False
P00040,241685.6396,278205.838,28.72,-1725.316,-2704.9647,28.72,9-지형-POINT,392CF,False
P00041,241682.2796,278246.518,27.04,-1728.676,-2664.2847,27.04,9-지형-POINT,392D1,False
P00042,241682.1396,278247.238,27.34,-1728.816,-2663.5647,27.34,9-지형-POINT,392D3,False
P00043,241627.3296,278270.038,24.1,-1783.626,-2640.7647,24.1,9-지형-POINT,392D5,False
P00044,241682.3996,278189.958,29.69,-1728.556,-2720.8447,29.69,9-지형-POINT,392D7,False
P00045,241685.6996,278250.008,27.71,-1725.256,-2660.7947,27.71,9-지형-POINT,392D9,False
P00046,241680.7696,278173.438,30.98,-1730.186,-2737.3647,30.98,9-지형-POINT,392DB,False
P00047,241688.7096,278256.248,27.6,-1722.246,-2654.5547,27.6,9-지형-POINT,392DD,False
P00048,241681.2796,278154.418,32.67,-1729.676,-2756.3847,32.67,9-지형-POINT,392DF,False
P00049,241634.0696,278263.638,24.32,-1776.886,-2647.1647,24.32,9-지형-POINT,392E1,False
P00050,241679.4396,278245.578,26.53,-1731.516,-2665.2247,26.53,9-지형-POINT,392E3,False
P00051,241675.5196,278245.588,25.91,-1735.436,-2665.2147,25.91,9-지형-POINT,392E5,False
P00052,241633.8996,278259.868,24.38,-1777.056,-2650.9347,24.38,9-지형-POINT,392E7,False
P00053,241682.0196,278141.578,33.41,-1728.936,-2769.2247,33.41,9-지형-POINT,392E9,False
P00054,241675.3896,278246.158,25.93,-1735.566,-2664.6447,25.93,9-지형-POINT,392EB,False
P00055,241642.4796,278253.168,24.47,-1768.476,-2657.6347,24.47,9-지형-POINT,392ED,False
P00056,241671.6596,278247.108,25.27,-1739.296,-2663.6947,25.27,9-지형-POINT,392EF,False
P00057,241644.8296,278250.838,24.47,-1766.126,-2659.9647,24.47,9-지형-POINT,392F1,False
P00058,241669.9496,278248.568,24.85,-1741.006,-2662.2347,24.85,9-지형-POINT,392F3,False
P00059,241670.6396,278249.498,24.62,-1740.316,-2661.3047,24.62,9-지형-POINT,392F5,False
P00060,241673.7896,278249.748,24.29,-1737.166,-2661.0547,24.29,9-지형-POINT,392F7,False
P00061,241647.5696,278246.058,24.51,-1763.386,-2664.7447,24.51,9-지형-POINT,392F9,False
P00062,241681.1096,278249.878,24.33,-1729.846,-2660.9247,24.33,9-지형-POINT,392FB,False
P00063,241650.1296,278245.208,24.7,-1760.826,-2665.5947,24.7,9-지형-POINT,392FD,False
P00064,241651.7096,278245.208,24.71,-1759.246,-2665.5947,24.71,9-지형-POINT,392FF,False
P00065,241651.6996,278243.828,24.78,-1759.256,-2666.9747,24.78,9-지형-POINT,39301,False
P00066,241682.4696,278252.748,24.24,-1728.486,-2658.0547,24.24,9-지형-POINT,39303,False
P00067,241670.6396,278175.518,30.99,-1740.316,-2735.2847,30.99,9-지형-POINT,39305,False
P00068,241670.0196,278182.818,30.39,-1740.936,-2727.9847,30.39,9-지형-POINT,39306,False
P00069,241686.1796,278263.598,24.25,-1724.776,-2647.2047,24.25,9-지형-POINT,39308,False
P00070,241654.4796,278254.058,24.45,-1756.476,-2656.7447,24.45,9-지형-POINT,3930A,False
P00071,241668.5096,278259.278,24.2,-1742.446,-2651.5247,24.2,9-지형-POINT,3930C,False
P00072,241662.6696,278241.568,25.27,-1748.286,-2669.2347,25.27,9-지형-POINT,3930E,False
P00073,241672.2496,278193.578,29.77,-1738.706,-2717.2247,29.77,9-지형-POINT,39310,False
P00074,241676.1796,278195.658,29.68,-1734.776,-2715.1447,29.68,9-지형-POINT,39312,False
P00075,241676.8996,278234.658,26.91,-1734.056,-2676.1447,26.91,9-지형-POINT,39314,False
P00076,241670.0696,278196.038,30.26,-1740.886,-2714.7647,30.26,9-지형-POINT,39316,False
P00077,241636.8996,278283.968,24.13,-1774.056,-2626.8347,24.13,9-지형-POINT,39318,False
P00078,241635.5596,278285.458,24.24,-1775.396,-2625.3447,24.24,9-지형-POINT,3931A,False
P00079,241668.8696,278198.888,30.12,-1742.086,-2711.9147,30.12,9-지형-POINT,3931C,False
P00080,241632.2696,278276.268,24.1,-1778.686,-2634.5347,24.1,9-지형-POINT,3931E,False
P00081,241630.2396,278276.708,24.2,-1780.716,-2634.0947,24.2,9-지형-POINT,39320,False
P00082,241642.8096,278241.258,27.81,-1768.146,-2669.5447,27.81,9-지형-POINT,39322,False
P00083,241628.9696,278275.058,24.17,-1781.986,-2635.7447,24.17,9-지형-POINT,39324,False
P00084,241641.5996,278237.618,27.79,-1769.356,-2673.1847,27.79,9-지형-POINT,39326,False
P00085,241673.4696,278201.598,29.32,-1737.486,-2709.2047,29.32,9-지형-POINT,39328,False
P00086,241630.0596,278273.278,24.08,-1780.896,-2637.5247,24.08,9-지형-POINT,3932A,False
P00087,241643.1596,278236.258,27.65,-1767.796,-2674.5447,27.65,9-지형-POINT,3932C,False
P00088,241675.4296,278209.718,28.86,-1735.526,-2701.0847,28.86,9-지형-POINT,3932E,False
P00089,241642.9896,278235.918,27.36,-1767.966,-2674.8847,27.36,9-지형-POINT,39330,False
P00090,241627.9096,278271.518,24.09,-1783.046,-2639.2847,24.09,9-지형-POINT,39332,False
P00091,241640.6896,278234.598,27.45,-1770.266,-2676.2047,27.45,9-지형-POINT,39334,False
P00092,241678.0136,278218.697,28.443,-1732.942,-2692.1057,28.443,9-지형-POINT,39336,False
P00093,241678.3696,278219.698,28.19,-1732.586,-2691.1047,28.19,9-지형-POINT,39337,False
P00094,241679.2196,278219.498,28.2,-1731.736,-2691.3047,28.2,9-지형-POINT,39339,False
P00095,241679.5896,278220.438,28.13,-1731.366,-2690.3647,28.13,9-지형-POINT,3933B,False
P00096,241678.7396,278220.648,28.12,-1732.216,-2690.1547,28.12,9-지형-POINT,3933C,False
P00097,241641.5396,278228.658,27.8,-1769.416,-2682.1447,27.8,9-지형-POINT,3933D,False
P00098,241626.5096,278272.878,24.17,-1784.446,-2637.9247,24.17,9-지형-POINT,3933F,False
P00099,241655.3796,278215.518,27.77,-1755.576,-2695.2847,27.77,9-지형-POINT,39341,False
P00100,241679.0396,278220.038,25.75,-1731.916,-2690.7647,25.75,9-지형-POINT,39343,False
P00101,241678.8696,278221.018,28.02,-1732.086,-2689.7847,28.02,9-지형-POINT,39345,False
P00102,241679.2596,278220.928,28.03,-1731.696,-2689.8747,28.03,9-지형-POINT,39346,False
P00103,241664.8996,278208.898,27.92,-1746.056,-2701.9047,27.92,9-지형-POINT,39348,False
P00104,241634.9096,278288.168,24.42,-1776.046,-2622.6347,24.42,9-지형-POINT,3934A,False
P00105,241683.6596,278234.238,27.58,-1727.296,-2676.5647,27.58,9-지형-POINT,3934C,False
P00106,241684.0996,278234.738,27.65,-1726.856,-2676.0647,27.65,9-지형-POINT,3934E,False
P00107,241684.3296,278235.698,27.63,-1726.626,-2675.1047,27.63,9-지형-POINT,3934F,False
P00108,241683.3896,278235.908,27.61,-1727.566,-2674.8947,27.61,9-지형-POINT,39351,False
P00109,241628.0196,278276.668,24.38,-1782.936,-2634.1347,24.38,9-지형-POINT,39352,False
P00110,241667.2996,278221.768,27.66,-1743.656,-2689.0347,27.66,9-지형-POINT,39354,False
P00111,241669.8996,278215.758,28.15,-1741.056,-2695.0447,28.15,9-지형-POINT,39356,False
P00112,241668.6296,278206.238,29.53,-1742.326,-2704.5647,29.53,9-지형-POINT,39358,False
P00113,241670.3696,278212.808,28.72,-1740.586,-2697.9947,28.72,9-지형-POINT,3935A,False
P00114,241669.3996,278203.078,29.68,-1741.556,-2707.7247,29.68,9-지형-POINT,3935C,False
P00115,241669.8196,278212.428,28.83,-1741.136,-2698.3747,28.83,9-지형-POINT,3935D,False
P00116,241664.9896,278202.628,29.79,-1745.966,-2708.1747,29.79,9-지형-POINT,3935F,False
P00117,241668.3996,278209.748,29.09,-1742.556,-2701.0547,29.09,9-지형-POINT,39361,False
P00118,241665.3096,278205.728,29.71,-1745.646,-2705.0747,29.71,9-지형-POINT,39363,False
P00119,241658.9896,278208.378,30.49,-1751.966,-2702.4247,30.49,9-지형-POINT,39365,False
P00120,241656.7996,278206.828,30.64,-1754.156,-2703.9747,30.64,9-지형-POINT,39367,False
P00121,241667.3896,278208.438,29.26,-1743.566,-2702.3647,29.26,9-지형-POINT,39369,False
P00122,241644.2796,278213.778,31.65,-1766.676,-2697.0247,31.65,9-지형-POINT,3936B,False
P00123,241665.9996,278205.928,29.58,-1744.956,-2704.8747,29.58,9-지형-POINT,3936D,False
P00124,241640.7496,278229.528,28.64,-1770.206,-2681.2747,28.64,9-지형-POINT,3936E,False
P00125,241641.3896,278218.348,32.36,-1769.566,-2692.4547,32.36,9-지형-POINT,39370,False
P00126,241667.7796,278206.108,29.62,-1743.176,-2704.6947,29.62,9-지형-POINT,39372,False
P00127,241635.5896,278218.628,33.33,-1775.366,-2692.1747,33.33,9-지형-POINT,39373,False
P00128,241640.3896,278235.438,27.24,-1770.566,-2675.3647,27.24,9-지형-POINT,39375,False
P00129,241640.2496,278215.378,32.35,-1770.706,-2695.4247,32.35,9-지형-POINT,39377,False
P00130,241669.3596,278202.868,29.71,-1741.596,-2707.9347,29.71,9-지형-POINT,39379,False
P00131,241635.0596,278214.958,33.52,-1775.896,-2695.8447,33.52,9-지형-POINT,3937B,False
P00132,241672.6896,278202.118,29.58,-1738.266,-2708.6847,29.58,9-지형-POINT,3937D,False
P00133,241632.2096,278217.358,33.83,-1778.746,-2693.4447,33.83,9-지형-POINT,3937F,False
P00134,241639.8996,278237.138,26.58,-1771.056,-2673.6647,26.58,9-지형-POINT,39381,False
P00135,241633.6396,278221.108,33.54,-1777.316,-2689.6947,33.54,9-지형-POINT,39383,False
P00136,241677.5096,278218.948,28.23,-1733.446,-2691.8547,28.23,9-지형-POINT,39385,False
P00137,241669.8896,278183.688,30.6,-1741.066,-2727.1147,30.6,9-지형-POINT,39387,False
P00138,241638.9596,278210.728,35.68,-1771.996,-2700.0747,35.68,9-지형-POINT,39389,False
P00139,241660.5796,278202.518,32.17,-1750.376,-2708.2847,32.17,9-지형-POINT,3938B,False
P00140,241647.5896,278203.618,35.51,-1763.366,-2707.1847,35.51,9-지형-POINT,3938D,False
P00141,241668.3496,278186.798,31.56,-1742.606,-2724.0047,31.56,9-지형-POINT,3938F,False
P00142,241660.1096,278196.128,34.39,-1750.846,-2714.6747,34.39,9-지형-POINT,39391,False
P00143,241650.1096,278191.868,40.08,-1760.846,-2718.9347,40.08,9-지형-POINT,39393,False
P00144,241660.1496,278184.178,38.37,-1750.806,-2726.6247,38.37,9-지형-POINT,39395,False
P00145,241664.1896,278187.288,34.49,-1746.766,-2723.5147,34.49,9-지형-POINT,39397,False
P00146,241651.7296,278180.118,44.18,-1759.226,-2730.6847,44.18,9-지형-POINT,39399,False
P00147,241642.0896,278238.408,25.03,-1768.866,-2672.3947,25.03,9-지형-POINT,3939B,False
P00148,241636.6196,278243.218,25.79,-1774.336,-2667.5847,25.79,9-지형-POINT,3939D,False
P00149,241628.7956,278276.163,24.37,-1782.16,-2634.6397,24.37,9-지형-POINT,3939F,False
P00150,241635.3796,278242.598,25.53,-1775.576,-2668.2047,25.53,9-지형-POINT,393A1,False
P00151,241622.2796,278271.718,24.37,-1788.676,-2639.0847,24.37,9-지형-POINT,393A3,False
P00152,241616.8496,278269.098,24.39,-1794.106,-2641.7047,24.39,9-지형-POINT,393A5,False
P00153,241617.4696,278268.498,24.38,-1793.486,-2642.3047,24.38,9-지형-POINT,393A7,False
P00154,241620.4996,278268.078,24.41,-1790.456,-2642.7247,24.41,9-지형-POINT,393A9,False
P00155,241621.2596,278268.368,24.05,-1789.696,-2642.4347,24.05,9-지형-POINT,393AB,False
P00156,241621.7396,278264.428,23.66,-1789.216,-2646.3747,23.66,9-지형-POINT,393AD,False
P00157,241620.1496,278258.298,24.36,-1790.806,-2652.5047,24.36,9-지형-POINT,393AF,False
P00158,241625.3196,278268.098,24.13,-1785.636,-2642.7047,24.13,9-지형-POINT,393B1,False
P00159,241618.5096,278259.938,24.13,-1792.446,-2650.8647,24.13,9-지형-POINT,393B3,False
P00160,241616.7096,278260.168,23.94,-1794.246,-2650.6347,23.94,9-지형-POINT,393B5,False
P00161,241620.2096,278264.928,23.97,-1790.746,-2645.8747,23.97,9-지형-POINT,393B7,False
P00162,241617.7496,278265.388,23.24,-1793.206,-2645.4147,23.24,9-지형-POINT,393B9,False
P00163,241615.1496,278268.298,21.2,-1795.806,-2642.5047,21.2,9-지형-POINT,393BB,False
P00164,241634.5396,278289.068,20.36,-1776.416,-2621.7347,20.36,9-지형-POINT,393BD,False
P00165,241612.6396,278275.768,17.36,-1798.316,-2635.0347,17.36,9-지형-POINT,393BF,False
P00166,241632.1596,278285.688,20.31,-1778.796,-2625.1147,20.31,9-지형-POINT,393C1,False
P00167,241607.3996,278270.148,19.48,-1803.556,-2640.6547,19.48,9-지형-POINT,393C3,False
P00168,241622.1996,278273.168,20.59,-1788.756,-2637.6347,20.59,9-지형-POINT,393C5,False
P00169,241621.0296,278272.168,20.46,-1789.926,-2638.6347,20.46,9-지형-POINT,393C7,False
P00170,241608.6296,278264.408,22.58,-1802.326,-2646.3947,22.58,9-지형-POINT,393C9,False
P00171,241616.6096,278275.708,20.7,-1794.346,-2635.0947,20.7,9-지형-POINT,393CB,False
P00172,241616.5996,278275.708,20.69,-1794.356,-2635.0947,20.69,9-지형-POINT,393CD,False
P00173,241598.9896,278257.758,24.34,-1811.966,-2653.0447,24.34,9-지형-POINT,393CE,False
P00174,241616.1096,278272.088,21.52,-1794.846,-2638.7147,21.52,9-지형-POINT,393D0,False
P00175,241614.9596,278274.268,21.5,-1795.996,-2636.5347,21.5,9-지형-POINT,393D2,False
P00176,241587.0796,278261.968,22.31,-1823.876,-2648.8347,22.31,9-지형-POINT,393D4,False
P00177,241573.5696,278258.128,22.84,-1837.386,-2652.6747,22.84,9-지형-POINT,393D6,False
P00178,241612.2896,278279.108,21.45,-1798.666,-2631.6947,21.45,9-지형-POINT,393D8,False
P00179,241612.1896,278279.818,21.46,-1798.766,-2630.9847,21.46,9-지형-POINT,393DA,False
P00180,241575.3496,278248.838,24.76,-1835.606,-2661.9647,24.76,9-지형-POINT,393DC,False
P00181,241616.3696,278280.858,21.51,-1794.586,-2629.9447,21.51,9-지형-POINT,393DE,False
P00182,241616.8896,278281.078,21.52,-1794.066,-2629.7247,21.52,9-지형-POINT,393E0,False
P00183,241619.9596,278283.588,21.52,-1790.996,-2627.2147,21.52,9-지형-POINT,393E2,False
P00184,241620.3296,278284.038,21.53,-1790.626,-2626.7647,21.53,9-지형-POINT,393E4,False
P00185,241550.3396,278253.528,19.32,-1860.616,-2657.2747,19.32,9-지형-POINT,393E6,False
P00186,241623.8296,278289.658,21.51,-1787.126,-2621.1447,21.51,9-지형-POINT,393E8,False
P00187,241627.4396,278295.848,21.52,-1783.516,-2614.9547,21.52,9-지형-POINT,393EA,False
P00188,241627.4596,278292.798,20.87,-1783.496,-2618.0047,20.87,9-지형-POINT,393EC,False
P00189,241633.4196,278292.658,21.54,-1777.536,-2618.1447,21.54,9-지형-POINT,393EE,False
P00190,241635.9596,278293.368,21.51,-1774.996,-2617.4347,21.51,9-지형-POINT,393F0,False
P00191,241683.2596,278142.048,33.23,-1727.696,-2768.7547,33.23,9-지형-POINT,393F2,False
P00192,241682.3996,278142.208,33.32,-1728.556,-2768.5947,33.32,9-지형-POINT,393F4,False
P00193,241670.0496,278182.918,30.42,-1740.906,-2727.8847,30.42,9-지형-POINT,393F6,False
P00194,241669.8596,278182.958,31.84,-1741.096,-2727.8447,31.84,9-지형-POINT,393F7,False
P00195,241670.7196,278175.568,31.05,-1740.236,-2735.2347,31.05,9-지형-POINT,393F9,False
P00196,241669.6396,278174.598,31.16,-1741.316,-2736.2047,31.16,9-지형-POINT,393FB,False
P00197,241669.5996,278174.648,33.0,-1741.356,-2736.1547,33.0,9-지형-POINT,393FD,False
P00198,241680.2896,278136.408,33.81,-1730.666,-2774.3947,33.81,9-지형-POINT,393FF,False
P00199,241669.7296,278162.358,32.09,-1741.226,-2748.4447,32.09,9-지형-POINT,39401,False
P00200,241669.7396,278162.318,34.65,-1741.216,-2748.4847,34.65,9-지형-POINT,39403,False
P00201,241659.8796,278174.748,40.85,-1751.076,-2736.0547,40.85,9-지형-POINT,39405,False
P00202,241670.5496,278155.238,32.52,-1740.406,-2755.5647,32.52,9-지형-POINT,39407,False
P00203,241669.6896,278153.028,32.71,-1741.266,-2757.7747,32.71,9-지형-POINT,39409,False
P00204,241669.6996,278152.948,35.28,-1741.256,-2757.8547,35.28,9-지형-POINT,3940B,False
P00205,241669.1196,278146.028,33.19,-1741.836,-2764.7747,33.19,9-지형-POINT,3940D,False
P00206,241669.1096,278146.118,35.75,-1741.846,-2764.6847,35.75,9-지형-POINT,3940F,False
P00207,241677.7596,278129.628,34.24,-1733.196,-2781.1747,34.24,9-지형-POINT,39411,False
P00208,241668.2396,278140.278,33.63,-1742.716,-2770.5247,33.63,9-지형-POINT,39413,False
P00209,241668.7696,278143.758,35.93,-1742.186,-2767.0447,35.93,9-지형-POINT,39415,False
P00210,241655.2096,278155.258,46.07,-1755.746,-2755.5447,46.07,9-지형-POINT,39417,False
P00211,241667.9796,278138.588,35.5,-1742.976,-2772.2147,35.5,9-지형-POINT,39419,False
P00212,241673.4396,278119.818,34.84,-1737.516,-2790.9847,34.84,9-지형-POINT,3941B,False
P00213,241667.0596,278131.448,34.24,-1743.896,-2779.3547,34.24,9-지형-POINT,3941D,False
P00214,241668.1796,278131.118,34.25,-1742.776,-2779.6847,34.25,9-지형-POINT,3941F,False
P00215,241668.7296,278109.238,35.35,-1742.226,-2801.5647,35.35,9-지형-POINT,39421,False
P00216,241660.4996,278146.698,43.6,-1750.456,-2764.1047,43.6,9-지형-POINT,39423,False
P00217,241666.7796,278130.238,34.93,-1744.176,-2780.5647,34.93,9-지형-POINT,39425,False
P00218,241666.3796,278102.698,35.71,-1744.576,-2808.1047,35.71,9-지형-POINT,39427,False
P00219,241662.7396,278117.708,35.26,-1748.216,-2793.0947,35.26,9-지형-POINT,39429,False
P00220,241663.8996,278093.458,36.08,-1747.056,-2817.3447,36.08,9-지형-POINT,3942B,False
P00221,241661.8496,278118.138,35.87,-1749.106,-2792.6647,35.87,9-지형-POINT,3942D,False
P00222,241656.6196,278133.348,43.02,-1754.336,-2777.4547,43.02,9-지형-POINT,3942F,False
P00223,241657.4396,278105.158,36.12,-1753.516,-2805.6447,36.12,9-지형-POINT,39431,False
P00224,241656.4796,278105.488,36.73,-1754.476,-2805.3147,36.73,9-지형-POINT,39433,False
P00225,241654.4996,278122.978,42.52,-1756.456,-2787.8247,42.52,9-지형-POINT,39435,False
P00226,241654.6096,278098.368,36.5,-1756.346,-2812.4347,36.5,9-지형-POINT,39437,False
P00227,241651.7896,278086.288,36.9,-1759.166,-2824.5147,36.9,9-지형-POINT,39439,False
P00228,241654.2796,278097.998,36.51,-1756.676,-2812.8047,36.51,9-지형-POINT,3943B,False
P00229,241654.0996,278088.218,36.7,-1756.856,-2822.5847,36.7,9-지형-POINT,3943D,False
P00230,241653.2896,278098.438,37.06,-1757.666,-2812.3647,37.06,9-지형-POINT,3943F,False
P00231,241654.1696,278081.708,36.66,-1756.786,-2829.0947,36.66,9-지형-POINT,39441,False
P00232,241655.4996,278072.688,36.69,-1755.456,-2838.1147,36.69,9-지형-POINT,39443,False
P00233,241653.3796,278096.128,36.6,-1757.576,-2814.6747,36.6,9-지형-POINT,39445,False
P00234,241652.5096,278096.648,36.96,-1758.446,-2814.1547,36.96,9-지형-POINT,39447,False
P00235,241654.1596,278102.948,36.89,-1756.796,-2807.8547,36.89,9-지형-POINT,39449,False
P00236,241637.0596,278105.908,44.87,-1773.896,-2804.8947,44.87,9-지형-POINT,3944B,False
P00237,241659.0196,278058.598,36.42,-1751.936,-2852.2047,36.42,9-지형-POINT,3944D,False
P00238,241642.3696,278120.148,46.87,-1768.586,-2790.6547,46.87,9-지형-POINT,3944F,False
P00239,241663.0696,278087.718,36.25,-1747.886,-2823.0847,36.25,9-지형-POINT,39451,False
P00240,241654.0396,278086.678,36.66,-1756.916,-2824.1247,36.66,9-지형-POINT,39453,False
P00241,241663.1696,278079.568,36.33,-1747.786,-2831.2347,36.33,9-지형-POINT,39455,False
P00242,241650.3996,278084.008,36.87,-1760.556,-2826.7947,36.87,9-지형-POINT,39457,False
P00243,241664.2996,278072.078,36.37,-1746.656,-2838.7247,36.37,9-지형-POINT,39459,False
P00244,241643.1296,278081.988,37.11,-1767.826,-2828.8147,37.11,9-지형-POINT,3945B,False
P00245,241665.9096,278064.438,36.27,-1745.046,-2846.3647,36.27,9-지형-POINT,3945D,False
P00246,241634.1396,278119.298,49.67,-1776.816,-2791.5047,49.67,9-지형-POINT,3945F,False
P00247,241633.9396,278079.328,37.28,-1777.016,-2831.4747,37.28,9-지형-POINT,39461,False
P00248,241648.9196,278062.728,37.17,-1762.036,-2848.0747,37.17,9-지형-POINT,39463,False
P00249,241628.3896,278077.008,37.39,-1782.566,-2833.7947,37.39,9-지형-POINT,39465,False
P00250,241643.8396,278077.078,37.52,-1767.116,-2833.7247,37.52,9-지형-POINT,39467,False
P00251,241623.9396,278104.108,48.14,-1787.016,-2806.6947,48.14,9-지형-POINT,39468,False
P00252,241623.2096,278073.908,37.32,-1787.746,-2836.8947,37.32,9-지형-POINT,3946A,False
P00253,241654.3396,278080.518,36.71,-1756.616,-2830.2847,36.71,9-지형-POINT,3946C,False
P00254,241650.1296,278080.118,37.02,-1760.826,-2830.6847,37.02,9-지형-POINT,3946E,False
P00255,241629.0996,278097.838,44.96,-1781.856,-2812.9647,44.96,9-지형-POINT,39470,False
P00256,241649.4596,278077.798,37.03,-1761.496,-2833.0047,37.03,9-지형-POINT,39472,False
P00257,241646.6096,278076.968,37.1,-1764.346,-2833.8347,37.1,9-지형-POINT,39474,False
P00258,241640.0496,278085.388,39.06,-1770.906,-2825.4147,39.06,9-지형-POINT,39476,False
P00259,241644.8696,278077.278,37.18,-1766.086,-2833.5247,37.18,9-지형-POINT,39478,False
P00260,241628.8256,278090.1,42.004,-1782.13,-2820.7027,42.004,9-지형-POINT,3947A,False
P00261,241625.0196,278083.368,40.6,-1785.936,-2827.4347,40.6,9-지형-POINT,3947C,False
P00262,241643.3196,278078.588,37.14,-1767.636,-2832.2147,37.14,9-지형-POINT,3947E,False
P00263,241643.7596,278075.628,37.59,-1767.196,-2835.1747,37.59,9-지형-POINT,39480,False
P00264,241613.5496,278079.458,42.38,-1797.406,-2831.3447,42.38,9-지형-POINT,39482,False
P00265,241643.0996,278077.368,37.63,-1767.856,-2833.4347,37.63,9-지형-POINT,39484,False
P00266,241643.8696,278077.648,37.39,-1767.086,-2833.1547,37.39,9-지형-POINT,39486,False
P00267,241639.1796,278077.088,37.48,-1771.776,-2833.7147,37.48,9-지형-POINT,39487,False
P00268,241597.6296,278076.998,46.57,-1813.326,-2833.8047,46.57,9-지형-POINT,39489,False
P00269,241639.0796,278077.638,37.33,-1771.876,-2833.1647,37.33,9-지형-POINT,3948B,False
P00270,241633.7796,278076.518,37.36,-1777.176,-2834.2847,37.36,9-지형-POINT,3948D,False
P00271,241633.7696,278076.538,37.36,-1777.186,-2834.2647,37.36,9-지형-POINT,3948F,False
P00272,241592.1996,278081.208,47.92,-1818.756,-2829.5947,47.92,9-지형-POINT,39490,False
P00273,241615.8596,278068.678,37.28,-1795.096,-2842.1247,37.28,9-지형-POINT,39492,False
P00274,241622.3896,278069.608,37.43,-1788.566,-2841.1947,37.43,9-지형-POINT,39494,False
P00275,241605.6696,278057.038,36.75,-1805.286,-2853.7647,36.75,9-지형-POINT,39496,False
P00276,241618.2996,278067.298,37.43,-1792.656,-2843.5047,37.43,9-지형-POINT,39498,False
P00277,241609.8496,278050.738,36.48,-1801.106,-2860.0647,36.48,9-지형-POINT,3949A,False
P00278,241608.0196,278055.518,36.94,-1802.936,-2855.2847,36.94,9-지형-POINT,3949C,False
P00279,241591.0996,278037.548,35.03,-1819.856,-2873.2547,35.03,9-지형-POINT,3949E,False
P00280,241596.2696,278040.038,35.24,-1814.686,-2870.7647,35.24,9-지형-POINT,394A0,False
P00281,241600.4396,278035.718,34.78,-1810.516,-2875.0847,34.78,9-지형-POINT,394A2,False
P00282,241600.5596,278049.638,36.08,-1810.396,-2861.1647,36.08,9-지형-POINT,394A4,False
P00283,241601.8496,278051.688,36.34,-1809.106,-2859.1147,36.34,9-지형-POINT,394A6,False
P00284,241612.4696,278074.268,41.85,-1798.486,-2836.5347,41.85,9-지형-POINT,394A8,False
P00285,241598.6096,278051.818,36.9,-1812.346,-2858.9847,36.9,9-지형-POINT,394AA,False
P00286,241585.5296,278027.998,34.72,-1825.426,-2882.8047,34.72,9-지형-POINT,394AC,False
P00287,241589.5296,278044.898,40.58,-1821.426,-2865.9047,40.58,9-지형-POINT,394AE,False
P00288,241580.2296,278022.648,34.4,-1830.726,-2888.1547,34.4,9-지형-POINT,394B0,False
P00289,241587.6796,278048.298,40.59,-1823.276,-2862.5047,40.59,9-지형-POINT,394B2,False
P00290,241578.3296,278024.568,34.32,-1832.626,-2886.2347,34.32,9-지형-POINT,394B4,False
P00291,241582.4896,278047.648,40.33,-1828.466,-2863.1547,40.33,9-지형-POINT,394B6,False
P00292,241567.4696,278009.618,32.6,-1843.486,-2901.1847,32.6,9-지형-POINT,394B8,False
P00293,241569.4796,278008.048,32.65,-1841.476,-2902.7547,32.65,9-지형-POINT,394BA,False
P00294,241581.9496,278035.968,39.42,-1829.006,-2874.8347,39.42,9-지형-POINT,394BC,False
P00295,241563.3496,277999.808,32.02,-1847.606,-2910.9947,32.02,9-지형-POINT,394BE,False
P00296,241561.1696,278001.238,31.95,-1849.786,-2909.5647,31.95,9-지형-POINT,394C0,False
P00297,241573.0696,278030.438,38.33,-1837.886,-2880.3647,38.33,9-지형-POINT,394C2,False
P00298,241573.5896,278025.678,37.88,-1837.366,-2885.1247,37.88,9-지형-POINT,394C4,False
P00299,241565.9296,277999.598,30.82,-1845.026,-2911.2047,30.82,9-지형-POINT,394C6,False
P00300,241565.9396,278020.758,37.4,-1845.016,-2890.0447,37.4,9-지형-POINT,394C8,False
P00301,241565.6296,278016.518,37.35,-1845.326,-2894.2847,37.35,9-지형-POINT,394CA,False
P00302,241559.8796,278017.498,37.45,-1851.076,-2893.3047,37.45,9-지형-POINT,394CC,False
P00303,241553.8296,277983.298,30.23,-1857.126,-2927.5047,30.23,9-지형-POINT,394CE,False
P00304,241551.3796,277984.828,30.17,-1859.576,-2925.9747,30.17,9-지형-POINT,394D0,False
P00305,241551.2896,278010.848,37.76,-1859.666,-2899.9547,37.76,9-지형-POINT,394D1,False
P00306,241557.4096,278011.508,37.59,-1853.546,-2899.2947,37.59,9-지형-POINT,394D3,False
P00307,241562.3996,277993.348,30.26,-1848.556,-2917.4547,30.26,9-지형-POINT,394D5,False
P00308,241565.8396,277988.828,30.13,-1845.116,-2921.9747,30.13,9-지형-POINT,394D7,False
P00309,241544.3996,278002.218,38.1,-1866.556,-2908.5847,38.1,9-지형-POINT,394D9,False
P00310,241551.3196,278004.648,37.61,-1859.636,-2906.1547,37.61,9-지형-POINT,394DB,False
P00311,241571.9196,277982.968,29.64,-1839.036,-2927.8347,29.64,9-지형-POINT,394DD,False
P00312,241579.0196,277990.038,29.98,-1831.936,-2920.7647,29.98,9-지형-POINT,394DF,False
P00313,241604.0296,278006.388,30.76,-1806.926,-2904.4147,30.76,9-지형-POINT,394E1,False
P00314,241610.1296,278010.278,31.05,-1800.826,-2900.5247,31.05,9-지형-POINT,394E3,False
P00315,241601.5496,278025.038,32.44,-1809.406,-2885.7647,32.44,9-지형-POINT,394E5,False
P00316,241576.1196,278016.968,33.61,-1834.836,-2893.8347,33.61,9-지형-POINT,394E7,False
P00317,241588.0096,278016.698,31.99,-1822.946,-2894.1047,31.99,9-지형-POINT,394E9,False
P00318,241580.6696,278016.918,33.74,-1830.286,-2893.8847,33.74,9-지형-POINT,394EB,False
P00319,241594.4196,278026.688,34.31,-1816.536,-2884.1147,34.31,9-지형-POINT,394ED,False
P00320,241578.8196,278014.688,32.41,-1832.136,-2896.1147,32.41,9-지형-POINT,394EF,False
P00321,241551.3096,277984.748,30.16,-1859.646,-2926.0547,30.16,9-지형-POINT,394F1,False
P00322,241553.8496,277983.178,30.25,-1857.106,-2927.6247,30.25,9-지형-POINT,394F3,False
P00323,241546.7896,277971.558,29.02,-1864.166,-2939.2447,29.02,9-지형-POINT,394F4,False
P00324,241544.6896,277973.118,28.94,-1866.266,-2937.6847,28.94,9-지형-POINT,394F6,False
P00325,241541.9296,277969.558,28.63,-1869.026,-2941.2447,28.63,9-지형-POINT,394F8,False
P00326,241544.1096,277967.908,28.71,-1866.846,-2942.8947,28.71,9-지형-POINT,394FA,False
P00327,241542.4096,277965.878,28.57,-1868.546,-2944.9247,28.57,9-지형-POINT,394FC,False
P00328,241538.4896,277966.268,28.37,-1872.466,-2944.5347,28.37,9-지형-POINT,394FE,False
P00329,241538.4696,277962.818,28.39,-1872.486,-2947.9847,28.39,9-지형-POINT,39500,False
P00330,241531.2296,277961.458,27.77,-1879.726,-2949.3447,27.77,9-지형-POINT,39502,False
P00331,241532.9396,277958.998,27.89,-1878.016,-2951.8047,27.89,9-지형-POINT,39504,False
P00332,241525.0496,277955.828,27.13,-1885.906,-2954.9747,27.13,9-지형-POINT,39506,False
P00333,241524.0996,277950.668,26.48,-1886.856,-2960.1347,26.48,9-지형-POINT,39508,False
P00334,241520.4396,277951.068,26.17,-1890.516,-2959.7347,26.17,9-지형-POINT,3950A,False
P00335,241518.3196,277950.088,26.11,-1892.636,-2960.7147,26.11,9-지형-POINT,3950C,False
P00336,241515.5196,277969.648,35.08,-1895.436,-2941.1547,35.08,9-지형-POINT,3950E,False
P00337,241523.7696,277948.278,25.7,-1887.186,-2962.5247,25.7,9-지형-POINT,39510,False
P00338,241507.1796,277950.218,28.23,-1903.776,-2960.5847,28.23,9-지형-POINT,39512,False
P00339,241535.7996,277945.228,24.88,-1875.156,-2965.5747,24.88,9-지형-POINT,39514,False
P00340,241534.3396,277942.428,24.78,-1876.616,-2968.3747,24.78,9-지형-POINT,39516,False
P00341,241527.9696,277943.568,25.11,-1882.986,-2967.2347,25.11,9-지형-POINT,39518,False
P00342,241525.7596,277944.238,25.3,-1885.196,-2966.5647,25.3,9-지형-POINT,3951A,False
P00343,241498.6596,277954.208,30.38,-1912.296,-2956.5947,30.38,9-지형-POINT,3951C,False
P00344,241531.1496,277939.628,23.93,-1879.806,-2971.1747,23.93,9-지형-POINT,3951E,False
P00345,241507.6196,277967.058,35.25,-1903.336,-2943.7447,35.25,9-지형-POINT,39520,False
P00346,241529.3696,277936.778,23.95,-1881.586,-2974.0247,23.95,9-지형-POINT,39522,False
P00347,241524.7796,277938.218,24.46,-1886.176,-2972.5847,24.46,9-지형-POINT,39524,False
P00348,241521.4896,277942.348,25.51,-1889.466,-2968.4547,25.51,9-지형-POINT,39526,False
P00349,241493.0396,277962.148,34.13,-1917.916,-2948.6547,34.13,9-지형-POINT,39528,False
P00350,241517.9096,277944.298,26.06,-1893.046,-2966.5047,26.06,9-지형-POINT,3952A,False
P00351,241514.9896,277944.718,26.12,-1895.966,-2966.0847,26.12,9-지형-POINT,3952C,False
P00352,241513.7996,277950.428,27.01,-1897.156,-2960.3747,27.01,9-지형-POINT,3952E,False
P00353,241511.6596,277947.848,26.16,-1899.296,-2962.9547,26.16,9-지형-POINT,39530,False
P00354,241492.9696,277957.278,34.81,-1917.986,-2953.5247,34.81,9-지형-POINT,39532,False
P00355,241511.8696,277943.988,26.04,-1899.086,-2966.8147,26.04,9-지형-POINT,39534,False
P00356,241494.8996,277947.478,29.42,-1916.056,-2963.3247,29.42,9-지형-POINT,39536,False
P00357,241508.6996,277942.278,25.89,-1902.256,-2968.5247,25.89,9-지형-POINT,39538,False
P00358,241506.9296,277945.078,25.88,-1904.026,-2965.7247,25.88,9-지형-POINT,3953A,False
P00359,241494.8496,277939.528,26.58,-1916.106,-2971.2747,26.58,9-지형-POINT,3953C,False
P00360,241479.1096,277961.218,34.81,-1931.846,-2949.5847,34.81,9-지형-POINT,3953E,False
P00361,241511.0096,277936.288,24.82,-1899.946,-2974.5147,24.82,9-지형-POINT,39540,False
P00362,241507.4896,277941.058,25.42,-1903.466,-2969.7447,25.42,9-지형-POINT,39542,False
P00363,241503.9996,277938.548,25.05,-1906.956,-2972.2547,25.05,9-지형-POINT,39544,False
P00364,241503.9996,277938.548,25.05,-1906.956,-2972.2547,25.05,9-지형-POINT,39546,False
P00365,241466.9496,277974.658,39.9,-1944.006,-2936.1447,39.9,9-지형-POINT,39548,False
P00366,241495.6996,277932.398,24.87,-1915.256,-2978.4047,24.87,9-지형-POINT,3954A,False
P00367,241496.5496,277931.398,24.92,-1914.406,-2979.4047,24.92,9-지형-POINT,3954C,False
P00368,241496.6096,277934.188,25.06,-1914.346,-2976.6147,25.06,9-지형-POINT,3954E,False
P00369,241493.4196,277936.148,25.13,-1917.536,-2974.6547,25.13,9-지형-POINT,39550,False
P00370,241497.0596,277933.268,25.04,-1913.896,-2977.5347,25.04,9-지형-POINT,39552,False
P00371,241494.3896,277929.598,24.67,-1916.566,-2981.2047,24.67,9-지형-POINT,39554,False
P00372,241460.0196,277968.628,39.81,-1950.936,-2942.1747,39.81,9-지형-POINT,39556,False
P00373,241492.3396,277931.538,25.01,-1918.616,-2979.2647,25.01,9-지형-POINT,39558,False
P00374,241492.3196,277931.568,25.01,-1918.636,-2979.2347,25.01,9-지형-POINT,3955A,False
P00375,241492.0496,277931.698,24.5,-1918.906,-2979.1047,24.5,9-지형-POINT,3955B,False
P00376,241491.8096,277931.948,25.04,-1919.146,-2978.8547,25.04,9-지형-POINT,3955C,False
P00377,241489.0126,277935.587,25.803,-1921.943,-2975.2157,25.803,9-지형-POINT,3955E,False
P00378,241481.7896,277928.398,24.92,-1929.166,-2982.4047,24.92,9-지형-POINT,39560,False
P00379,241477.9596,277921.388,24.81,-1932.996,-2989.4147,24.81,9-지형-POINT,39562,False
P00380,241477.1496,277919.188,24.13,-1933.806,-2991.6147,24.13,9-지형-POINT,39564,False
P00381,241453.9296,277952.988,35.26,-1957.026,-2957.8147,35.26,9-지형-POINT,39566,False
P00382,241472.7296,277922.518,25.41,-1938.226,-2988.2847,25.41,9-지형-POINT,39568,False
P00383,241471.8496,277921.528,25.38,-1939.106,-2989.2747,25.38,9-지형-POINT,3956A,False
P00384,241470.9896,277922.218,25.4,-1939.966,-2988.5847,25.4,9-지형-POINT,3956B,False
P00385,241483.7696,277914.568,23.31,-1927.186,-2996.2347,23.31,9-지형-POINT,3956D,False
P00386,241456.7296,277952.088,34.45,-1954.226,-2958.7147,34.45,9-지형-POINT,3956F,False
P00387,241477.8196,277921.388,24.81,-1933.136,-2989.4147,24.81,9-지형-POINT,39571,False
P00388,241472.0496,277922.078,23.09,-1938.906,-2988.7247,23.09,9-지형-POINT,39572,False
P00389,241472.7296,277917.358,24.49,-1938.226,-2993.4447,24.49,9-지형-POINT,39573,False
P00390,241471.5796,277922.928,25.47,-1939.376,-2987.8747,25.47,9-지형-POINT,39575,False
P00391,241471.1796,277922.398,25.46,-1939.776,-2988.4047,25.46,9-지형-POINT,39576,False
P00392,241446.6096,277944.868,33.54,-1964.346,-2965.9347,33.54,9-지형-POINT,39578,False
P00393,241470.7296,277919.978,24.58,-1940.226,-2990.8247,24.58,9-지형-POINT,3957A,False
P00394,241474.8496,277918.928,24.57,-1936.106,-2991.8747,24.57,9-지형-POINT,3957C,False
P00395,241463.3296,277928.428,27.95,-1947.626,-2982.3747,27.95,9-지형-POINT,3957E,False
P00396,241463.7596,277928.988,27.96,-1947.196,-2981.8147,27.96,9-지형-POINT,39580,False
P00397,241484.1996,277913.248,23.86,-1926.756,-2997.5547,23.86,9-지형-POINT,39582,False
P00398,241466.8496,277929.848,27.95,-1944.106,-2980.9547,27.95,9-지형-POINT,39584,False
P00399,241448.2696,277937.618,30.3,-1962.686,-2973.1847,30.3,9-지형-POINT,39586,False
P00400,241472.5596,277927.278,27.58,-1938.396,-2983.5247,27.58,9-지형-POINT,39588,False
P00401,241484.8996,277906.348,23.88,-1926.056,-3004.4547,23.88,9-지형-POINT,3958A,False
P00402,241478.7296,277933.188,27.75,-1932.226,-2977.6147,27.75,9-지형-POINT,3958C,False
P00403,241482.7796,277902.938,23.59,-1928.176,-3007.8647,23.59,9-지형-POINT,3958E,False
P00404,241478.8996,277895.958,23.57,-1932.056,-3014.8447,23.57,9-지형-POINT,39590,False
P00405,241471.2496,277938.128,28.85,-1939.706,-2972.6747,28.85,9-지형-POINT,39592,False
P00406,241470.5496,277911.028,24.4,-1940.406,-2999.7747,24.4,9-지형-POINT,39594,False
P00407,241470.1096,277910.698,24.19,-1940.846,-3000.1047,24.19,9-지형-POINT,39595,False
P00408,241469.2396,277912.108,24.25,-1941.716,-2998.6947,24.25,9-지형-POINT,39597,False
P00409,241461.7496,277938.028,29.27,-1949.206,-2972.7747,29.27,9-지형-POINT,39599,False
P00410,241461.7196,277938.018,29.27,-1949.236,-2972.7847,29.27,9-지형-POINT,3959B,False
P00411,241469.6896,277914.138,24.36,-1941.266,-2996.6647,24.36,9-지형-POINT,3959C,False
P00412,241470.6096,277915.088,24.39,-1940.346,-2995.7147,24.39,9-지형-POINT,3959E,False
P00413,241471.5696,277916.058,24.44,-1939.386,-2994.7447,24.44,9-지형-POINT,395A0,False
P00414,241456.7196,277932.968,28.94,-1954.236,-2977.8347,28.94,9-지형-POINT,395A2,False
P00415,241449.2956,277914.244,25.566,-1961.66,-2996.5587,25.566,9-지형-POINT,395A4,False
P00416,241466.5096,277917.628,24.71,-1944.446,-2993.1747,24.71,9-지형-POINT,395A5,False
P00417,241466.5196,277917.658,24.71,-1944.436,-2993.1447,24.71,9-지형-POINT,395A7,False
P00418,241464.3396,277916.408,24.66,-1946.616,-2994.3947,24.66,9-지형-POINT,395A8,False
P00419,241457.9296,277908.808,24.71,-1953.026,-3001.9947,24.71,9-지형-POINT,395AA,False
P00420,241456.0096,277908.988,24.68,-1954.946,-3001.8147,24.68,9-지형-POINT,395AC,False
P00421,241460.9596,277916.478,24.86,-1949.996,-2994.3247,24.86,9-지형-POINT,395AE,False
P00422,241454.2596,277908.088,24.52,-1956.696,-3002.7147,24.52,9-지형-POINT,395B0,False
P00423,241456.3596,277920.778,25.58,-1954.596,-2990.0247,25.58,9-지형-POINT,395B2,False
P00424,241455.8496,277906.848,24.65,-1955.106,-3003.9547,24.65,9-지형-POINT,395B4,False
P00425,241455.6696,277907.448,24.73,-1955.286,-3003.3547,24.73,9-지형-POINT,395B6,False
P00426,241453.3996,277925.048,26.07,-1957.556,-2985.7547,26.07,9-지형-POINT,395B8,False
P00427,241449.2296,277902.658,23.63,-1961.726,-3008.1447,23.63,9-지형-POINT,395BA,False
P00428,241446.6496,277904.718,23.37,-1964.306,-3006.0847,23.37,9-지형-POINT,395BC,False
P00429,241446.5796,277925.408,26.7,-1964.376,-2985.3947,26.7,9-지형-POINT,395BE,False
P00430,241450.0696,277909.668,24.83,-1960.886,-3001.1347,24.83,9-지형-POINT,395C0,False
P00431,241446.2696,277924.648,26.42,-1964.686,-2986.1547,26.42,9-지형-POINT,395C2,False
P00432,241450.4296,277912.218,25.25,-1960.526,-2998.5847,25.25,9-지형-POINT,395C4,False
P00433,241444.4496,277928.508,27.07,-1966.506,-2982.2947,27.07,9-지형-POINT,395C6,False
P00434,241448.8996,277914.248,25.6,-1962.056,-2996.5547,25.6,9-지형-POINT,395C8,False
P00435,241437.2296,277933.568,28.14,-1973.726,-2977.2347,28.14,9-지형-POINT,395CA,False
P00436,241434.8296,277921.598,27.42,-1976.126,-2989.2047,27.42,9-지형-POINT,395CC,False
P00437,241438.8396,277935.158,28.37,-1972.116,-2975.6447,28.37,9-지형-POINT,395CE,False
P00438,241427.7896,277924.328,28.4,-1983.166,-2986.4747,28.4,9-지형-POINT,395D0,False
P00439,241437.3696,277933.738,28.05,-1973.586,-2977.0647,28.05,9-지형-POINT,395D2,False
P00440,241433.7596,277935.168,30.51,-1977.196,-2975.6347,30.51,9-지형-POINT,395D4,False
P00441,241421.5676,277926.271,29.285,-1989.388,-2984.5317,29.285,9-지형-POINT,395D6,False
P00442,241428.0696,277936.648,29.21,-1982.886,-2974.1547,29.21,9-지형-POINT,395D8,False
P00443,241433.1896,277930.958,28.11,-1977.766,-2979.8447,28.11,9-지형-POINT,395DA,False
P00444,241422.3396,277938.658,35.63,-1988.616,-2972.1447,35.63,9-지형-POINT,395DC,False
P00445,241427.5996,277932.578,28.84,-1983.356,-2978.2247,28.84,9-지형-POINT,395DE,False
P00446,241422.4096,277933.808,29.5,-1988.546,-2976.9947,29.5,9-지형-POINT,395E0,False
P00447,241423.1096,277936.798,29.85,-1987.846,-2974.0047,29.85,9-지형-POINT,395E2,False
P00448,241409.0896,277939.258,38.0,-2001.866,-2971.5447,38.0,9-지형-POINT,395E4,False
P00449,241421.7196,277937.978,30.01,-1989.236,-2972.8247,30.01,9-지형-POINT,395E6,False
P00450,241443.2796,277939.528,30.98,-1967.676,-2971.2747,30.98,9-지형-POINT,395E8,False
P00451,241415.2796,277934.948,30.3,-1995.676,-2975.8547,30.3,9-지형-POINT,395EA,False
P00452,241416.3296,277938.708,30.55,-1994.626,-2972.0947,30.55,9-지형-POINT,395EC,False
P00453,241418.6796,277926.288,29.63,-1992.276,-2984.5147,29.63,9-지형-POINT,395EE,False
P00454,241436.7796,277941.238,32.72,-1974.176,-2969.5647,32.72,9-지형-POINT,395F0,False
P00455,241426.2496,277938.098,29.39,-1984.706,-2972.7047,29.39,9-지형-POINT,395F2,False
P00456,241400.8496,277928.418,31.43,-2010.106,-2982.3847,31.43,9-지형-POINT,395F4,False
P00457,241413.0596,277935.808,30.78,-1997.896,-2974.9947,30.78,9-지형-POINT,395F6,False
P00458,241392.0796,277931.058,32.15,-2018.876,-2979.7447,32.15,9-지형-POINT,395F8,False
P00459,241411.6996,277936.908,30.92,-1999.256,-2973.8947,30.92,9-지형-POINT,395FA,False
P00460,241382.5996,277934.198,32.59,-2028.356,-2976.6047,32.59,9-지형-POINT,395FC,False
P00461,241402.9796,277936.108,31.42,-2007.976,-2974.6947,31.42,9-지형-POINT,395FE,False
P00462,241431.2896,277943.078,34.6,-1979.666,-2967.7247,34.6,9-지형-POINT,39600,False
P00463,241403.8496,277938.548,31.67,-2007.106,-2972.2547,31.67,9-지형-POINT,39602,False
P00464,241392.9996,277939.098,32.14,-2017.956,-2971.7047,32.14,9-지형-POINT,39604,False
P00465,241402.8396,277940.078,31.8,-2008.116,-2970.7247,31.8,9-지형-POINT,39607,False
P00466,241383.8896,277942.208,32.58,-2027.066,-2968.5947,32.58,9-지형-POINT,39608,False
P00467,241382.4096,277943.578,32.86,-2028.546,-2967.2247,32.86,9-지형-POINT,3960A,False
P00468,241386.1796,277945.538,32.74,-2024.776,-2965.2647,32.74,9-지형-POINT,3960C,False
P00469,241376.0896,277949.018,33.14,-2034.866,-2961.7847,33.14,9-지형-POINT,3960E,False
P00470,241364.6696,277953.998,33.2,-2046.286,-2956.8047,33.2,9-지형-POINT,39610,False
P00471,241425.4196,277945.688,37.55,-1985.536,-2965.1147,37.55,9-지형-POINT,39612,False
P00472,241359.5996,277957.518,33.24,-2051.356,-2953.2847,33.24,9-지형-POINT,39614,False
P00473,241358.1896,277955.518,32.91,-2052.766,-2955.2847,32.91,9-지형-POINT,39616,False
P00474,241355.3396,277947.918,32.9,-2055.616,-2962.8847,32.9,9-지형-POINT,39618,False
P00475,241416.8896,277949.008,42.13,-1994.066,-2961.7947,42.13,9-지형-POINT,3961A,False
P00476,241411.5496,277950.348,44.47,-1999.406,-2960.4547,44.47,9-지형-POINT,3961C,False
P00477,241405.7096,277950.838,45.82,-2005.246,-2959.9647,45.82,9-지형-POINT,3961E,False
P00478,241399.6896,277956.708,47.75,-2011.266,-2954.0947,47.75,9-지형-POINT,39620,False
P00479,241394.9926,277959.32,47.965,-2015.963,-2951.4827,47.965,9-지형-POINT,39622,False
P00480,241399.8396,277952.448,46.78,-2011.116,-2958.3547,46.78,9-지형-POINT,39624,False
P00481,241393.9096,277954.498,46.48,-2017.046,-2956.3047,46.48,9-지형-POINT,39626,False
P00482,241381.1666,277935.488,32.677,-2029.789,-2975.3147,32.677,9-지형-POINT,39628,False
P00483,241400.9796,277940.688,38.59,-2009.976,-2970.1147,38.59,9-지형-POINT,3962A,False
P00484,241370.6196,277953.578,37.28,-2040.336,-2957.2247,37.28,9-지형-POINT,3962C,False
P00485,241388.6096,277944.698,39.29,-2022.346,-2966.1047,39.29,9-지형-POINT,3962E,False
P00486,241353.1096,277962.448,36.13,-2057.846,-2948.3547,36.13,9-지형-POINT,39630,False
P00487,241345.8196,277952.758,32.76,-2065.136,-2958.0447,32.76,9-지형-POINT,39632,False
P00488,241349.5496,277964.048,33.04,-2061.406,-2946.7547,33.04,9-지형-POINT,39634,False
P00489,241354.4896,277958.108,33.05,-2056.466,-2952.6947,33.05,9-지형-POINT,39636,False
P00490,241349.6196,277959.878,32.78,-2061.336,-2950.9247,32.78,9-지형-POINT,39638,False
P00491,241327.9996,277968.738,31.92,-2082.956,-2942.0647,31.92,9-지형-POINT,3963A,False
P00492,241328.6096,277967.028,31.9,-2082.346,-2943.7747,31.9,9-지형-POINT,3963C,False
P00493,241318.3496,277974.328,31.29,-2092.606,-2936.4747,31.29,9-지형-POINT,3963E,False
P00494,241313.6996,277972.008,30.85,-2097.256,-2938.7947,30.85,9-지형-POINT,39640,False
P00495,241320.7055,277973.6946,0.0,-2090.2501,-2937.1081,0.0,9-지형-POINT,39642,False
P00496,241318.0996,277975.158,31.1,-2092.856,-2935.6447,31.1,9-지형-POINT,39644,False
P00497,241317.9796,277974.878,31.06,-2092.976,-2935.9247,31.06,9-지형-POINT,39645,False
P00498,241330.4996,277970.788,33.85,-2080.456,-2940.0147,33.85,9-지형-POINT,39646,False
P00499,241375.2696,277964.418,44.51,-2035.686,-2946.3847,44.51,9-지형-POINT,39648,False
P00500,241360.9196,277969.968,42.34,-2050.036,-2940.8347,42.34,9-지형-POINT,3964A,False
P00501,241349.3796,277974.188,41.07,-2061.576,-2936.6147,41.07,9-지형-POINT,3964C,False
P00502,241318.4996,277973.848,31.13,-2092.456,-2936.9547,31.13,9-지형-POINT,3964E,False
P00503,241318.1396,277975.298,31.21,-2092.816,-2935.5047,31.21,9-지형-POINT,39650,False
P00504,241317.7496,277974.318,31.16,-2093.206,-2936.4847,31.16,9-지형-POINT,39652,False
P00505,241316.5796,277974.708,31.15,-2094.376,-2936.0947,31.15,9-지형-POINT,39654,False
P00506,241317.5496,277975.048,30.05,-2093.406,-2935.7547,30.05,9-지형-POINT,39655,False
P00507,241341.0496,277975.428,39.17,-2069.906,-2935.3747,39.17,9-지형-POINT,39657,False
P00508,241316.8796,277975.798,31.2,-2094.076,-2935.0047,31.2,9-지형-POINT,39659,False
P00509,241297.9996,277967.898,29.49,-2112.956,-2942.9047,29.49,9-지형-POINT,3965B,False
P00510,241313.9096,277973.738,30.9,-2097.046,-2937.0647,30.9,9-지형-POINT,3965D,False
P00511,241306.6796,277974.978,30.35,-2104.276,-2935.8247,30.35,9-지형-POINT,3965F,False
P00512,241325.3996,277981.548,39.27,-2085.556,-2929.2547,39.27,9-지형-POINT,39661,False
P00513,241305.1596,277978.238,30.14,-2105.796,-2932.5647,30.14,9-지형-POINT,39663,False
P00514,241307.1596,277980.978,30.25,-2103.796,-2929.8247,30.25,9-지형-POINT,39665,False
P00515,241303.7196,277975.098,30.12,-2107.236,-2935.7047,30.12,9-지형-POINT,39667,False
P00516,241303.1996,277974.698,29.83,-2107.756,-2936.1047,29.83,9-지형-POINT,39668,False
P00517,241302.2896,277975.218,29.74,-2108.666,-2935.5847,29.74,9-지형-POINT,3966A,False
P00518,241295.7496,277978.478,29.37,-2115.206,-2932.3247,29.37,9-지형-POINT,3966C,False
P00519,241316.6196,277985.178,35.63,-2094.336,-2925.6247,35.63,9-지형-POINT,3966E,False
P00520,241296.5596,277980.998,29.35,-2114.396,-2929.8047,29.35,9-지형-POINT,39670,False
P00521,241298.0196,277985.748,29.79,-2112.936,-2925.0547,29.79,9-지형-POINT,39672,False
P00522,241297.5696,277984.508,29.68,-2113.386,-2926.2947,29.68,9-지형-POINT,39674,False
P00523,241311.9696,277987.468,35.26,-2098.986,-2923.3347,35.26,9-지형-POINT,39676,False
P00524,241296.1096,277984.918,29.6,-2114.846,-2925.8847,29.6,9-지형-POINT,39678,False
P00525,241281.5896,277979.788,28.33,-2129.366,-2931.0147,28.33,9-지형-POINT,3967A,False
P00526,241305.5296,277991.168,34.33,-2105.426,-2919.6347,34.33,9-지형-POINT,3967C,False
P00527,241280.2396,277983.578,28.71,-2130.716,-2927.2247,28.71,9-지형-POINT,3967E,False
P00528,241280.2096,277983.568,28.71,-2130.746,-2927.2347,28.71,9-지형-POINT,39680,False
P00529,241290.8396,277968.438,28.82,-2120.116,-2942.3647,28.82,9-지형-POINT,39681,False
P00530,241299.8896,277992.898,33.57,-2111.066,-2917.9047,33.57,9-지형-POINT,39683,False
P00531,241278.5696,277982.588,28.5,-2132.386,-2928.2147,28.5,9-지형-POINT,39685,False
P00532,241288.0996,277968.188,28.55,-2122.856,-2942.6147,28.55,9-지형-POINT,39687,False
P00533,241296.0996,277992.758,32.87,-2114.856,-2918.0447,32.87,9-지형-POINT,39689,False
P00534,241271.7096,277979.908,27.82,-2139.246,-2930.8947,27.82,9-지형-POINT,3968B,False
P00535,241272.4696,277980.828,27.85,-2138.486,-2929.9747,27.85,9-지형-POINT,3968D,False
P00536,241273.4096,277979.808,27.86,-2137.546,-2930.9947,27.86,9-지형-POINT,3968F,False
P00537,241284.8396,277967.138,28.21,-2126.116,-2943.6647,28.21,9-지형-POINT,39690,False
P00538,241291.1396,277991.078,31.81,-2119.816,-2919.7247,31.81,9-지형-POINT,39692,False
P00539,241272.5696,277979.778,26.59,-2138.386,-2931.0247,26.59,9-지형-POINT,39694,False
P00540,241283.2996,277966.178,28.01,-2127.656,-2944.6247,28.01,9-지형-POINT,39696,False
P00541,241285.1996,277988.188,30.35,-2125.756,-2922.6147,30.35,9-지형-POINT,39698,False
P00542,241271.3896,277973.858,27.35,-2139.566,-2936.9447,27.35,9-지형-POINT,3969A,False
P00543,241275.3396,277958.958,26.76,-2135.616,-2951.8447,26.76,9-지형-POINT,3969C,False
P00544,241264.5296,277972.728,26.47,-2146.426,-2938.0747,26.47,9-지형-POINT,3969E,False
P00545,241278.5296,277984.518,28.88,-2132.426,-2926.2847,28.88,9-지형-POINT,396A0,False
P00546,241266.9096,277971.118,26.78,-2144.046,-2939.6847,26.78,9-지형-POINT,396A2,False
P00547,241271.2996,277954.408,26.16,-2139.656,-2956.3947,26.16,9-지형-POINT,396A4,False
P00548,241275.0696,277982.118,28.07,-2135.886,-2928.6847,28.07,9-지형-POINT,396A6,False
P00549,241264.1196,277967.118,26.18,-2146.836,-2943.6847,26.18,9-지형-POINT,396A8,False
P00550,241255.2496,277962.338,25.13,-2155.706,-2948.4647,25.13,9-지형-POINT,396AA,False
P00551,241273.0396,277980.348,27.68,-2137.916,-2930.4547,27.68,9-지형-POINT,396AC,False
P00552,241272.8196,277980.608,27.68,-2138.136,-2930.1947,27.68,9-지형-POINT,396AE,False
P00553,241252.7996,277964.558,25.33,-2158.156,-2946.2447,25.33,9-지형-POINT,396AF,False
P00554,241260.9996,277969.098,26.09,-2149.956,-2941.7047,26.09,9-지형-POINT,396B1,False
P00555,241252.4196,277965.438,25.22,-2158.536,-2945.3647,25.22,9-지형-POINT,396B3,False
P00556,241269.8396,277976.478,27.37,-2141.116,-2934.3247,27.37,9-지형-POINT,396B5,False
P00557,241258.9696,277971.918,25.52,-2151.986,-2938.8847,25.52,9-지형-POINT,396B7,False
P00558,241261.8796,277969.408,26.1,-2149.076,-2941.3947,26.1,9-지형-POINT,396B9,False
P00559,241273.7196,277984.358,28.41,-2137.236,-2926.4447,28.41,9-지형-POINT,396BB,False
P00560,241247.3496,277965.498,25.01,-2163.606,-2945.3047,25.01,9-지형-POINT,396BD,False
P00561,241248.1096,277964.368,25.02,-2162.846,-2946.4347,25.02,9-지형-POINT,396BF,False
P00562,241281.8996,277992.598,31.13,-2129.056,-2918.2047,31.13,9-지형-POINT,396C1,False
P00563,241236.0396,277957.798,24.87,-2174.916,-2953.0047,24.87,9-지형-POINT,396C3,False
P00564,241288.5796,277997.518,32.88,-2122.376,-2913.2847,32.88,9-지형-POINT,396C5,False
P00565,241240.2996,277959.128,24.86,-2170.656,-2951.6747,24.86,9-지형-POINT,396C7,False
P00566,241237.1596,277955.628,24.87,-2173.796,-2955.1747,24.87,9-지형-POINT,396C9,False
P00567,241245.0096,277962.208,24.85,-2165.946,-2948.5947,24.85,9-지형-POINT,396CB,False
P00568,241247.8396,277966.538,25.01,-2163.116,-2944.2647,25.01,9-지형-POINT,396CD,False
P00569,241248.3796,277969.348,24.97,-2162.576,-2941.4547,24.97,9-지형-POINT,396CF,False
P00570,241248.2596,277970.088,24.84,-2162.696,-2940.7147,24.84,9-지형-POINT,396D1,False
P00571,241289.1996,278008.248,32.29,-2121.756,-2902.5547,32.29,9-지형-POINT,396D3,False
P00572,241257.0896,277973.368,25.38,-2153.866,-2937.4347,25.38,9-지형-POINT,396D5,False
P00573,241250.4296,277976.088,25.19,-2160.526,-2934.7147,25.19,9-지형-POINT,396D7,False
P00574,241263.6096,277973.668,26.15,-2147.346,-2937.1347,26.15,9-지형-POINT,396D9,False
P00575,241291.7996,278018.088,32.36,-2119.156,-2892.7147,32.36,9-지형-POINT,396DB,False
P00576,241266.3996,277976.978,25.63,-2144.556,-2933.8247,25.63,9-지형-POINT,396DD,False
P00577,241246.8196,277980.758,25.08,-2164.136,-2930.0447,25.08,9-지형-POINT,396DF,False
P00578,241265.1296,277975.828,25.69,-2145.826,-2934.9747,25.69,9-지형-POINT,396E1,False
P00579,241292.6696,278024.358,32.47,-2118.286,-2886.4447,32.47,9-지형-POINT,396E3,False
P00580,241267.4296,277986.928,25.25,-2143.526,-2923.8747,25.25,9-지형-POINT,396E5,False
P00581,241234.0896,277990.848,24.92,-2176.866,-2919.9547,24.92,9-지형-POINT,396E7,False
P00582,241259.4896,277992.138,25.12,-2151.466,-2918.6647,25.12,9-지형-POINT,396E9,False
P00583,241231.7096,277993.508,24.76,-2179.246,-2917.2947,24.76,9-지형-POINT,396EB,False
P00584,241269.1196,277997.888,25.15,-2141.836,-2912.9147,25.15,9-지형-POINT,396ED,False
P00585,241233.9796,277991.978,24.91,-2176.976,-2918.8247,24.91,9-지형-POINT,396EF,False
P00586,241270.6996,278001.948,25.34,-2140.256,-2908.8547,25.34,9-지형-POINT,396F1,False
P00587,241276.8996,278032.188,25.87,-2134.056,-2878.6147,25.87,9-지형-POINT,396F3,False
P00588,241270.5596,278008.118,25.29,-2140.396,-2902.6847,25.29,9-지형-POINT,396F5,False
P00589,241232.7896,277994.698,24.93,-2178.166,-2916.1047,24.93,9-지형-POINT,396F7,False
P00590,241263.9296,278012.968,25.08,-2147.026,-2897.8347,25.08,9-지형-POINT,396F9,False
P00591,241233.3196,277997.748,24.91,-2177.636,-2913.0547,24.91,9-지형-POINT,396FB,False
P00592,241273.5696,278019.878,25.14,-2137.386,-2890.9247,25.14,9-지형-POINT,396FD,False
P00593,241235.2196,278000.268,24.96,-2175.736,-2910.5347,24.96,9-지형-POINT,396FF,False
P00594,241271.7796,278021.068,25.08,-2139.176,-2889.7347,25.08,9-지형-POINT,39701,False
P00595,241237.6896,278002.948,24.98,-2173.266,-2907.8547,24.98,9-지형-POINT,39703,False
P00596,241292.0196,278030.338,30.69,-2118.936,-2880.4647,30.69,9-지형-POINT,39705,False
P00597,241272.3596,278023.488,25.15,-2138.596,-2887.3147,25.15,9-지형-POINT,39707,False
P00598,241240.5296,277999.808,24.91,-2170.426,-2910.9947,24.91,9-지형-POINT,39709,False
P00599,241272.2196,278021.598,25.06,-2138.736,-2889.2047,25.06,9-지형-POINT,3970B,False
P00600,241272.2196,278021.598,25.06,-2138.736,-2889.2047,25.06,9-지형-POINT,3970D,False
P00601,241241.4396,277997.168,24.92,-2169.516,-2913.6347,24.92,9-지형-POINT,3970F,False
P00602,241270.8596,278022.788,25.04,-2140.096,-2888.0147,25.04,9-지형-POINT,39711,False
P00603,241270.8596,278022.788,25.04,-2140.096,-2888.0147,25.04,9-지형-POINT,39713,False
P00604,241240.7796,277994.168,24.95,-2170.176,-2916.6347,24.95,9-지형-POINT,39715,False
P00605,241302.8296,278022.628,33.17,-2108.126,-2888.1747,33.17,9-지형-POINT,39717,False
P00606,241268.8796,278021.178,25.06,-2142.076,-2889.6247,25.06,9-지형-POINT,39719,False
P00607,241239.8296,277992.698,24.95,-2171.126,-2918.1047,24.95,9-지형-POINT,3971B,False
P00608,241240.4996,277992.698,24.93,-2170.456,-2918.1047,24.93,9-지형-POINT,3971D,False
P00609,241265.9296,278020.698,25.1,-2145.026,-2890.1047,25.1,9-지형-POINT,3971F,False
P00610,241246.7396,277988.168,25.0,-2164.216,-2922.6347,25.0,9-지형-POINT,39721,False
P00611,241263.5496,278021.628,25.1,-2147.406,-2889.1747,25.1,9-지형-POINT,39723,False
P00612,241307.8296,278022.738,33.49,-2103.126,-2888.0647,33.49,9-지형-POINT,39725,False
P00613,241261.8196,278024.078,25.09,-2149.136,-2886.7247,25.09,9-지형-POINT,39727,False
P00614,241264.8996,278023.848,25.42,-2146.056,-2886.9547,25.42,9-지형-POINT,39729,False
P00615,241248.3996,277985.818,25.11,-2162.556,-2924.9847,25.11,9-지형-POINT,3972B,False
P00616,241268.1596,278024.888,25.48,-2142.796,-2885.9147,25.48,9-지형-POINT,3972D,False
P00617,241250.5896,277984.608,25.11,-2160.366,-2926.1947,25.11,9-지형-POINT,3972F,False
P00618,241265.4196,278026.058,25.44,-2145.536,-2884.7447,25.44,9-지형-POINT,39731,False
P00619,241250.8896,277983.838,25.11,-2160.066,-2926.9647,25.11,9-지형-POINT,39733,False
P00620,241267.0096,278027.318,25.36,-2143.946,-2883.4847,25.36,9-지형-POINT,39735,False
P00621,241253.1596,277982.998,25.17,-2157.796,-2927.8047,25.17,9-지형-POINT,39737,False
P00622,241261.6096,278026.618,25.05,-2149.346,-2884.1847,25.05,9-지형-POINT,39739,False
P00623,241261.6096,278026.618,25.05,-2149.346,-2884.1847,25.05,9-지형-POINT,3973B,False
P00624,241237.0396,277993.048,24.95,-2173.916,-2917.7547,24.95,9-지형-POINT,3973D,False
P00625,241234.7096,277993.228,24.92,-2176.246,-2917.5747,24.92,9-지형-POINT,3973F,False
P00626,241259.6696,278026.138,24.94,-2151.286,-2884.6647,24.94,9-지형-POINT,39741,False
P00627,241233.5796,277995.308,24.93,-2177.376,-2915.4947,24.93,9-지형-POINT,39743,False
P00628,241234.4796,277992.718,24.89,-2176.476,-2918.0847,24.89,9-지형-POINT,39745,False
P00629,241259.7996,278026.768,24.86,-2151.156,-2884.0347,24.86,9-지형-POINT,39747,False
P00630,241237.0296,278002.638,24.97,-2173.926,-2908.1647,24.97,9-지형-POINT,39749,False
P00631,241261.8096,278028.538,25.01,-2149.146,-2882.2647,25.01,9-지형-POINT,3974B,False
P00632,241231.2096,277996.428,24.76,-2179.746,-2914.3747,24.76,9-지형-POINT,3974D,False
P00633,241231.7596,277993.988,24.76,-2179.196,-2916.8147,24.76,9-지형-POINT,3974F,False
P00634,241258.4096,278027.788,24.69,-2152.546,-2883.0147,24.69,9-지형-POINT,39751,False
P00635,241231.5196,277997.108,24.77,-2179.436,-2913.6947,24.77,9-지형-POINT,39753,False
P00636,241239.7196,277974.628,20.13,-2171.236,-2936.1747,20.13,9-지형-POINT,39755,False
P00637,241229.5506,277970.944,19.245,-2181.405,-2939.8587,19.245,9-지형-POINT,39757,False
P00638,241312.5496,277986.228,35.15,-2098.406,-2924.5747,35.15,9-지형-POINT,39759,False
P00639,241240.3496,277976.478,20.24,-2170.606,-2934.3247,20.24,9-지형-POINT,3975B,False
P00640,241302.7196,277991.138,34.05,-2108.236,-2919.6647,34.05,9-지형-POINT,3975D,False
P00641,241230.6596,277983.038,19.0,-2180.296,-2927.7647,19.0,9-지형-POINT,3975F,False
P00642,241297.1396,277990.878,32.9,-2113.816,-2919.9247,32.9,9-지형-POINT,39761,False
P00643,241286.6196,277987.518,30.41,-2124.336,-2923.2847,30.41,9-지형-POINT,39763,False
P00644,241211.8396,277989.898,16.95,-2199.116,-2920.9047,16.95,9-지형-POINT,39765,False
P00645,241211.3296,277992.248,16.85,-2199.626,-2918.5547,16.85,9-지형-POINT,39767,False
P00646,241197.1296,277985.638,16.29,-2213.826,-2925.1647,16.29,9-지형-POINT,39769,False
P00647,241200.2296,277983.048,16.31,-2210.726,-2927.7547,16.31,9-지형-POINT,3976B,False
P00648,241207.5896,277993.778,16.41,-2203.366,-2917.0247,16.41,9-지형-POINT,3976D,False
P00649,241209.7996,277996.428,16.43,-2201.156,-2914.3747,16.43,9-지형-POINT,3976F,False
P00650,241192.2396,277987.438,16.14,-2218.716,-2923.3647,16.14,9-지형-POINT,39771,False
P00651,241204.7996,277994.468,16.41,-2206.156,-2916.3347,16.41,9-지형-POINT,39773,False
P00652,241217.8796,278004.828,16.49,-2193.076,-2905.9747,16.49,9-지형-POINT,39775,False
P00653,241203.3596,277998.368,16.35,-2207.596,-2912.4347,16.35,9-지형-POINT,39777,False
P00654,241204.2796,277996.068,16.34,-2206.676,-2914.7347,16.34,9-지형-POINT,39779,False
P00655,241228.4896,278015.368,16.56,-2182.466,-2895.4347,16.56,9-지형-POINT,3977B,False
P00656,241206.8296,277999.168,16.39,-2204.126,-2911.6347,16.39,9-지형-POINT,3977D,False
P00657,241247.1796,278038.618,16.8,-2163.776,-2872.1847,16.8,9-지형-POINT,3977F,False
P00658,241208.3096,278006.298,16.49,-2202.646,-2904.5047,16.49,9-지형-POINT,39781,False
P00659,241253.3296,278041.988,16.9,-2157.626,-2868.8147,16.9,9-지형-POINT,39783,False
P00660,241253.0896,278041.788,16.89,-2157.866,-2869.0147,16.89,9-지형-POINT,39785,False
P00661,241252.1496,278042.678,16.89,-2158.806,-2868.1247,16.89,9-지형-POINT,39787,False
P00662,241208.6196,278008.498,16.16,-2202.336,-2902.3047,16.16,9-지형-POINT,39789,False
P00663,241253.0896,278043.488,16.91,-2157.866,-2867.3147,16.91,9-지형-POINT,3978B,False
P00664,241224.2196,278016.638,16.54,-2186.736,-2894.1647,16.54,9-지형-POINT,3978D,False
P00665,241219.1096,278013.278,16.58,-2191.846,-2897.5247,16.58,9-지형-POINT,3978F,False
P00666,241265.7096,278038.898,21.5,-2145.246,-2871.9047,21.5,9-지형-POINT,39791,False
P00667,241270.9996,278034.938,24.37,-2139.956,-2875.8647,24.37,9-지형-POINT,39793,False
P00668,241265.3996,278038.178,21.51,-2145.556,-2872.6247,21.51,9-지형-POINT,39795,False
P00669,241260.9396,278039.988,19.75,-2150.016,-2870.8147,19.75,9-지형-POINT,39797,False
P00670,241253.7596,278042.358,16.99,-2157.196,-2868.4447,16.99,9-지형-POINT,39799,False
P00671,241256.9696,278042.988,18.18,-2153.986,-2867.8147,18.18,9-지형-POINT,3979B,False
P00672,241254.2196,278043.108,17.01,-2156.736,-2867.6947,17.01,9-지형-POINT,3979D,False
P00673,241251.1196,278045.678,16.91,-2159.836,-2865.1247,16.91,9-지형-POINT,3979F,False
P00674,241251.1696,278045.828,17.04,-2159.786,-2864.9747,17.04,9-지형-POINT,397A1,False
P00675,241243.0296,278050.188,15.0,-2167.926,-2860.6147,15.0,9-지형-POINT,397A3,False
P00676,241234.1596,278029.458,16.66,-2176.796,-2881.3447,16.66,9-지형-POINT,397A5,False
P00677,241247.8196,278048.798,16.67,-2163.136,-2862.0047,16.67,9-지형-POINT,397A7,False
P00678,241242.7696,278043.468,16.85,-2168.186,-2867.3347,16.85,9-지형-POINT,397A9,False
P00679,241251.3296,278059.218,17.16,-2159.626,-2851.5847,17.16,9-지형-POINT,397AB,False
P00680,241253.0596,278042.618,15.84,-2157.896,-2868.1847,15.84,9-지형-POINT,397AD,False
P00681,241255.1796,278062.518,17.45,-2155.776,-2848.2847,17.45,9-지형-POINT,397AF,False
P00682,241257.7596,278048.838,17.11,-2153.196,-2861.9647,17.11,9-지형-POINT,397B1,False
P00683,241255.3396,278050.238,17.04,-2155.616,-2860.5647,17.04,9-지형-POINT,397B3,False
P00684,241260.2296,278058.198,17.5,-2150.726,-2852.6047,17.5,9-지형-POINT,397B5,False
P00685,241262.4996,278056.808,17.48,-2148.456,-2853.9947,17.48,9-지형-POINT,397B7,False
P00686,241260.3196,278067.828,17.54,-2150.636,-2842.9747,17.54,9-지형-POINT,397B9,False
P00687,241267.9396,278068.098,17.78,-2143.016,-2842.7047,17.78,9-지형-POINT,397BB,False
P00688,241265.4896,278069.238,17.76,-2145.466,-2841.5647,17.76,9-지형-POINT,397BD,False
P00689,241268.8196,278077.358,17.67,-2142.136,-2833.4447,17.67,9-지형-POINT,397BF,False
P00690,241263.6296,278079.758,17.14,-2147.326,-2831.0447,17.14,9-지형-POINT,397C1,False
P00691,241271.6696,278076.348,17.76,-2139.286,-2834.4547,17.76,9-지형-POINT,397C3,False
P00692,241271.0296,278084.588,17.62,-2139.926,-2826.2147,17.62,9-지형-POINT,397C5,False
P00693,241263.0696,278087.818,17.15,-2147.886,-2822.9847,17.15,9-지형-POINT,397C7,False
P00694,241274.1196,278083.828,17.62,-2136.836,-2826.9747,17.62,9-지형-POINT,397C9,False
P00695,241276.3796,278092.108,17.52,-2134.576,-2818.6947,17.52,9-지형-POINT,397CB,False
P00696,241267.1496,278100.108,17.51,-2143.806,-2810.6947,17.51,9-지형-POINT,397CD,False
P00697,241273.8496,278093.028,17.58,-2137.106,-2817.7747,17.58,9-지형-POINT,397CF,False
P00698,241283.4196,278078.388,21.33,-2127.536,-2832.4147,21.33,9-지형-POINT,397D1,False
P00699,241279.3696,278107.218,17.6,-2131.586,-2803.5847,17.6,9-지형-POINT,397D3,False
P00700,241270.4396,278106.238,17.43,-2140.516,-2804.5647,17.43,9-지형-POINT,397D5,False
P00701,241281.9196,278106.788,17.47,-2129.036,-2804.0147,17.47,9-지형-POINT,397D7,False
P00702,241298.9296,278073.628,24.5,-2112.026,-2837.1747,24.5,9-지형-POINT,397D9,False
P00703,241284.2796,278112.258,17.61,-2126.676,-2798.5447,17.61,9-지형-POINT,397DB,False
P00704,241292.3696,278089.478,22.66,-2118.586,-2821.3247,22.66,9-지형-POINT,397DD,False
P00705,241281.9796,278113.228,17.67,-2128.976,-2797.5747,17.67,9-지형-POINT,397DF,False
P00706,241306.1696,278090.348,26.23,-2104.786,-2820.4547,26.23,9-지형-POINT,397E1,False
P00707,241289.0596,278123.788,17.85,-2121.896,-2787.0147,17.85,9-지형-POINT,397E3,False
P00708,241277.2696,278117.648,17.59,-2133.686,-2793.1547,17.59,9-지형-POINT,397E5,False
P00709,241310.6296,278103.738,25.66,-2100.326,-2807.0647,25.66,9-지형-POINT,397E7,False
P00710,241283.0796,278127.868,17.43,-2127.876,-2782.9347,17.43,9-지형-POINT,397E9,False
P00711,241293.9096,278140.698,18.26,-2117.046,-2770.1047,18.26,9-지형-POINT,397EB,False
P00712,241299.6596,278108.808,23.73,-2111.296,-2801.9947,23.73,9-지형-POINT,397ED,False
P00713,241293.4496,278131.118,18.0,-2117.506,-2779.6847,18.0,9-지형-POINT,397EF,False
P00714,241291.9596,278134.008,17.9,-2118.996,-2776.7947,17.9,9-지형-POINT,397F1,False
P00715,241302.0396,278155.828,18.13,-2108.916,-2754.9747,18.13,9-지형-POINT,397F3,False
P00716,241302.8796,278137.298,18.26,-2108.076,-2773.5047,18.26,9-지형-POINT,397F5,False
P00717,241315.6396,278113.148,25.88,-2095.316,-2797.6547,25.88,9-지형-POINT,397F7,False
P00718,241300.6296,278147.098,18.29,-2110.326,-2763.7047,18.29,9-지형-POINT,397F9,False
P00719,241310.5296,278163.358,19.64,-2100.426,-2747.4447,19.64,9-지형-POINT,397FB,False
P00720,241304.1996,278143.878,18.46,-2106.756,-2766.9247,18.46,9-지형-POINT,397FD,False
P00721,241307.3296,278119.598,24.15,-2103.626,-2791.2047,24.15,9-지형-POINT,397FF,False
P00722,241309.9096,278150.788,18.73,-2101.046,-2760.0147,18.73,9-지형-POINT,39801,False
P00723,241314.7596,278173.378,21.01,-2096.196,-2737.4247,21.01,9-지형-POINT,39803,False
P00724,241312.5396,278148.668,18.81,-2098.416,-2762.1347,18.81,9-지형-POINT,39805,False
P00725,241322.9696,278164.448,22.17,-2087.986,-2746.3547,22.17,9-지형-POINT,39807,False
P00726,241319.1396,278155.638,20.52,-2091.816,-2755.1647,20.52,9-지형-POINT,39809,False
P00727,241322.1096,278163.238,21.95,-2088.846,-2747.5647,21.95,9-지형-POINT,3980B,False
P00728,241311.8196,278127.798,24.13,-2099.136,-2783.0047,24.13,9-지형-POINT,3980D,False
P00729,241318.5096,278165.848,21.42,-2092.446,-2744.9547,21.42,9-지형-POINT,3980F,False
P00730,241329.8696,278163.878,23.44,-2081.086,-2746.9247,23.44,9-지형-POINT,39811,False
P00731,241314.4996,278160.918,19.77,-2096.456,-2749.8847,19.77,9-지형-POINT,39813,False
P00732,241307.0096,278152.588,18.49,-2103.946,-2758.2147,18.49,9-지형-POINT,39815,False
P00733,241347.6396,278167.438,26.03,-2063.316,-2743.3647,26.03,9-지형-POINT,39817,False
P00734,241328.8796,278168.168,23.87,-2082.076,-2742.6347,23.87,9-지형-POINT,39819,False
P00735,241353.6496,278163.868,27.69,-2057.306,-2746.9347,27.69,9-지형-POINT,3981B,False
P00736,241323.8696,278173.898,24.48,-2087.086,-2736.9047,24.48,9-지형-POINT,3981D,False
P00737,241327.9796,278135.998,25.68,-2082.976,-2774.8047,25.68,9-지형-POINT,3981F,False
P00738,241357.3196,278168.098,27.4,-2053.636,-2742.7047,27.4,9-지형-POINT,39821,False
P00739,241323.8596,278176.368,24.56,-2087.096,-2734.4347,24.56,9-지형-POINT,39823,False
P00740,241324.8396,278178.518,24.54,-2086.116,-2732.2847,24.54,9-지형-POINT,39825,False
P00741,241363.5696,278161.348,27.48,-2047.386,-2749.4547,27.48,9-지형-POINT,39827,False
P00742,241327.6796,278146.078,25.29,-2083.276,-2764.7247,25.29,9-지형-POINT,39829,False
P00743,241366.6196,278155.668,29.67,-2044.336,-2755.1347,29.67,9-지형-POINT,3982B,False
P00744,241338.2396,278191.618,24.65,-2072.716,-2719.1847,24.65,9-지형-POINT,3982D,False
P00745,241339.6896,278146.418,26.67,-2071.266,-2764.3847,26.67,9-지형-POINT,3982F,False
P00746,241345.9096,278182.588,24.71,-2065.046,-2728.2147,24.71,9-지형-POINT,39831,False
P00747,241374.9396,278150.068,30.04,-2036.016,-2760.7347,30.04,9-지형-POINT,39833,False
P00748,241346.7196,278180.268,24.36,-2064.236,-2730.5347,24.36,9-지형-POINT,39835,False
P00749,241340.6596,278164.918,26.35,-2070.296,-2745.8847,26.35,9-지형-POINT,39837,False
P00750,241350.7296,278176.008,24.67,-2060.226,-2734.7947,24.67,9-지형-POINT,39839,False
P00751,241376.1796,278145.148,33.14,-2034.776,-2765.6547,33.14,9-지형-POINT,3983B,False
P00752,241348.8996,278174.238,24.94,-2062.056,-2736.5647,24.94,9-지형-POINT,3983D,False
P00753,241340.8696,278171.948,25.21,-2070.086,-2738.8547,25.21,9-지형-POINT,3983F,False
P00754,241336.1696,278169.248,24.73,-2074.786,-2741.5547,24.73,9-지형-POINT,39841,False
P00755,241330.8396,278165.848,23.71,-2080.116,-2744.9547,23.71,9-지형-POINT,39843,False
P00756,241340.1496,278179.208,29.37,-2070.806,-2731.5947,29.37,9-지형-POINT,39845,False
P00757,241335.1196,278184.818,29.36,-2075.836,-2725.9847,29.36,9-지형-POINT,39846,False
P00758,241326.3196,278176.728,29.35,-2084.636,-2734.0747,29.35,9-지형-POINT,39847,False
P00759,241327.3696,278174.008,28.97,-2083.586,-2736.7947,28.97,9-지형-POINT,39848,False
P00760,241328.6996,278172.568,28.97,-2082.256,-2738.2347,28.97,9-지형-POINT,39849,False
P00761,241337.5996,278183.098,29.1,-2073.356,-2727.7047,29.1,9-지형-POINT,3984A,False
P00762,241342.1096,278178.308,28.76,-2068.846,-2732.4947,28.76,9-지형-POINT,3984B,False
P00763,241345.3396,278181.518,28.77,-2065.616,-2729.2847,28.77,9-지형-POINT,3984C,False
P00764,241375.9596,278162.308,28.21,-2034.996,-2748.4947,28.21,9-지형-POINT,3984D,False
P00765,241370.4196,278166.898,26.91,-2040.536,-2743.9047,26.91,9-지형-POINT,3984F,False
P00766,241347.8196,278174.328,25.18,-2063.136,-2736.4747,25.18,9-지형-POINT,39851,False
P00767,241348.7696,278175.268,25.18,-2062.186,-2735.5347,25.18,9-지형-POINT,39853,False
P00768,241365.7496,278170.828,26.73,-2045.206,-2739.9747,26.73,9-지형-POINT,39855,False
P00769,241344.7196,278179.268,25.18,-2066.236,-2731.5347,25.18,9-지형-POINT,39857,False
P00770,241358.5496,278171.408,27.26,-2052.406,-2739.3947,27.26,9-지형-POINT,39859,False
P00771,241358.8096,278179.858,22.73,-2052.146,-2730.9447,22.73,9-지형-POINT,3985B,False
P00772,241352.2596,278169.798,27.72,-2058.696,-2741.0047,27.72,9-지형-POINT,3985D,False
P00773,241356.2396,278163.448,27.59,-2054.716,-2747.3547,27.59,9-지형-POINT,3985F,False
P00774,241369.0096,278181.968,21.35,-2041.946,-2728.8347,21.35,9-지형-POINT,39861,False
P00775,241360.2096,278157.068,28.07,-2050.746,-2753.7347,28.07,9-지형-POINT,39863,False
P00776,241369.7996,278159.028,27.71,-2041.156,-2751.7747,27.71,9-지형-POINT,39865,False
P00777,241365.0896,278191.238,19.67,-2045.866,-2719.5647,19.67,9-지형-POINT,39867,False
P00778,241378.4596,278185.498,21.16,-2032.496,-2725.3047,21.16,9-지형-POINT,39869,False
P00779,241366.7896,278194.818,19.24,-2044.166,-2715.9847,19.24,9-지형-POINT,3986B,False
P00780,241374.0296,278172.628,24.87,-2036.926,-2738.1747,24.87,9-지형-POINT,3986D,False
P00781,241385.4096,278200.128,18.09,-2025.546,-2710.6747,18.09,9-지형-POINT,3986F,False
P00782,241388.3496,278187.898,21.02,-2022.606,-2722.9047,21.02,9-지형-POINT,39871,False
P00783,241381.1396,278175.188,25.04,-2029.816,-2735.6147,25.04,9-지형-POINT,39873,False
P00784,241392.5396,278176.158,25.32,-2018.416,-2734.6447,25.32,9-지형-POINT,39875,False
P00785,241395.1996,278206.808,17.41,-2015.756,-2703.9947,17.41,9-지형-POINT,39877,False
P00786,241396.2996,278183.578,23.35,-2014.656,-2727.2247,23.35,9-지형-POINT,39879,False
P00787,241396.9296,278173.558,25.74,-2014.026,-2737.2447,25.74,9-지형-POINT,3987B,False
P00788,241403.7596,278204.198,17.25,-2007.196,-2706.6047,17.25,9-지형-POINT,3987D,False
P00789,241410.8396,278190.618,22.38,-2000.116,-2720.1847,22.38,9-지형-POINT,3987F,False
P00790,241398.9296,278170.308,27.78,-2012.026,-2740.4947,27.78,9-지형-POINT,39881,False
P00791,241409.2196,278201.068,17.16,-2001.736,-2709.7347,17.16,9-지형-POINT,39883,False
P00792,241410.8296,278202.328,17.2,-2000.126,-2708.4747,17.2,9-지형-POINT,39885,False
P00793,241410.9596,278201.698,15.86,-1999.996,-2709.1047,15.86,9-지형-POINT,39887,False
P00794,241407.9996,278180.158,25.74,-2002.956,-2730.6447,25.74,9-지형-POINT,39889,False
P00795,241413.4796,278199.448,17.51,-1997.476,-2711.3547,17.51,9-지형-POINT,3988B,False
P00796,241420.3996,278180.758,25.98,-1990.556,-2730.0447,25.98,9-지형-POINT,3988D,False
P00797,241429.8096,278191.768,20.77,-1981.146,-2719.0347,20.77,9-지형-POINT,3988F,False
P00798,241450.8996,278194.938,21.3,-1960.056,-2715.8647,21.3,9-지형-POINT,39891,False
P00799,241458.7396,278204.818,20.93,-1952.216,-2705.9847,20.93,9-지형-POINT,39893,False
P00800,241462.4996,278208.508,21.53,-1948.456,-2702.2947,21.53,9-지형-POINT,39895,False
P00801,241466.4696,278192.208,25.81,-1944.486,-2718.5947,25.81,9-지형-POINT,39897,False
P00802,241474.6496,278210.578,22.04,-1936.306,-2700.2247,22.04,9-지형-POINT,39899,False
P00803,241478.4496,278192.348,26.93,-1932.506,-2718.4547,26.93,9-지형-POINT,3989B,False
P00804,241451.2496,278212.128,18.14,-1959.706,-2698.6747,18.14,9-지형-POINT,3989D,False
P00805,241490.7096,278211.078,22.82,-1920.246,-2699.7247,22.82,9-지형-POINT,3989F,False
P00806,241487.6196,278186.188,28.1,-1923.336,-2724.6147,28.1,9-지형-POINT,398A1,False
P00807,241461.4196,278219.258,17.62,-1949.536,-2691.5447,17.62,9-지형-POINT,398A3,False
P00808,241498.6396,278214.278,23.25,-1912.316,-2696.5247,23.25,9-지형-POINT,398A5,False
P00809,241472.5696,278225.458,17.66,-1938.386,-2685.3447,17.66,9-지형-POINT,398A7,False
P00810,241501.3296,278193.728,28.09,-1909.626,-2717.0747,28.09,9-지형-POINT,398A9,False
P00811,241516.4196,278202.488,27.87,-1894.536,-2708.3147,27.87,9-지형-POINT,398AB,False
P00812,241512.4796,278222.858,23.91,-1898.476,-2687.9447,23.91,9-지형-POINT,398AD,False
P00813,241484.9496,278229.938,15.26,-1926.006,-2680.8647,15.26,9-지형-POINT,398AF,False
P00814,241531.9196,278205.438,28.23,-1879.036,-2705.3647,28.23,9-지형-POINT,398B1,False
P00815,241495.0496,278233.728,15.78,-1915.906,-2677.0747,15.78,9-지형-POINT,398B3,False
P00816,241519.4696,278223.968,23.58,-1891.486,-2686.8347,23.58,9-지형-POINT,398B5,False
P00817,241543.2796,278215.498,27.44,-1867.676,-2695.3047,27.44,9-지형-POINT,398B7,False
P00818,241561.6696,278211.668,30.07,-1849.286,-2699.1347,30.07,9-지형-POINT,398B9,False
P00819,241527.1396,278221.038,23.14,-1883.816,-2689.7647,23.14,9-지형-POINT,398BB,False
P00820,241501.3196,278237.378,15.59,-1909.636,-2673.4247,15.59,9-지형-POINT,398BD,False
P00821,241565.7196,278198.428,33.17,-1845.236,-2712.3747,33.17,9-지형-POINT,398BF,False
P00822,241537.7896,278224.938,22.73,-1873.166,-2685.8647,22.73,9-지형-POINT,398C1,False
P00823,241509.7696,278231.028,20.1,-1901.186,-2679.7747,20.1,9-지형-POINT,398C3,False
P00824,241577.6796,278209.158,32.21,-1833.276,-2701.6447,32.21,9-지형-POINT,398C5,False
P00825,241575.2396,278219.388,30.85,-1835.716,-2691.4147,30.85,9-지형-POINT,398C7,False
P00826,241544.8896,278230.608,23.64,-1866.066,-2680.1947,23.64,9-지형-POINT,398C9,False
P00827,241594.6296,278228.608,31.39,-1816.326,-2682.1947,31.39,9-지형-POINT,398CB,False
P00828,241515.4696,278240.028,17.27,-1895.486,-2670.7747,17.27,9-지형-POINT,398CD,False
P00829,241547.1496,278226.678,26.11,-1863.806,-2684.1247,26.11,9-지형-POINT,398CF,False
P00830,241600.1596,278211.918,34.07,-1810.796,-2698.8847,34.07,9-지형-POINT,398D1,False
P00831,241609.2996,278232.938,31.28,-1801.656,-2677.8647,31.28,9-지형-POINT,398D3,False
P00832,241613.8596,278225.368,32.11,-1797.096,-2685.4347,32.11,9-지형-POINT,398D5,False
P00833,241553.2996,278221.928,26.88,-1857.656,-2688.8747,26.88,9-지형-POINT,398D7,False
P00834,241622.0196,278236.838,30.54,-1788.936,-2673.9647,30.54,9-지형-POINT,398D9,False
P00835,241624.3596,278230.168,30.93,-1786.596,-2680.6347,30.93,9-지형-POINT,398DB,False
P00836,241563.6696,278231.838,27.36,-1847.286,-2678.9647,27.36,9-지형-POINT,398DD,False
P00837,241534.5696,278252.998,16.47,-1876.386,-2657.8047,16.47,9-지형-POINT,398DF,False
P00838,241572.2096,278241.778,25.99,-1838.746,-2669.0247,25.99,9-지형-POINT,398E1,False
P00839,241582.9996,278246.308,25.85,-1827.956,-2664.4947,25.85,9-지형-POINT,398E3,False
P00840,241548.2796,278258.888,17.69,-1862.676,-2651.9147,17.69,9-지형-POINT,398E5,False
P00841,241610.9396,278229.288,31.61,-1800.016,-2681.5147,31.61,9-지형-POINT,398E7,False
P00842,241596.5396,278251.168,25.55,-1814.416,-2659.6347,25.55,9-지형-POINT,398E9,False
P00843,241564.2296,278255.848,21.04,-1846.726,-2654.9547,21.04,9-지형-POINT,398EB,False
P00844,241595.9996,278208.378,33.95,-1814.956,-2702.4247,33.95,9-지형-POINT,398ED,False
P00845,241609.4496,278260.068,24.65,-1801.506,-2650.7347,24.65,9-지형-POINT,398EF,False
P00846,241574.4296,278197.068,33.92,-1836.526,-2713.7347,33.92,9-지형-POINT,398F1,False
P00847,241556.3096,278195.168,32.47,-1854.646,-2715.6347,32.47,9-지형-POINT,398F3,False
P00848,241610.8396,278249.298,27.34,-1800.116,-2661.5047,27.34,9-지형-POINT,398F5,False
P00849,241545.5996,278188.568,32.79,-1865.356,-2722.2347,32.79,9-지형-POINT,398F7,False
P00850,241530.1596,278182.258,33.12,-1880.796,-2728.5447,33.12,9-지형-POINT,398F9,False
P00851,241609.8296,278242.208,27.99,-1801.126,-2668.5947,27.99,9-지형-POINT,398FB,False
P00852,241515.1596,278175.618,32.95,-1895.796,-2735.1847,32.95,9-지형-POINT,398FD,False
P00853,241513.2296,278181.048,31.88,-1897.726,-2729.7547,31.88,9-지형-POINT,398FF,False
P00854,241612.8696,278235.538,30.89,-1798.086,-2675.2647,30.89,9-지형-POINT,39901,False
P00855,241499.2196,278169.498,32.47,-1911.736,-2741.3047,32.47,9-지형-POINT,39903,False
P00856,241499.1196,278161.148,33.92,-1911.836,-2749.6547,33.92,9-지형-POINT,39905,False
P00857,241612.9196,278235.558,30.87,-1798.036,-2675.2447,30.87,9-지형-POINT,39907,False
P00858,241486.9296,278153.628,34.12,-1924.026,-2757.1747,34.12,9-지형-POINT,39909,False
P00859,241611.5496,278224.768,32.19,-1799.406,-2686.0347,32.19,9-지형-POINT,3990B,False
P00860,241474.4796,278168.148,30.62,-1936.476,-2742.6547,30.62,9-지형-POINT,3990D,False
P00861,241591.0396,278222.158,31.89,-1819.916,-2688.6447,31.89,9-지형-POINT,3990F,False
P00862,241587.1396,278226.158,31.15,-1823.816,-2684.6447,31.15,9-지형-POINT,39911,False
P00863,241586.2696,278228.608,29.37,-1824.686,-2682.1947,29.37,9-지형-POINT,39913,False
P00864,241569.0596,278213.548,30.9,-1841.896,-2697.2547,30.9,9-지형-POINT,39915,False
P00865,241558.9196,278203.878,30.82,-1852.036,-2706.9247,30.82,9-지형-POINT,39917,False
P00866,241551.5296,278214.528,28.38,-1859.426,-2696.2747,28.38,9-지형-POINT,39919,False
P00867,241431.8496,278156.918,33.57,-1979.106,-2753.8847,33.57,9-지형-POINT,3991B,False
P00868,241429.7196,278153.488,33.84,-1981.236,-2757.3147,33.84,9-지형-POINT,3991D,False
P00869,241536.7396,278204.388,28.56,-1874.216,-2706.4147,28.56,9-지형-POINT,3991F,False
P00870,241506.3296,278194.648,28.45,-1904.626,-2716.1547,28.45,9-지형-POINT,39921,False
P00871,241502.6996,278204.778,27.36,-1908.256,-2706.0247,27.36,9-지형-POINT,39923,False
P00872,241487.1796,278203.288,26.4,-1923.776,-2707.5147,26.4,9-지형-POINT,39925,False
P00873,241392.1796,278160.568,29.78,-2018.776,-2750.2347,29.78,9-지형-POINT,39927,False
P00874,241676.2776,278222.223,27.938,-1734.678,-2688.5797,27.938,9-지형-POINT,39BA1,False
P00875,241691.5646,278255.831,27.423,-1719.391,-2654.9717,27.423,9-지형-POINT,39BA2,False
P00876,241631.5076,278217.041,34.07,-1779.448,-2693.7617,34.07,9-지형-POINT,39BA3,False
P00877,241680.4496,278140.049,33.684,-1730.506,-2770.7537,33.684,9-지형-POINT,39BA4,False
P00878,241653.5296,278086.035,36.71,-1757.426,-2824.7677,36.71,9-지형-POINT,39BA5,False
P00879,241623.7646,278073.691,37.345,-1787.191,-2837.1117,37.345,9-지형-POINT,39BA6,False
P00880,241581.9756,278024.471,34.543,-1828.98,-2886.3317,34.543,9-지형-POINT,39BA7,False
P00881,241543.0516,277966.63,28.645,-1867.904,-2944.1727,28.645,9-지형-POINT,39BA8,False
P00882,241512.7196,277944.312,26.078,-1898.236,-2966.4907,26.078,9-지형-POINT,39BA9,False
P00883,241463.4866,277914.517,24.689,-1947.469,-2996.2857,24.689,9-지형-POINT,39BAA,False
P00884,241380.0786,277943.477,32.866,-2030.877,-2967.3257,32.866,9-지형-POINT,39BAB,False
P00885,241299.9596,277978.847,29.798,-2110.996,-2931.9557,29.798,9-지형-POINT,39BAC,False
P00886,241243.7956,277986.697,25.06,-2167.16,-2924.1057,25.06,9-지형-POINT,39BAD,False
P00887,241231.3706,277995.803,24.896,-2179.585,-2914.9997,24.896,9-지형-POINT,39BAE,False
P00888,241200.6256,277989.777,16.36,-2210.33,-2921.0257,16.36,9-지형-POINT,39BAF,False
P00889,241251.5116,278040.791,16.916,-2159.444,-2870.0117,16.916,9-지형-POINT,39BB0,False
P00890,241274.2856,278085.202,17.66,-2136.67,-2825.6007,17.66,9-지형-POINT,39BB1,False
P00891,241296.3736,278139.49,18.314,-2114.582,-2771.3127,18.314,9-지형-POINT,39BB2,False
P00892,241328.4046,278176.491,27.85,-2082.551,-2734.3117,27.85,9-지형-POINT,39BB3,False
P00893,241343.8716,278181.63,27.272,-2067.084,-2729.1727,27.272,9-지형-POINT,39BB4,False
P00894,241606.4116,278191.59,37.924,-1804.544,-2719.2127,37.924,9-지형-POINT,39BB5,False
P00895,241545.1016,278152.531,41.738,-1865.854,-2758.2717,41.738,9-지형-POINT,39BB6,False
P00896,241490.2076,278131.779,39.548,-1920.748,-2779.0237,39.548,9-지형-POINT,39BB7,False
P00897,241393.3156,278134.584,36.827,-2017.64,-2776.2187,36.827,9-지형-POINT,39BB8,False
P00898,241351.0356,278081.284,35.805,-2059.92,-2829.5187,35.805,9-지형-POINT,39BB9,False
P00899,241343.2276,278021.624,39.544,-2067.728,-2889.1787,39.544,9-지형-POINT,39BBA,False
P00900,241627.8096,278219.678,34.04,-1783.146,-2691.1247,34.04,9-지형-POINT,39BBB,False
P00901,241633.5796,278221.138,33.35,-1777.376,-2689.6647,33.35,9-지형-POINT,39BBD,False
P00902,241633.8496,278217.838,33.54,-1777.106,-2692.9647,33.54,9-지형-POINT,39BBE,False
P00903,241635.2096,278214.988,33.55,-1775.746,-2695.8147,33.55,9-지형-POINT,39BC0,False
P00904,241627.0796,278212.878,35.29,-1783.876,-2697.9247,35.29,9-지형-POINT,39BC1,False
P00905,241629.1996,278210.668,35.21,-1781.756,-2700.1347,35.21,9-지형-POINT,39BC3,False
P00906,241621.3296,278207.648,36.32,-1789.626,-2703.1547,36.32,9-지형-POINT,39BC5,False
P00907,241623.3596,278205.898,36.19,-1787.596,-2704.9047,36.19,9-지형-POINT,39BC7,False
P00908,241618.5396,278201.288,36.94,-1792.416,-2709.5147,36.94,9-지형-POINT,39BC9,False
P00909,241617.1296,278203.498,36.81,-1793.826,-2707.3047,36.81,9-지형-POINT,39BCB,False
P00910,241606.7296,278193.138,37.74,-1804.226,-2717.6647,37.74,9-지형-POINT,39BCD,False
P00911,241611.4696,278200.388,37.44,-1799.486,-2710.4147,37.44,9-지형-POINT,39BCF,False
P00912,241602.8396,278195.058,37.78,-1808.116,-2715.7447,37.78,9-지형-POINT,39BD1,False
P00913,241595.6896,278190.208,37.96,-1815.266,-2720.5947,37.96,9-지형-POINT,39BD3,False
P00914,241598.4396,278185.878,38.3,-1812.516,-2724.9247,38.3,9-지형-POINT,39BD5,False
P00915,241590.4696,278180.848,38.55,-1820.486,-2729.9547,38.55,9-지형-POINT,39BD7,False
P00916,241642.9596,278171.478,50.96,-1767.996,-2739.3247,50.96,9-지형-POINT,39BD9,False
P00917,241585.9996,278182.098,38.33,-1824.956,-2728.7047,38.33,9-지형-POINT,39BDB,False
P00918,241572.8696,278171.228,38.86,-1838.086,-2739.5747,38.86,9-지형-POINT,39BDD,False
P00919,241640.2496,278163.518,52.53,-1770.706,-2747.2847,52.53,9-지형-POINT,39BDF,False
P00920,241575.9896,278169.388,39.07,-1834.966,-2741.4147,39.07,9-지형-POINT,39BE1,False
P00921,241561.2896,278158.578,40.26,-1849.666,-2752.2247,40.26,9-지형-POINT,39BE3,False
P00922,241559.6196,278160.908,40.23,-1851.336,-2749.8947,40.23,9-지형-POINT,39BE5,False
P00923,241548.3696,278155.278,41.51,-1862.586,-2755.5247,41.51,9-지형-POINT,39BE7,False
P00924,241549.6296,278153.578,41.6,-1861.326,-2757.2247,41.6,9-지형-POINT,39BE9,False
P00925,241618.9796,278152.658,52.87,-1791.976,-2758.1447,52.87,9-지형-POINT,39BEB,False
P00926,241525.2596,278146.888,41.31,-1885.696,-2763.9147,41.31,9-지형-POINT,39BED,False
P00927,241526.3196,278144.528,41.46,-1884.636,-2766.2747,41.46,9-지형-POINT,39BEF,False
P00928,241609.3996,278151.948,51.57,-1801.556,-2758.8547,51.57,9-지형-POINT,39BF1,False
P00929,241604.1596,278156.288,49.0,-1806.796,-2754.5147,49.0,9-지형-POINT,39BF3,False
P00930,241595.4796,278151.808,49.13,-1815.476,-2758.9947,49.13,9-지형-POINT,39BF5,False
P00931,241596.9496,278145.258,50.88,-1814.006,-2765.5447,50.88,9-지형-POINT,39BF7,False
P00932,241560.6496,278161.978,39.9,-1850.306,-2748.8247,39.9,9-지형-POINT,39BF9,False
P00933,241597.9596,278142.198,52.85,-1812.996,-2768.6047,52.85,9-지형-POINT,39BFB,False
P00934,241560.7596,278168.628,39.12,-1850.196,-2742.1747,39.12,9-지형-POINT,39BFD,False
P00935,241598.5596,278133.048,54.57,-1812.396,-2777.7547,54.57,9-지형-POINT,39BFF,False
P00936,241570.0596,278176.948,38.54,-1840.896,-2733.8547,38.54,9-지형-POINT,39C01,False
P00937,241587.5696,278191.508,37.29,-1823.386,-2719.2947,37.29,9-지형-POINT,39C03,False
P00938,241590.9296,278128.288,54.78,-1820.026,-2782.5147,54.78,9-지형-POINT,39C05,False
P00939,241604.2696,278200.368,37.55,-1806.686,-2710.4347,37.55,9-지형-POINT,39C07,False
P00940,241617.8896,278209.358,36.39,-1793.066,-2701.4447,36.39,9-지형-POINT,39C09,False
P00941,241589.9096,278138.238,52.5,-1821.046,-2772.5647,52.5,9-지형-POINT,39C0B,False
P00942,241622.9396,278220.788,33.99,-1788.016,-2690.0147,33.99,9-지형-POINT,39C0D,False
P00943,241585.5096,278149.008,48.88,-1825.446,-2761.7947,48.88,9-지형-POINT,39C0F,False
P00944,241627.8896,278223.058,33.84,-1783.066,-2687.7447,33.84,9-지형-POINT,39C11,False
P00945,241573.0596,278143.728,48.55,-1837.896,-2767.0747,48.55,9-지형-POINT,39C13,False
P00946,241574.1996,278138.978,49.18,-1836.756,-2771.8247,49.18,9-지형-POINT,39C15,False
P00947,241637.4796,278219.978,33.21,-1773.476,-2690.8247,33.21,9-지형-POINT,39C17,False
P00948,241572.1896,278131.628,52.8,-1838.766,-2779.1747,52.8,9-지형-POINT,39C19,False
P00949,241572.9096,278127.658,53.5,-1838.046,-2783.1447,53.5,9-지형-POINT,39C1B,False
P00950,241574.1096,278123.428,55.52,-1836.846,-2787.3747,55.52,9-지형-POINT,39C1D,False
P00951,241563.2196,278116.398,55.69,-1847.736,-2794.4047,55.69,9-지형-POINT,39C1F,False
P00952,241571.7796,278155.378,42.7,-1839.176,-2755.4247,42.7,9-지형-POINT,39C21,False
P00953,241575.4396,278159.468,41.89,-1835.516,-2751.3347,41.89,9-지형-POINT,39C23,False
P00954,241574.8596,278162.058,41.49,-1836.096,-2748.7447,41.49,9-지형-POINT,39C25,False
P00955,241562.7296,278124.898,52.47,-1848.226,-2785.9047,52.47,9-지형-POINT,39C27,False
P00956,241567.3496,278155.388,42.75,-1843.606,-2755.4147,42.75,9-지형-POINT,39C29,False
P00957,241568.1696,278152.648,43.38,-1842.786,-2758.1547,43.38,9-지형-POINT,39C2B,False
P00958,241559.3996,278154.738,42.88,-1851.556,-2756.0647,42.88,9-지형-POINT,39C2D,False
P00959,241560.8496,278151.928,43.08,-1850.106,-2758.8747,43.08,9-지형-POINT,39C2F,False
P00960,241538.5896,278146.818,43.46,-1872.366,-2763.9847,43.46,9-지형-POINT,39C31,False
P00961,241554.2296,278137.188,48.59,-1856.726,-2773.6147,48.59,9-지형-POINT,39C33,False
P00962,241540.3596,278143.908,43.58,-1870.596,-2766.8947,43.58,9-지형-POINT,39C35,False
P00963,241525.3796,278141.738,43.17,-1885.576,-2769.0647,43.17,9-지형-POINT,39C37,False
P00964,241540.0896,278133.028,48.53,-1870.866,-2777.7747,48.53,9-지형-POINT,39C39,False
P00965,241527.0696,278138.718,43.29,-1883.886,-2772.0847,43.29,9-지형-POINT,39C3B,False
P00966,241521.0696,278139.768,42.97,-1889.886,-2771.0347,42.97,9-지형-POINT,39C3D,False
P00967,241518.9696,278137.248,42.99,-1891.986,-2773.5547,42.99,9-지형-POINT,39C3F,False
P00968,241519.5096,278135.418,43.17,-1891.446,-2775.3847,43.17,9-지형-POINT,39C41,False
P00969,241519.7296,278129.958,45.18,-1891.226,-2780.8447,45.18,9-지형-POINT,39C43,False
P00970,241534.0596,278135.778,45.26,-1876.896,-2775.0247,45.26,9-지형-POINT,39C45,False
P00971,241518.6496,278130.598,45.16,-1892.306,-2780.2047,45.16,9-지형-POINT,39C47,False
P00972,241545.8996,278139.598,45.48,-1865.056,-2771.2047,45.48,9-지형-POINT,39C49,False
P00973,241519.2896,278132.348,44.88,-1891.666,-2778.4547,44.88,9-지형-POINT,39C4B,False
P00974,241559.2396,278145.128,45.36,-1851.716,-2765.6747,45.36,9-지형-POINT,39C4D,False
P00975,241534.3596,278138.908,45.33,-1876.596,-2771.8947,45.33,9-지형-POINT,39C4F,False
P00976,241564.8396,278147.918,45.18,-1846.116,-2762.8847,45.18,9-지형-POINT,39C51,False
P00977,241563.0596,278149.658,44.97,-1847.896,-2761.1447,44.97,9-지형-POINT,39C53,False
P00978,241551.8196,278145.538,45.35,-1859.136,-2765.2647,45.35,9-지형-POINT,39C55,False
P00979,241509.8696,278141.088,40.6,-1901.086,-2769.7147,40.6,9-지형-POINT,39C57,False
P00980,241510.7296,278137.558,40.69,-1900.226,-2773.2447,40.69,9-지형-POINT,39C59,False
P00981,241499.4696,278132.818,39.96,-1911.486,-2777.9847,39.96,9-지형-POINT,39C5B,False
P00982,241498.0496,278136.008,39.87,-1912.906,-2774.7947,39.87,9-지형-POINT,39C5D,False
P00983,241489.5696,278133.908,39.41,-1921.386,-2776.8947,39.41,9-지형-POINT,39C5F,False
P00984,241489.2496,278130.258,39.47,-1921.706,-2780.5447,39.47,9-지형-POINT,39C61,False
P00985,241513.4396,278127.168,44.71,-1897.516,-2783.6347,44.71,9-지형-POINT,39C63,False
P00986,241473.6796,278128.958,38.37,-1937.276,-2781.8447,38.37,9-지형-POINT,39C65,False
P00987,241473.0496,278132.148,38.29,-1937.906,-2778.6547,38.29,9-지형-POINT,39C67,False
P00988,241462.9196,278131.288,37.95,-1948.036,-2779.5147,37.95,9-지형-POINT,39C69,False
P00989,241502.5996,278126.428,43.36,-1908.356,-2784.3747,43.36,9-지형-POINT,39C6B,False
P00990,241462.4096,278127.538,37.93,-1948.546,-2783.2647,37.93,9-지형-POINT,39C6D,False
P00991,241453.1796,278128.438,37.95,-1957.776,-2782.3647,37.95,9-지형-POINT,39C6F,False
P00992,241493.8596,278122.858,42.55,-1917.096,-2787.9447,42.55,9-지형-POINT,39C71,False
P00993,241453.4796,278132.718,37.76,-1957.476,-2778.0847,37.76,9-지형-POINT,39C73,False
P00994,241495.9196,278116.768,45.93,-1915.036,-2794.0347,45.93,9-지형-POINT,39C75,False
P00995,241436.3096,278133.908,37.68,-1974.646,-2776.8947,37.68,9-지형-POINT,39C77,False
P00996,241436.1796,278130.578,37.85,-1974.776,-2780.2247,37.85,9-지형-POINT,39C79,False
P00997,241504.7796,278117.548,46.81,-1906.176,-2793.2547,46.81,9-지형-POINT,39C7B,False
P00998,241415.2596,278130.278,37.83,-1995.696,-2780.5247,37.83,9-지형-POINT,39C7D,False
P00999,241415.1996,278133.498,37.51,-1995.756,-2777.3047,37.51,9-지형-POINT,39C7F,False
P01000,241483.5396,278107.608,46.41,-1927.416,-2803.1947,46.41,9-지형-POINT,39C81,False
P01001,241483.0596,278114.438,44.48,-1927.896,-2796.3647,44.48,9-지형-POINT,39C83,False
P01002,241482.4996,278120.218,41.8,-1928.456,-2790.5847,41.8,9-지형-POINT,39C85,False
P01003,241452.9696,278131.628,37.71,-1957.986,-2779.1747,37.71,9-지형-POINT,39C87,False
P01004,241444.3996,278139.308,37.15,-1966.556,-2771.4947,37.15,9-지형-POINT,39C89,False
P01005,241473.4096,278111.908,44.42,-1937.546,-2798.8947,44.42,9-지형-POINT,39C8B,False
P01006,241428.1096,278141.408,37.12,-1982.846,-2769.3947,37.12,9-지형-POINT,39C8D,False
P01007,241410.9496,278138.998,36.91,-2000.006,-2771.8047,36.91,9-지형-POINT,39C8F,False
P01008,241467.6996,278114.048,42.41,-1943.256,-2796.7547,42.41,9-지형-POINT,39C91,False
P01009,241388.5696,278137.328,36.55,-2022.386,-2773.4747,36.55,9-지형-POINT,39C93,False
P01010,241459.6696,278113.448,43.46,-1951.286,-2797.3547,43.46,9-지형-POINT,39C95,False
P01011,241376.9796,278133.738,35.9,-2033.976,-2777.0647,35.9,9-지형-POINT,39C97,False
P01012,241449.7996,278114.418,43.88,-1961.156,-2796.3847,43.88,9-지형-POINT,39C99,False
P01013,241438.6196,278116.858,43.7,-1972.336,-2793.9447,43.7,9-지형-POINT,39C9B,False
P01014,241430.7896,278118.158,42.64,-1980.166,-2792.6447,42.64,9-지형-POINT,39C9D,False
P01015,241429.5496,278116.288,42.75,-1981.406,-2794.5147,42.75,9-지형-POINT,39C9F,False
P01016,241438.7696,278109.558,44.09,-1972.186,-2801.2447,44.09,9-지형-POINT,39CA1,False
P01017,241445.1796,278107.498,44.09,-1965.776,-2803.3047,44.09,9-지형-POINT,39CA3,False
P01018,241454.4996,278107.868,43.69,-1956.456,-2802.9347,43.69,9-지형-POINT,39CA5,False
P01019,241464.6596,278110.378,43.03,-1946.296,-2800.4247,43.03,9-지형-POINT,39CA7,False
P01020,241464.8896,278105.488,46.25,-1946.066,-2805.3147,46.25,9-지형-POINT,39CA9,False
P01021,241469.7996,278115.808,41.39,-1941.156,-2794.9947,41.39,9-지형-POINT,39CAB,False
P01022,241469.8196,278120.238,41.04,-1941.136,-2790.5647,41.04,9-지형-POINT,39CAD,False
P01023,241473.1396,278104.588,46.01,-1937.816,-2806.2147,46.01,9-지형-POINT,39CAF,False
P01024,241466.9696,278123.828,40.74,-1943.986,-2786.9747,40.74,9-지형-POINT,39CB1,False
P01025,241459.7696,278100.888,46.61,-1951.186,-2809.9147,46.61,9-지형-POINT,39CB3,False
P01026,241454.7396,278123.808,40.77,-1956.216,-2786.9947,40.77,9-지형-POINT,39CB5,False
P01027,241440.9696,278125.378,41.4,-1969.986,-2785.4247,41.4,9-지형-POINT,39CB7,False
P01028,241452.3196,278101.478,47.37,-1958.636,-2809.3247,47.37,9-지형-POINT,39CB9,False
P01029,241430.5696,278126.028,41.37,-1980.386,-2784.7747,41.37,9-지형-POINT,39CBB,False
P01030,241430.9996,278123.318,41.69,-1979.956,-2787.4847,41.69,9-지형-POINT,39CBD,False
P01031,241436.3096,278119.998,41.67,-1974.646,-2790.8047,41.67,9-지형-POINT,39CBF,False
P01032,241450.5496,278117.448,41.36,-1960.406,-2793.3547,41.36,9-지형-POINT,39CC1,False
P01033,241459.2896,278115.738,41.36,-1951.666,-2795.0647,41.36,9-지형-POINT,39CC3,False
P01034,241395.9096,278125.008,37.55,-2015.046,-2785.7947,37.55,9-지형-POINT,39CC5,False
P01035,241397.5396,278122.888,37.72,-2013.416,-2787.9147,37.72,9-지형-POINT,39CC7,False
P01036,241384.8096,278113.348,37.55,-2026.146,-2797.4547,37.55,9-지형-POINT,39CC9,False
P01037,241383.3196,278115.288,37.51,-2027.636,-2795.5147,37.51,9-지형-POINT,39CCB,False
P01038,241378.7596,278112.158,37.53,-2032.196,-2798.6447,37.53,9-지형-POINT,39CCD,False
P01039,241377.6996,278109.838,37.59,-2033.256,-2800.9647,37.59,9-지형-POINT,39CCF,False
P01040,241379.4796,278107.378,37.54,-2031.476,-2803.4247,37.54,9-지형-POINT,39CD1,False
P01041,241428.4596,278117.068,41.95,-1982.496,-2793.7347,41.95,9-지형-POINT,39CD3,False
P01042,241375.0296,278102.188,37.06,-2035.926,-2808.6147,37.06,9-지형-POINT,39CD5,False
P01043,241373.5596,278104.338,36.97,-2037.396,-2806.4647,36.97,9-지형-POINT,39CD7,False
P01044,241428.2696,278125.528,41.8,-1982.686,-2785.2747,41.8,9-지형-POINT,39CD9,False
P01045,241418.7896,278123.078,41.9,-1992.166,-2787.7247,41.9,9-지형-POINT,39CDB,False
P01046,241409.1796,278119.038,41.59,-2001.776,-2791.7647,41.59,9-지형-POINT,39CDD,False
P01047,241401.3596,278115.658,41.04,-2009.596,-2795.1447,41.04,9-지형-POINT,39CDF,False
P01048,241393.1596,278111.198,40.7,-2017.796,-2799.6047,40.7,9-지형-POINT,39CE1,False
P01049,241382.1596,278103.348,40.06,-2028.796,-2807.4547,40.06,9-지형-POINT,39CE3,False
P01050,241375.5196,278096.278,39.63,-2035.436,-2814.5247,39.63,9-지형-POINT,39CE5,False
P01051,241371.4196,278089.068,38.94,-2039.536,-2821.7347,38.94,9-지형-POINT,39CE7,False
P01052,241369.5596,278097.768,35.93,-2041.396,-2813.0347,35.93,9-지형-POINT,39CE9,False
P01053,241408.6196,278101.168,41.3,-2002.336,-2809.6347,41.3,9-지형-POINT,39CEB,False
P01054,241376.6396,278108.718,37.54,-2034.316,-2802.0847,37.54,9-지형-POINT,39CED,False
P01055,241369.0396,278100.878,36.03,-2041.916,-2809.9247,36.03,9-지형-POINT,39CEF,False
P01056,241367.5396,278106.838,35.66,-2043.416,-2803.9647,35.66,9-지형-POINT,39CF1,False
P01057,241364.4696,278094.218,36.17,-2046.486,-2816.5847,36.17,9-지형-POINT,39CF3,False
P01058,241366.7896,278092.098,36.05,-2044.166,-2818.7047,36.05,9-지형-POINT,39CF5,False
P01059,241398.3796,278095.898,41.14,-2012.576,-2814.9047,41.14,9-지형-POINT,39CF7,False
P01060,241355.7396,278099.658,35.11,-2055.216,-2811.1447,35.11,9-지형-POINT,39CF9,False
P01061,241366.2196,278090.788,36.06,-2044.736,-2820.0147,36.06,9-지형-POINT,39CFB,False
P01062,241363.0896,278091.588,36.15,-2047.866,-2819.2147,36.15,9-지형-POINT,39CFD,False
P01063,241355.4196,278074.258,36.36,-2055.536,-2836.5447,36.36,9-지형-POINT,39CFF,False
P01064,241357.8396,278072.248,36.42,-2053.116,-2838.5547,36.42,9-지형-POINT,39D01,False
P01065,241349.1796,278057.358,36.75,-2061.776,-2853.4447,36.75,9-지형-POINT,39D03,False
P01066,241351.8096,278056.388,36.92,-2059.146,-2854.4147,36.92,9-지형-POINT,39D05,False
P01067,241347.7696,278048.558,37.06,-2063.186,-2862.2447,37.06,9-지형-POINT,39D07,False
P01068,241350.1296,278047.988,37.29,-2060.826,-2862.8147,37.29,9-지형-POINT,39D09,False
P01069,241383.4396,278082.038,40.96,-2027.516,-2828.7647,40.96,9-지형-POINT,39D0B,False
P01070,241347.8596,278036.488,39.4,-2063.096,-2874.3147,39.4,9-지형-POINT,39D0D,False
P01071,241350.4796,278036.668,39.53,-2060.476,-2874.1347,39.53,9-지형-POINT,39D0F,False
P01072,241378.0596,278069.218,40.74,-2032.896,-2841.5847,40.74,9-지형-POINT,39D11,False
P01073,241348.2696,278090.968,34.76,-2062.686,-2819.8347,34.76,9-지형-POINT,39D13,False
P01074,241332.7596,278075.328,33.65,-2078.196,-2835.4747,33.65,9-지형-POINT,39D15,False
P01075,241338.5096,278065.908,34.91,-2072.446,-2844.8947,34.91,9-지형-POINT,39D17,False
P01076,241373.4996,278059.128,40.65,-2037.456,-2851.6747,40.65,9-지형-POINT,39D19,False
P01077,241320.7196,278058.088,33.06,-2090.236,-2852.7147,33.06,9-지형-POINT,39D1B,False
P01078,241326.3796,278052.218,34.3,-2084.576,-2858.5847,34.3,9-지형-POINT,39D1D,False
P01079,241325.9696,278040.098,35.14,-2084.986,-2870.7047,35.14,9-지형-POINT,39D1F,False
P01080,241325.5596,278034.688,35.39,-2085.396,-2876.1147,35.39,9-지형-POINT,39D21,False
P01081,241320.4196,278022.248,34.96,-2090.536,-2888.5547,34.96,9-지형-POINT,39D23,False
P01082,241367.6196,278042.328,40.9,-2043.336,-2868.4747,40.9,9-지형-POINT,39D25,False
P01083,241333.6096,278021.438,36.42,-2077.346,-2889.3647,36.42,9-지형-POINT,39D27,False
P01084,241341.7196,278034.178,36.97,-2069.236,-2876.6247,36.97,9-지형-POINT,39D29,False
P01085,241337.8996,278037.068,36.71,-2073.056,-2873.7347,36.71,9-지형-POINT,39D2B,False
P01086,241347.5896,278050.388,36.88,-2063.366,-2860.4147,36.88,9-지형-POINT,39D2D,False
P01087,241346.3196,278058.298,36.51,-2064.636,-2852.5047,36.51,9-지형-POINT,39D2F,False
P01088,241366.0496,278031.478,41.05,-2044.906,-2879.3247,41.05,9-지형-POINT,39D31,False
P01089,241347.7096,278034.828,39.54,-2063.246,-2875.9747,39.54,9-지형-POINT,39D33,False
P01090,241340.4396,278025.378,38.88,-2070.516,-2885.4247,38.88,9-지형-POINT,39D35,False
P01091,241334.0366,278017.403,36.193,-2076.919,-2893.3997,36.193,9-지형-POINT,39D37,False
P01092,241333.7696,278008.748,38.39,-2077.186,-2902.0547,38.39,9-지형-POINT,39D39,False
P01093,241322.1996,278022.268,35.32,-2088.756,-2888.5347,35.32,9-지형-POINT,39D3B,False
P01094,241323.1596,278020.198,35.58,-2087.796,-2890.6047,35.58,9-지형-POINT,39D3D,False
P01095,241333.6696,277989.108,38.37,-2077.286,-2921.6947,38.37,9-지형-POINT,39D3F,False
P01096,241330.0096,278020.928,35.9,-2080.946,-2889.8747,35.9,9-지형-POINT,39D41,False
P01097,241325.2796,277983.098,37.68,-2085.676,-2927.7047,37.68,9-지형-POINT,39D43,False
P01098,241334.8896,277978.598,38.54,-2076.066,-2932.2047,38.54,9-지형-POINT,39D45,False
P01099,241335.7796,278019.808,37.28,-2075.176,-2890.9947,37.28,9-지형-POINT,39D47,False
P01100,241342.8196,277976.118,39.25,-2068.136,-2934.6847,39.25,9-지형-POINT,39D49,False
P01101,241348.7396,277993.268,39.53,-2062.216,-2917.5347,39.53,9-지형-POINT,39D4B,False
P01102,241351.6696,278007.688,39.96,-2059.286,-2903.1147,39.96,9-지형-POINT,39D4D,False
P01103,241344.3096,278005.058,39.28,-2066.646,-2905.7447,39.28,9-지형-POINT,39D4F,False
P01104,241346.7696,278015.608,39.66,-2064.186,-2895.1947,39.66,9-지형-POINT,39D51,False
P01105,241365.6196,278076.258,40.24,-2045.336,-2834.5447,40.24,9-지형-POINT,39D53,False
P01106,241325.4996,278015.308,36.11,-2085.456,-2895.4947,36.11,9-지형-POINT,39D55,False
P01107,241326.9596,278017.718,36.05,-2083.996,-2893.0847,36.05,9-지형-POINT,39D57,False
P01108,241328.9196,278015.848,36.1,-2082.036,-2894.9547,36.1,9-지형-POINT,39D59,False
P01109,241361.0096,278063.018,39.95,-2049.946,-2847.7847,39.95,9-지형-POINT,39D5B,False
P01110,241328.2296,278003.798,35.79,-2082.726,-2907.0047,35.79,9-지형-POINT,39D5D,False
P01111,241351.2396,278042.848,39.37,-2059.716,-2867.9547,39.37,9-지형-POINT,39D5F,False
P01112,241315.1196,278011.098,35.77,-2095.836,-2899.7047,35.77,9-지형-POINT,39D61,False
P01113,241300.7696,278022.968,32.96,-2110.186,-2887.8347,32.96,9-지형-POINT,39D63,False
P01114,241304.1096,278010.078,34.28,-2106.846,-2900.7247,34.28,9-지형-POINT,39D65,False
P01115,241312.2096,277999.558,35.54,-2098.746,-2911.2447,35.54,9-지형-POINT,39D67,False
P01116,241293.6696,278008.868,32.66,-2117.286,-2901.9347,32.66,9-지형-POINT,39D69,False
P01117,241319.2096,277982.988,35.78,-2091.746,-2927.8147,35.78,9-지형-POINT,39D6B,False
P01118,241604.8616,278136.722,54.911,-1806.094,-2774.0807,54.911,9-지형-POINT,39D6D,False
P01119,241622.7296,278141.678,56.0,-1788.226,-2769.1247,56.0,9-지형-POINT,39D6F,False
P01120,241625.6996,278136.758,55.73,-1785.256,-2774.0447,55.73,9-지형-POINT,39D71,False
P01121,241606.7896,278160.398,47.89,-1804.166,-2750.4047,47.89,9-지형-POINT,39D73,False
P01122,241629.9396,278133.188,54.32,-1781.016,-2777.6147,54.32,9-지형-POINT,39D75,False
P01123,241618.8996,278152.278,52.94,-1792.056,-2758.5247,52.94,9-지형-POINT,39D77,False
P01124,241617.1496,278138.448,56.35,-1793.806,-2772.3547,56.35,9-지형-POINT,39D79,False
P01125,241612.6796,278122.008,55.84,-1798.276,-2788.7947,55.84,9-지형-POINT,39D7B,False
P01126,241613.9596,278117.128,54.86,-1796.996,-2793.6747,54.86,9-지형-POINT,39D7D,False
P01127,241602.2096,278126.528,56.34,-1808.746,-2784.2747,56.34,9-지형-POINT,39D7F,False
P01128,241600.4496,278122.148,56.24,-1810.506,-2788.6547,56.24,9-지형-POINT,39D81,False
P01129,241590.4296,278129.088,54.73,-1820.526,-2781.7147,54.73,9-지형-POINT,39D83,False
P01130,241590.3196,278114.238,56.55,-1820.636,-2796.5647,56.55,9-지형-POINT,39D85,False
P01131,241579.8856,278110.144,56.897,-1831.07,-2800.6587,56.897,9-지형-POINT,39D87,False
P01132,241569.6796,278109.588,57.34,-1841.276,-2801.2147,57.34,9-지형-POINT,39D89,False
P01133,241561.7496,278103.398,57.79,-1849.206,-2807.4047,57.79,9-지형-POINT,39D8B,False
P01134,241569.8896,278097.858,56.88,-1841.066,-2812.9447,56.88,9-지형-POINT,39D8D,False
P01135,241592.0196,278103.878,54.95,-1818.936,-2806.9247,54.95,9-지형-POINT,39D8F,False
P01136,241580.3696,278093.268,54.36,-1830.586,-2817.5347,54.36,9-지형-POINT,39D91,False
P01137,241594.5396,278095.798,51.43,-1816.416,-2815.0047,51.43,9-지형-POINT,39D93,False
P01138,241571.4996,278089.228,54.59,-1839.456,-2821.5747,54.59,9-지형-POINT,39D95,False
P01139,241567.7196,278095.278,56.79,-1843.236,-2815.5247,56.79,9-지형-POINT,39D97,False
P01140,241563.6896,278073.778,53.01,-1847.266,-2837.0247,53.01,9-지형-POINT,39D99,False
P01141,241556.4396,278112.478,55.83,-1854.516,-2798.3247,55.83,9-지형-POINT,39D9B,False
P01142,241557.6716,278101.996,58.157,-1853.284,-2808.8067,58.157,9-지형-POINT,39D9D,False
P01143,241547.5396,278107.668,56.41,-1863.416,-2803.1347,56.41,9-지형-POINT,39D9F,False
P01144,241545.8796,278094.888,59.13,-1865.076,-2815.9147,59.13,9-지형-POINT,39DA1,False
P01145,241539.3296,278097.508,58.56,-1871.626,-2813.2947,58.56,9-지형-POINT,39DA3,False
P01146,241553.0096,278089.168,57.66,-1857.946,-2821.6347,57.66,9-지형-POINT,39DA5,False
P01147,241530.8896,278101.018,57.06,-1880.066,-2809.7847,57.06,9-지형-POINT,39DA7,False
P01148,241532.8196,278086.658,59.47,-1878.136,-2824.1447,59.47,9-지형-POINT,39DA9,False
P01149,241525.0596,278107.458,54.15,-1885.896,-2803.3447,54.15,9-지형-POINT,39DAB,False
P01150,241537.6996,278079.058,58.01,-1873.256,-2831.7447,58.01,9-지형-POINT,39DAD,False
P01151,241544.0196,278093.278,59.12,-1866.936,-2817.5247,59.12,9-지형-POINT,39DAF,False
P01152,241518.7526,278076.51,59.642,-1892.203,-2834.2927,59.642,9-지형-POINT,39DB1,False
P01153,241542.8496,278068.098,54.76,-1868.106,-2842.7047,54.76,9-지형-POINT,39DB3,False
P01154,241536.9196,278088.958,59.47,-1874.036,-2821.8447,59.47,9-지형-POINT,39DB5,False
P01155,241535.9596,278059.408,53.98,-1874.996,-2851.3947,53.98,9-지형-POINT,39DB7,False
P01156,241528.9496,278089.788,59.67,-1882.006,-2821.0147,59.67,9-지형-POINT,39DB9,False
P01157,241521.6396,278097.168,57.61,-1889.316,-2813.6347,57.61,9-지형-POINT,39DBB,False
P01158,241520.5496,278051.578,55.38,-1890.406,-2859.2247,55.38,9-지형-POINT,39DBD,False
P01159,241512.0396,278100.858,54.79,-1898.916,-2809.9447,54.79,9-지형-POINT,39DBF,False
P01160,241508.8196,278044.948,56.02,-1902.136,-2865.8547,56.02,9-지형-POINT,39DC1,False
P01161,241509.4496,278090.818,56.71,-1901.506,-2819.9847,56.71,9-지형-POINT,39DC3,False
P01162,241513.9996,278083.978,59.14,-1896.956,-2826.8247,59.14,9-지형-POINT,39DC5,False
P01163,241503.6196,278074.958,58.77,-1907.336,-2835.8447,58.77,9-지형-POINT,39DC7,False
P01164,241511.5196,278069.388,59.51,-1899.436,-2841.4147,59.51,9-지형-POINT,39DC9,False
P01165,241535.0806,278044.672,50.645,-1875.875,-2866.1307,50.645,9-지형-POINT,39DCB,False
P01166,241519.4696,278055.948,55.98,-1891.486,-2854.8547,55.98,9-지형-POINT,39DCD,False
P01167,241534.3196,278036.388,48.57,-1876.636,-2874.4147,48.57,9-지형-POINT,39DCF,False
P01168,241500.9996,278057.888,60.01,-1909.956,-2852.9147,60.01,9-지형-POINT,39DD1,False
P01169,241488.6596,278062.298,61.43,-1922.296,-2848.5047,61.43,9-지형-POINT,39DD3,False
P01170,241494.0096,278073.128,58.53,-1916.946,-2837.6747,58.53,9-지형-POINT,39DD5,False
P01171,241484.9796,278078.008,55.24,-1925.976,-2832.7947,55.24,9-지형-POINT,39DD7,False
P01172,241485.0896,278083.978,54.4,-1925.866,-2826.8247,54.4,9-지형-POINT,39DD9,False
P01173,241476.4396,278064.078,61.01,-1934.516,-2846.7247,61.01,9-지형-POINT,39DDB,False
P01174,241484.5596,278087.268,52.25,-1926.396,-2823.5347,52.25,9-지형-POINT,39DDD,False
P01175,241466.6496,278071.078,58.13,-1944.306,-2839.7247,58.13,9-지형-POINT,39DDF,False
P01176,241464.2796,278079.898,54.92,-1946.676,-2830.9047,54.92,9-지형-POINT,39DE1,False
P01177,241451.1096,278065.618,59.24,-1959.846,-2845.1847,59.24,9-지형-POINT,39DE3,False
P01178,241463.7096,278071.478,57.78,-1947.246,-2839.3247,57.78,9-지형-POINT,39DE5,False
P01179,241449.8496,278061.428,61.22,-1961.106,-2849.3747,61.22,9-지형-POINT,39DE7,False
P01180,241464.9296,278064.808,60.18,-1946.026,-2845.9947,60.18,9-지형-POINT,39DE9,False
P01181,241469.6196,278057.278,62.91,-1941.336,-2853.5247,62.91,9-지형-POINT,39DEB,False
P01182,241473.2296,278047.128,64.05,-1937.726,-2863.6747,64.05,9-지형-POINT,39DED,True
P01183,241471.7136,278046.098,64.185,-1939.242,-2864.7047,64.185,9-지형-POINT,39DEF,True
P01184,241457.6546,278044.359,68.217,-1953.301,-2866.4437,68.217,9-지형-POINT,39DF1,True
P01185,241462.2196,278046.378,66.92,-1948.736,-2864.4247,66.92,9-지형-POINT,39DF3,True
P01186,241460.4196,278053.228,65.19,-1950.536,-2857.5747,65.19,9-지형-POINT,39DF5,True
P01187,241457.9096,278057.878,62.96,-1953.046,-2852.9247,62.96,9-지형-POINT,39DF7,False
P01188,241457.0196,278061.638,61.23,-1953.936,-2849.1647,61.23,9-지형-POINT,39DF9,False
P01189,241477.2296,278036.838,61.01,-1933.726,-2873.9647,61.01,9-지형-POINT,39DFB,False
P01190,241489.9896,278037.578,58.58,-1920.966,-2873.2247,58.58,9-지형-POINT,39DFD,False
P01191,241477.7596,278029.818,58.8,-1933.196,-2880.9847,58.8,9-지형-POINT,39DFF,False
P01192,241498.4996,278031.778,55.92,-1912.456,-2879.0247,55.92,9-지형-POINT,39E01,False
P01193,241493.7696,278025.928,55.79,-1917.186,-2884.8747,55.79,9-지형-POINT,39E03,False
P01194,241461.9996,278035.368,65.84,-1948.956,-2875.4347,65.84,9-지형-POINT,39E05,True
P01195,241485.0676,278025.136,57.535,-1925.888,-2885.6667,57.535,9-지형-POINT,39E07,False
P01196,241507.2396,278020.888,50.91,-1903.716,-2889.9147,50.91,9-지형-POINT,39E09,False
P01197,241512.9096,278010.728,47.44,-1898.046,-2900.0747,47.44,9-지형-POINT,39E0B,False
P01198,241481.5996,278015.678,52.71,-1929.356,-2895.1247,52.71,9-지형-POINT,39E0D,False
P01199,241481.2896,278018.808,54.43,-1929.666,-2891.9947,54.43,9-지형-POINT,39E0F,False
P01200,241509.9496,277999.238,45.82,-1901.006,-2911.5647,45.82,9-지형-POINT,39E11,False
P01201,241479.2396,278008.038,51.16,-1931.716,-2902.7647,51.16,9-지형-POINT,39E13,False
P01202,241475.2296,277998.308,48.0,-1935.726,-2912.4947,48.0,9-지형-POINT,39E15,False
P01203,241502.7496,278008.568,48.83,-1908.206,-2902.2347,48.83,9-지형-POINT,39E17,False
P01204,241472.8896,277989.538,45.26,-1938.066,-2921.2647,45.26,9-지형-POINT,39E19,False
P01205,241496.1096,278010.388,50.42,-1914.846,-2900.4147,50.42,9-지형-POINT,39E1B,False
P01206,241470.3396,277982.708,42.5,-1940.616,-2928.0947,42.5,9-지형-POINT,39E1D,False
P01207,241496.9296,277999.468,46.77,-1914.026,-2911.3347,46.77,9-지형-POINT,39E1F,False
P01208,241484.8196,277993.808,46.03,-1926.136,-2916.9947,46.03,9-지형-POINT,39E21,False
P01209,241486.6196,277981.708,41.35,-1924.336,-2929.0947,41.35,9-지형-POINT,39E23,False
P01210,241475.1996,277993.388,46.21,-1935.756,-2917.4147,46.21,9-지형-POINT,39E25,False
P01211,241461.5896,277992.688,46.62,-1949.366,-2918.1147,46.62,9-지형-POINT,39E27,False
P01212,241493.2296,278004.398,48.05,-1917.726,-2906.4047,48.05,9-지형-POINT,39E29,False
P01213,241458.2596,278003.318,51.04,-1952.696,-2907.4847,51.04,9-지형-POINT,39E2B,False
P01214,241455.0596,278048.718,67.86,-1955.896,-2862.0847,67.86,9-지형-POINT,39E2D,True
P01215,241444.3296,278044.488,68.09,-1966.626,-2866.3147,68.09,9-지형-POINT,39E2F,True
P01216,241443.2096,278045.598,68.09,-1967.746,-2865.2047,68.09,9-지형-POINT,39E31,True
P01217,241452.6996,278035.378,68.19,-1958.256,-2875.4247,68.19,9-지형-POINT,39E33,True
P01218,241440.9096,278043.338,68.02,-1970.046,-2867.4647,68.02,9-지형-POINT,39E35,True
P01219,241442.9196,278041.268,68.13,-1968.036,-2869.5347,68.13,9-지형-POINT,39E37,True
P01220,241437.1196,278033.648,66.47,-1973.836,-2877.1547,66.47,9-지형-POINT,39E39,True
P01221,241441.8236,278045.838,67.939,-1969.132,-2864.9647,67.939,9-지형-POINT,39E3B,True
P01222,241430.5296,278024.228,64.59,-1980.426,-2886.5747,64.59,9-지형-POINT,39E3D,True
P01223,241452.5996,278044.188,66.79,-1958.356,-2866.6147,66.79,9-지형-POINT,39E3F,True
P01224,241418.4696,278012.968,61.56,-1992.486,-2897.8347,61.56,9-지형-POINT,39E41,False
P01225,241437.0096,278051.308,64.93,-1973.946,-2859.4947,64.93,9-지형-POINT,39E43,True
P01226,241413.7596,278021.608,60.61,-1997.196,-2889.1947,60.61,9-지형-POINT,39E45,False
P01227,241436.9596,278059.878,61.06,-1973.996,-2850.9247,61.06,9-지형-POINT,39E47,False
P01228,241410.6196,278036.498,59.45,-2000.336,-2874.3047,59.45,9-지형-POINT,39E49,False
P01229,241425.8696,278055.698,60.78,-1985.086,-2855.1047,60.78,9-지형-POINT,39E4B,False
P01230,241412.4396,278053.628,57.27,-1998.516,-2857.1747,57.27,9-지형-POINT,39E4D,False
P01231,241420.5396,278058.778,58.77,-1990.416,-2852.0247,58.77,9-지형-POINT,39E4F,False
P01232,241419.0396,278047.398,60.84,-1991.916,-2863.4047,60.84,9-지형-POINT,39E51,False
P01233,241422.8996,278067.068,56.19,-1988.056,-2843.7347,56.19,9-지형-POINT,39E53,False
P01234,241419.0396,278034.228,62.29,-1991.916,-2876.5747,62.29,9-지형-POINT,39E55,False
P01235,241417.7796,278072.768,52.55,-1993.176,-2838.0347,52.55,9-지형-POINT,39E57,False
P01236,241428.8996,278029.198,64.75,-1982.056,-2881.6047,64.75,9-지형-POINT,39E59,True
P01237,241427.5896,278079.128,51.96,-1983.366,-2831.6747,51.96,9-지형-POINT,39E5B,False
P01238,241412.2796,278079.788,48.34,-1998.676,-2831.0147,48.34,9-지형-POINT,39E5D,False
P01239,241409.3996,278066.078,52.74,-2001.556,-2844.7247,52.74,9-지형-POINT,39E5F,False
P01240,241402.9396,278052.578,53.97,-2008.016,-2858.2247,53.97,9-지형-POINT,39E61,False
P01241,241400.9396,278060.418,51.44,-2010.016,-2850.3847,51.44,9-지형-POINT,39E63,False
P01242,241396.1096,278051.088,51.38,-2014.846,-2859.7147,51.38,9-지형-POINT,39E65,False
P01243,241389.6296,278055.138,47.84,-2021.326,-2855.6647,47.84,9-지형-POINT,39E67,False
P01244,241410.0746,278028.664,59.625,-2000.881,-2882.1387,59.625,9-지형-POINT,39E69,False
P01245,241384.9496,278048.058,47.04,-2026.006,-2862.7447,47.04,9-지형-POINT,39E6B,False
P01246,241427.3296,278029.018,64.4,-1983.626,-2881.7847,64.4,9-지형-POINT,39E6D,True
P01247,241385.6396,278031.288,48.87,-2025.316,-2879.5147,48.87,9-지형-POINT,39E6F,False
P01248,241424.7896,278016.518,62.77,-1986.166,-2894.2847,62.77,9-지형-POINT,39E71,False
P01249,241374.9096,278025.658,46.55,-2036.046,-2885.1447,46.55,9-지형-POINT,39E73,False
P01250,241424.1996,278003.478,61.0,-1986.756,-2907.3247,61.0,9-지형-POINT,39E75,False
P01251,241376.3596,278006.428,46.84,-2034.596,-2904.3747,46.84,9-지형-POINT,39E77,False
P01252,241410.2896,277995.868,57.54,-2000.666,-2914.9347,57.54,9-지형-POINT,39E79,False
P01253,241402.4896,277985.798,54.58,-2008.466,-2925.0047,54.58,9-지형-POINT,39E7B,False
P01254,241393.9396,278025.958,53.1,-2017.016,-2884.8447,53.1,9-지형-POINT,39E7D,False
P01255,241397.5596,277994.908,54.44,-2013.396,-2915.8947,54.44,9-지형-POINT,39E7F,False
P01256,241396.6496,278006.058,54.67,-2014.306,-2904.7447,54.67,9-지형-POINT,39E81,False
P01257,241389.5596,277998.908,51.24,-2021.396,-2911.8947,51.24,9-지형-POINT,39E83,False
P01258,241405.9096,278017.208,58.15,-2005.046,-2893.5947,58.15,9-지형-POINT,39E85,False
P01259,241388.8196,278006.808,51.01,-2022.136,-2903.9947,51.01,9-지형-POINT,39E87,False
P01260,241377.9196,277992.028,46.76,-2033.036,-2918.7747,46.76,9-지형-POINT,39E89,False
P01261,241404.7096,278003.768,56.66,-2006.246,-2907.0347,56.66,9-지형-POINT,39E8B,False
P01262,241381.1896,277979.948,47.08,-2029.766,-2930.8547,47.08,9-지형-POINT,39E8D,False
P01263,241393.0896,278000.968,52.67,-2017.866,-2909.8347,52.67,9-지형-POINT,39E8F,False
P01264,241392.1296,278016.238,52.19,-2018.826,-2894.5647,52.19,9-지형-POINT,39E91,False
P01265,241231.8572,277832.9205,24.9236,-2179.0984,-3077.8822,24.9236,9-지형-POINT,39F46,False
P01266,241231.8522,277832.9354,24.9151,-2179.1034,-3077.8673,24.9151,9-지형-POINT,39F47,False
P01267,241231.8598,277832.9083,24.9301,-2179.0958,-3077.8944,24.9301,9-지형-POINT,39F48,False
P01268,241231.8594,277832.9117,24.9296,-2179.0962,-3077.891,24.9296,9-지형-POINT,39F49,False
P01269,241678.0522,278218.6984,28.4644,-1732.9034,-2692.1043,28.4644,9-지형-POINT,39F4A,False
P01270,241676.2777,278222.2233,27.9376,-1734.6779,-2688.5794,27.9376,9-지형-POINT,39F4B,False
P01271,241691.5644,278255.831,27.423,-1719.3912,-2654.9717,27.423,9-지형-POINT,39F4C,False
P01272,241631.508,278217.0412,34.0696,-1779.4476,-2693.7615,34.0696,9-지형-POINT,39F4D,False
P01273,241680.4499,278140.0493,33.684,-1730.5057,-2770.7534,33.684,9-지형-POINT,39F4E,False
P01274,241653.5294,278086.0352,36.7093,-1757.4262,-2824.7675,36.7093,9-지형-POINT,39F4F,False
P01275,241623.765,278073.6911,37.3446,-1787.1906,-2837.1116,37.3446,9-지형-POINT,39F50,False
P01276,241581.9759,278024.471,34.5422,-1828.9797,-2886.3317,34.5422,9-지형-POINT,39F51,False
P01277,241543.0513,277966.6298,28.6449,-1867.9043,-2944.1729,28.6449,9-지형-POINT,39F52,False
P01278,241512.7198,277944.3123,26.0776,-1898.2358,-2966.4904,26.0776,9-지형-POINT,39F53,False
P01279,241463.487,277914.5173,24.6889,-1947.4686,-2996.2854,24.6889,9-지형-POINT,39F54,False
P01280,241380.0784,277943.4771,32.8655,-2030.8772,-2967.3256,32.8655,9-지형-POINT,39F55,False
P01281,241299.9595,277978.8466,29.7977,-2110.9961,-2931.9561,29.7977,9-지형-POINT,39F56,False
P01282,241243.7951,277986.6966,25.0593,-2167.1605,-2924.1061,25.0593,9-지형-POINT,39F57,False
P01283,241231.3711,277995.8029,24.8961,-2179.5845,-2914.9998,24.8961,9-지형-POINT,39F58,False
P01284,241200.6252,277989.7768,16.3602,-2210.3304,-2921.0259,16.3602,9-지형-POINT,39F59,False
P01285,241251.5121,278040.7907,16.9159,-2159.4435,-2870.012,16.9159,9-지형-POINT,39F5A,False
P01286,241274.286,278085.2023,17.6592,-2136.6696,-2825.6004,17.6592,9-지형-POINT,39F5B,False
P01287,241296.3737,278139.4896,18.3142,-2114.5819,-2771.3131,18.3142,9-지형-POINT,39F5C,False
P01288,241328.4042,278176.491,27.8496,-2082.5514,-2734.3117,27.8496,9-지형-POINT,39F5D,False
P01289,241343.8646,278181.6296,27.2721,-2067.091,-2729.1731,27.2721,9-지형-POINT,39F5E,False
P01290,241343.8776,278181.6308,27.274,-2067.078,-2729.1719,27.274,9-지형-POINT,39F5F,False
P01291,241343.8278,278181.6317,27.2796,-2067.1278,-2729.171,27.2796,9-지형-POINT,39F60,False
P01292,241606.412,278191.5899,37.9233,-1804.5436,-2719.2128,37.9233,9-지형-POINT,39F61,False
P01293,241545.1015,278152.5308,41.7376,-1865.8541,-2758.2719,41.7376,9-지형-POINT,39F62,False
P01294,241490.2076,278131.7786,39.5476,-1920.748,-2779.0241,39.5476,9-지형-POINT,39F63,False
P01295,241393.3158,278134.5839,36.8262,-2017.6398,-2776.2188,36.8262,9-지형-POINT,39F64,False
P01296,241351.0352,278081.284,35.8044,-2059.9204,-2829.5187,35.8044,9-지형-POINT,39F65,False
P01297,241343.2272,278021.6242,39.5435,-2067.7284,-2889.1785,39.5435,9-지형-POINT,39F66,False
P01298,241607.2404,278187.8507,39.8725,-1803.7152,-2722.952,39.8725,9-지형-POINT,39F67,False
P01299,241619.7757,278197.0766,39.2553,-1791.1799,-2713.7261,39.2553,9-지형-POINT,39F69,False
P01300,241625.3149,278203.3929,38.9073,-1785.6407,-2707.4098,38.9073,9-지형-POINT,39F6B,False
P01301,241631.976,278207.5828,38.3093,-1778.9796,-2703.2199,38.3093,9-지형-POINT,39F6D,False
P01302,241638.199,278197.6777,41.7029,-1772.7566,-2713.125,41.7029,9-지형-POINT,39F6F,False
P01303,241631.613,278188.0696,44.4499,-1779.3426,-2722.7331,44.4499,9-지형-POINT,39F71,False
P01304,241642.7826,278178.5338,48.8978,-1768.173,-2732.2689,48.8978,9-지형-POINT,39F73,False
P01305,241642.3029,278172.8949,50.6415,-1768.6527,-2737.9078,50.6415,9-지형-POINT,39F75,False
P01306,241634.9218,278169.2358,50.82,-1776.0338,-2741.5669,50.82,9-지형-POINT,39F77,False
P01307,241629.6143,278172.5299,48.9571,-1781.3413,-2738.2728,48.9571,9-지형-POINT,39F79,False
P01308,241621.6557,278174.7793,46.2866,-1789.2999,-2736.0234,46.2866,9-지형-POINT,39F7B,False
P01309,241614.3723,278178.4769,43.6498,-1796.5833,-2732.3258,43.6498,9-지형-POINT,39F7D,False
P01310,241589.1642,278159.3387,44.9889,-1821.7914,-2751.464,44.9889,9-지형-POINT,39F7F,False
P01311,241596.2155,278180.1359,40.7615,-1814.7401,-2730.6668,40.7615,9-지형-POINT,39F81,False
P01312,241583.5647,278169.6744,41.2236,-1827.3909,-2741.1283,41.2236,9-지형-POINT,39F83,False
P01313,241570.0029,278155.6805,42.7806,-1840.9527,-2755.1222,42.7806,9-지형-POINT,39F85,False
P01314,241573.113,278152.4998,43.8114,-1837.8426,-2758.3029,43.8114,9-지형-POINT,39F87,False
P01315,241584.8356,278195.7521,34.6823,-1826.12,-2715.0506,34.6823,9-지형-POINT,39F89,False
P01316,241580.8759,278204.0651,33.7358,-1830.0797,-2706.7376,33.7358,9-지형-POINT,39F8B,False
P01317,241561.505,278195.5994,33.0621,-1849.4506,-2715.2033,33.0621,9-지형-POINT,39F8D,False
P01318,241558.8286,278188.7111,33.6888,-1852.127,-2722.0916,33.6888,9-지형-POINT,39F8F,False
P01319,241566.0724,278184.01,34.4301,-1844.8832,-2726.7927,34.4301,9-지형-POINT,39F91,False
P01320,241573.5272,278190.792,34.5343,-1837.4284,-2720.0107,34.5343,9-지형-POINT,39F93,False
P01321,241562.3466,278179.349,35.5804,-1848.609,-2731.4537,35.5804,9-지형-POINT,39F95,False
P01322,241557.7175,278183.6414,35.5314,-1853.2381,-2727.1613,35.5314,9-지형-POINT,39F97,False
P01323,241541.4055,278176.5539,35.957,-1869.5501,-2734.2488,35.957,9-지형-POINT,39F99,False
P01324,241545.0263,278167.0235,36.538,-1865.9293,-2743.7792,36.538,9-지형-POINT,39F9B,False
P01325,241520.7964,278164.3364,36.5878,-1890.1592,-2746.4663,36.5878,9-지형-POINT,39F9D,False
P01326,241510.5426,278156.2558,36.6607,-1900.413,-2754.5469,36.6607,9-지형-POINT,39F9F,False
P01327,241511.2805,278151.2829,36.9821,-1899.6751,-2759.5198,36.9821,9-지형-POINT,39FA1,False
P01328,241520.1025,278153.3077,37.1102,-1890.8531,-2757.495,37.1102,9-지형-POINT,39FA3,False
P01329,241502.6931,278152.2959,34.8495,-1908.2625,-2758.5068,34.8495,9-지형-POINT,39FA5,False
P01330,241491.1789,278144.4581,35.5672,-1919.7767,-2766.3446,35.5672,9-지형-POINT,39FA7,False
P01331,241475.9742,278138.655,35.3673,-1934.9814,-2772.1477,35.3673,9-지형-POINT,39FA9,False
P01332,241451.3194,278144.0512,32.3685,-1959.6362,-2766.7515,32.3685,9-지형-POINT,39FAB,False
P01333,241451.2484,278152.2029,30.7743,-1959.7072,-2758.5998,30.7743,9-지형-POINT,39FAD,False
P01334,241472.0255,278152.0541,32.7522,-1938.9301,-2758.7486,32.7522,9-지형-POINT,39FAF,False
P01335,241468.8089,278163.038,30.2884,-1942.1467,-2747.7647,30.2884,9-지형-POINT,39FB1,False
P01336,241489.9299,278162.4905,32.8922,-1921.0257,-2748.3122,32.8922,9-지형-POINT,39FB3,False
P01337,241490.6685,278174.1271,31.3392,-1920.2871,-2736.6756,31.3392,9-지형-POINT,39FB5,False
P01338,241505.5992,278177.2321,31.7861,-1905.3564,-2733.5706,31.7861,9-지형-POINT,39FB7,False
P01339,241524.1865,278185.3862,32.3511,-1886.7691,-2725.4165,32.3511,9-지형-POINT,39FB9,False
P01340,241552.118,278194.8235,32.2257,-1858.8376,-2715.9792,32.2257,9-지형-POINT,39FBB,False
P01341,241551.8331,278188.2973,32.7813,-1859.1225,-2722.5054,32.7813,9-지형-POINT,39FBD,False
P01342,241526.3827,278175.775,33.5534,-1884.5729,-2735.0277,33.5534,9-지형-POINT,39FBF,False
P01343,241511.0593,278167.7031,33.5034,-1899.8963,-2743.0996,33.5034,9-지형-POINT,39FC1,False
P01344,241552.996,278200.9463,30.7752,-1857.9596,-2709.8564,30.7752,9-지형-POINT,39FC3,False
P01345,241551.3443,278206.2622,29.9089,-1859.6113,-2704.5405,29.9089,9-지형-POINT,39FC5,False
P01346,241529.4103,278200.0928,29.8678,-1881.5453,-2710.7099,29.8678,9-지형-POINT,39FC7,False
P01347,241528.0356,278191.8061,31.1806,-1882.92,-2718.9966,31.1806,9-지형-POINT,39FC9,False
P01348,241507.5652,278192.1867,29.4645,-1903.3904,-2718.616,29.4645,9-지형-POINT,39FCB,False
P01349,241510.0027,278186.1059,30.5371,-1900.9529,-2724.6968,30.5371,9-지형-POINT,39FCD,False
P01350,241542.3802,278215.9802,27.4114,-1868.5754,-2694.8225,27.4114,9-지형-POINT,39FCF,False
P01351,241558.9828,278210.2242,29.7453,-1851.9728,-2700.5785,29.7453,9-지형-POINT,39FD1,False
P01352,241294.7712,278192.4585,0.7957,-2116.1844,-2718.3442,0.7957,9-지형-POINT,39FD3,False
P01353,241285.549,278180.4805,0.9857,-2125.4066,-2730.3222,0.9857,9-지형-POINT,39FD5,False
P01354,241275.4138,278186.8582,0.1635,-2135.5418,-2723.9445,0.1635,9-지형-POINT,39FD7,False
P01355,241277.587,278166.5932,0.0895,-2133.3686,-2744.2095,0.0895,9-지형-POINT,39FD9,False
P01356,241271.3951,278151.9727,0.0029,-2139.5605,-2758.83,0.0029,9-지형-POINT,39FDB,False
P01357,241264.707,278138.9742,-0.0196,-2146.2486,-2771.8285,-0.0196,9-지형-POINT,39FDD,False
P01358,241258.3349,278122.1491,0.0801,-2152.6207,-2788.6536,0.0801,9-지형-POINT,39FDF,False
P01359,241247.4713,278103.2058,0.0547,-2163.4843,-2807.5969,0.0547,9-지형-POINT,39FE1,False
P01360,241275.1937,278157.1624,-0.0328,-2135.7619,-2753.6403,-0.0328,9-지형-POINT,39FE3,False
P01361,241289.9836,278188.1444,0.3767,-2120.972,-2722.6583,0.3767,9-지형-POINT,39FE5,False
P01362,241300.051,278191.7955,1.5695,-2110.9046,-2719.0072,1.5695,9-지형-POINT,39FE7,False
P01363,241295.5029,278198.5336,0.0327,-2115.4527,-2712.2691,0.0327,9-지형-POINT,39FE9,False
P01364,241310.3088,278213.1136,-0.0804,-2100.6468,-2697.6891,-0.0804,9-지형-POINT,39FEB,False
P01365,241315.2488,278207.6192,1.6978,-2095.7068,-2703.1835,1.6978,9-지형-POINT,39FED,False
P01366,241331.5487,278216.2745,1.7224,-2079.4069,-2694.5282,1.7224,9-지형-POINT,39FEF,False
P01367,241334.2548,278224.7887,0.0594,-2076.7008,-2686.014,0.0594,9-지형-POINT,39FF1,False
P01368,241350.4191,278220.9275,1.5997,-2060.5365,-2689.8752,1.5997,9-지형-POINT,39FF3,False
P01369,241358.3356,278230.3872,0.0576,-2052.62,-2680.4155,0.0576,9-지형-POINT,39FF5,False
P01370,241377.5986,278228.5456,0.6264,-2033.357,-2682.2571,0.6264,9-지형-POINT,39FF7,False
P01371,241379.1695,278235.2715,-0.0232,-2031.7861,-2675.5312,-0.0232,9-지형-POINT,39FF9,False
P01372,241387.3419,278232.2643,2.0968,-2023.6137,-2678.5384,2.0968,9-지형-POINT,39FFB,False
P01373,241393.5686,278235.8867,0.0044,-2017.387,-2674.916,0.0044,9-지형-POINT,39FFD,False
P01374,241398.8481,278230.6,1.2085,-2012.1075,-2680.2027,1.2085,9-지형-POINT,39FFF,False
P01375,241407.1271,278231.9006,1.0166,-2003.8285,-2678.9021,1.0166,9-지형-POINT,3A001,False
P01376,241410.16,278238.6356,-0.0463,-2000.7956,-2672.1671,-0.0463,9-지형-POINT,3A003,False
P01377,241420.961,278237.9385,0.5676,-1989.9946,-2672.8642,0.5676,9-지형-POINT,3A005,False
P01378,241429.8427,278246.4872,0.0595,-1981.1129,-2664.3155,0.0595,9-지형-POINT,3A007,False
P01379,241437.4513,278240.1367,1.0304,-1973.5043,-2670.666,1.0304,9-지형-POINT,3A009,False
P01380,241455.5708,278249.1464,0.3005,-1955.3848,-2661.6563,0.3005,9-지형-POINT,3A00B,False
P01381,241452.4763,278254.2522,-0.1276,-1958.4793,-2656.5505,-0.1276,9-지형-POINT,3A00D,False
P01382,241468.8866,278250.524,0.3188,-1942.069,-2660.2787,0.3188,9-지형-POINT,3A00F,False
P01383,241476.6453,278246.8538,1.1327,-1934.3103,-2663.9489,1.1327,9-지형-POINT,3A011,False
P01384,241493.6994,278248.8956,1.0933,-1917.2562,-2661.9071,1.0933,9-지형-POINT,3A013,False
P01385,241492.4119,278253.4224,-0.0159,-1918.5437,-2657.3803,-0.0159,9-지형-POINT,3A015,False
P01386,241504.4798,278254.6602,0.7485,-1906.4758,-2656.1425,0.7485,9-지형-POINT,3A017,False
P01387,241517.9846,278262.698,0.5948,-1892.971,-2648.1047,0.5948,9-지형-POINT,3A019,False
P01388,241517.2557,278268.4428,-0.2095,-1893.6999,-2642.3599,-0.2095,9-지형-POINT,3A01B,False
P01389,241350.3301,278212.8155,5.9143,-2060.6255,-2697.9872,5.9143,9-지형-POINT,3A01D,False
P01390,241356.3731,278205.4033,10.7956,-2054.5825,-2705.3994,10.7956,9-지형-POINT,3A01F,False
P01391,241357.1773,278198.6445,13.47,-2053.7783,-2712.1582,13.47,9-지형-POINT,3A021,False
P01392,241362.1058,278201.3564,16.1413,-2048.8498,-2709.4463,16.1413,9-지형-POINT,3A023,False
P01393,241368.2799,278196.1652,19.1218,-2042.6757,-2714.6375,19.1218,9-지형-POINT,3A025,False
P01394,241391.3386,278204.1904,17.5871,-2019.617,-2706.6123,17.5871,9-지형-POINT,3A027,False
P01395,241405.4944,278204.0773,16.6544,-2005.4612,-2706.7254,16.6544,9-지형-POINT,3A029,False
P01396,241415.1385,278205.8386,18.8782,-1995.8171,-2704.9641,18.8782,9-지형-POINT,3A02B,False
P01397,241431.2965,278210.2203,17.8862,-1979.6591,-2700.5824,17.8862,9-지형-POINT,3A02D,False
P01398,241443.3841,278201.893,18.8379,-1967.5715,-2708.9097,18.8379,9-지형-POINT,3A02F,False
P01399,241454.7622,278198.0468,21.1373,-1956.1934,-2712.7559,21.1373,9-지형-POINT,3A031,False
P01400,241462.5219,278207.2295,21.7007,-1948.4337,-2703.5732,21.7007,9-지형-POINT,3A033,False
P01401,241481.209,278211.3138,22.1302,-1929.7466,-2699.4889,22.1302,9-지형-POINT,3A035,False
P01402,241519.9364,278224.9545,23.2797,-1891.0192,-2685.8482,23.2797,9-지형-POINT,3A037,False
P01403,241535.3056,278222.2123,22.5824,-1875.65,-2688.5904,22.5824,9-지형-POINT,3A039,False
P01404,241547.3223,278226.9485,26.0593,-1863.6333,-2683.8542,26.0593,9-지형-POINT,3A03B,False
P01405,241617.7023,278317.5812,2.8759,-1793.2533,-2593.2215,2.8759,9-지형-POINT,3A03D,False
P01406,241616.8544,278317.5966,2.7918,-1794.1012,-2593.2061,2.7918,9-지형-POINT,3A03F,False
P01407,241616.1753,278312.9729,3.044,-1794.7803,-2597.8298,3.044,9-지형-POINT,3A041,False
P01408,241615.4077,278311.2169,3.0007,-1795.5479,-2599.5858,3.0007,9-지형-POINT,3A043,False
P01409,241611.3624,278305.0254,2.936,-1799.5932,-2605.7773,2.936,9-지형-POINT,3A045,False
P01410,241627.8524,278296.7796,15.2081,-1783.1032,-2614.0231,15.2081,9-지형-POINT,3A047,False
P01411,241397.6673,277968.9571,49.32,-2013.2883,-2941.8456,49.32,9-지형-POINT,4840B,False
P01412,241414.9641,277972.1901,50.66,-1995.9915,-2938.6126,50.66,9-지형-POINT,4840D,False
P01413,241421.3085,277980.5351,52.71,-1989.6471,-2930.2677,52.71,9-지형-POINT,4840F,False
P01414,241424.6364,277965.7319,47.01,-1986.3192,-2945.0708,47.01,9-지형-POINT,48411,False
P01415,241437.8614,277963.8832,43.16,-1973.0942,-2946.9195,43.16,9-지형-POINT,48413,False
P01416,241451.5839,277973.6044,42.52,-1959.3717,-2937.1984,42.52,9-지형-POINT,48415,False
P01417,241446.8606,277984.8062,47.69,-1964.0949,-2925.9965,47.69,9-지형-POINT,48417,False
P01418,241436.6832,277978.8817,48.33,-1974.2724,-2931.921,48.33,9-지형-POINT,48419,False
P01419,241446.5845,278006.8329,58.24,-1964.3711,-2903.9698,58.24,9-지형-POINT,4841B,False
P01420,241458.171,278025.33,62.9,-1952.7846,-2885.4727,62.9,9-지형-POINT,4841D,False
P01421,241501.7479,277987.5909,42.37,-1909.2077,-2923.2119,42.37,9-지형-POINT,4841F,False
P01422,241498.6007,277973.2121,37.85,-1912.3549,-2937.5906,37.85,9-지형-POINT,48421,False
P01423,241527.0148,277982.0067,37.28,-1883.9408,-2928.796,37.28,9-지형-POINT,48423,False
P01424,241527.4904,277968.2205,0.0,-1883.4652,-2942.5822,0.0,9-지형-POINT,48425,False
P01425,241530.955,278002.5976,41.73,-1880.0006,-2908.2052,41.73,9-지형-POINT,48427,False
P01426,241532.5061,278024.0164,46.02,-1878.4495,-2886.7863,46.02,9-지형-POINT,48429,False
P01427,241551.0525,278027.5818,42.88,-1859.9031,-2883.2209,42.88,9-지형-POINT,4842B,False
P01428,241568.0742,278039.1335,42.31,-1842.8814,-2871.6693,42.31,9-지형-POINT,4842D,False
P01429,241563.9131,278049.8296,46.59,-1847.0424,-2860.9731,46.59,9-지형-POINT,4842F,False
P01430,241573.3053,278063.9723,47.88,-1837.6503,-2846.8304,47.88,9-지형-POINT,48431,False
P01431,241591.8705,278064.1129,43.26,-1819.0851,-2846.6898,43.26,9-지형-POINT,48433,False
P01432,241611.1818,278105.3129,51.72,-1799.7738,-2805.4898,51.72,9-지형-POINT,48435,False
P01433,241364.2296,277978.5384,42.72,-2046.7259,-2932.2643,42.72,9-지형-POINT,48437,False
P01434,241365.0765,277999.5821,42.94,-2045.8791,-2911.2207,42.94,9-지형-POINT,48439,False
P01435,241358.7854,278011.0714,41.69,-2052.1702,-2899.7313,41.69,9-지형-POINT,4843B,False
P01436,241278.5869,278056.4316,22.21,-2132.3687,-2854.3711,22.21,9-지형-POINT,4843D,False
P01437,241287.9809,278041.2355,26.93,-2122.9746,-2869.5672,26.93,9-지형-POINT,4843F,False
P01438,241310.8683,278047.0408,32.09,-2100.0873,-2863.762,32.09,9-지형-POINT,48441,False
P01439,241326.5882,278084.1343,31.42,-2084.3674,-2826.6684,31.42,9-지형-POINT,48443,False
P01440,241334.9758,278115.75,29.08,-2075.9798,-2795.0527,29.08,9-지형-POINT,48445,False
P01441,241355.6427,278123.0919,31.63,-2055.3129,-2787.7108,31.63,9-지형-POINT,48447,False
P01442,241355.6427,278142.3858,29.28,-2055.3129,-2768.4169,29.28,9-지형-POINT,48449,False
P01443,241782.3046,278421.9377,24.36,-1628.6509,-2488.865,24.36,9-지형-POINT,6A602,False
P01444,241780.6646,278423.5777,24.13,-1630.2909,-2487.225,24.13,9-지형-POINT,6A604,False
P01445,241778.8646,278423.8077,23.94,-1632.0909,-2486.995,23.94,9-지형-POINT,6A606,False
P01446,241761.1446,278421.3977,24.34,-1649.8109,-2489.405,24.34,9-지형-POINT,6A608,False
P01447,241735.7246,278421.7677,22.84,-1675.2309,-2489.035,22.84,9-지형-POINT,6A60A,False
P01448,241737.5046,278412.4777,24.76,-1673.4509,-2498.325,24.76,9-지형-POINT,6A60C,False
P01449,241712.4946,278417.1677,19.32,-1698.4609,-2493.635,19.32,9-지형-POINT,6A60E,False
P01450,241705.4346,278379.1377,27.44,-1705.5209,-2531.665,27.44,9-지형-POINT,6A610,False
P01451,241699.9446,278388.5777,22.73,-1711.0109,-2522.225,22.73,9-지형-POINT,6A612,False
P01452,241737.3946,278383.0277,30.85,-1673.5609,-2527.775,30.85,9-지형-POINT,6A614,False
P01453,241707.0446,278394.2477,23.64,-1703.9109,-2516.555,23.64,9-지형-POINT,6A616,False
P01454,241756.7846,278392.2477,31.39,-1654.1709,-2518.555,31.39,9-지형-POINT,6A618,False
P01455,241709.3046,278390.3177,26.11,-1701.6509,-2520.485,26.11,9-지형-POINT,6A61A,False
P01456,241771.4546,278396.5777,31.28,-1639.5009,-2514.225,31.28,9-지형-POINT,6A61C,False
P01457,241776.0146,278389.0077,32.11,-1634.9409,-2521.795,32.11,9-지형-POINT,6A61E,False
P01458,241715.4546,278385.5677,26.88,-1695.5009,-2525.235,26.88,9-지형-POINT,6A620,False
P01459,241784.1746,278400.4777,30.54,-1626.7809,-2510.325,30.54,9-지형-POINT,6A622,False
P01460,241786.5146,278393.8077,30.93,-1624.4409,-2516.995,30.93,9-지형-POINT,6A624,False
P01461,241725.8246,278395.4777,27.36,-1685.1309,-2515.325,27.36,9-지형-POINT,6A626,False
P01462,241696.7246,278416.6377,16.47,-1714.2309,-2494.165,16.47,9-지형-POINT,6A628,False
P01463,241734.3646,278405.4177,25.99,-1676.5909,-2505.385,25.99,9-지형-POINT,6A62A,False
P01464,241745.1546,278409.9477,25.85,-1665.8009,-2500.855,25.85,9-지형-POINT,6A62C,False
P01465,241710.4346,278422.5277,17.69,-1700.5209,-2488.275,17.69,9-지형-POINT,6A62E,False
P01466,241773.0946,278392.9277,31.61,-1637.8609,-2517.875,31.61,9-지형-POINT,6A630,False
P01467,241758.6946,278414.8077,25.55,-1652.2609,-2495.995,25.55,9-지형-POINT,6A632,False
P01468,241726.3846,278419.4877,21.04,-1684.5709,-2491.315,21.04,9-지형-POINT,6A634,False
P01469,241771.6046,278423.7077,24.65,-1639.3509,-2487.095,24.65,9-지형-POINT,6A636,False
P01470,241772.9946,278412.9377,27.34,-1637.9609,-2497.865,27.34,9-지형-POINT,6A638,False
P01471,241771.9846,278405.8477,27.99,-1638.9709,-2504.955,27.99,9-지형-POINT,6A63A,False
P01472,241775.0246,278399.1777,30.89,-1635.9309,-2511.625,30.89,9-지형-POINT,6A63C,False
P01473,241775.0746,278399.1977,30.87,-1635.8809,-2511.605,30.87,9-지형-POINT,6A63E,False
P01474,241773.7046,278388.4077,32.19,-1637.2509,-2522.395,32.19,9-지형-POINT,6A640,False
P01475,241753.1946,278385.7977,31.89,-1657.7609,-2525.005,31.89,9-지형-POINT,6A642,False
P01476,241749.2946,278389.7977,31.15,-1661.6609,-2521.005,31.15,9-지형-POINT,6A644,False
P01477,241748.4246,278392.2477,29.37,-1662.5309,-2518.555,29.37,9-지형-POINT,6A646,False
P01478,241713.6846,278378.1677,28.38,-1697.2709,-2532.635,28.38,9-지형-POINT,6A648,False
P01479,241789.9646,278383.3177,34.04,-1620.9909,-2527.485,34.04,9-지형-POINT,6A64C,False
P01480,241785.0946,278384.4277,33.99,-1625.8609,-2526.375,33.99,9-지형-POINT,6A64D,False
P01481,241790.0446,278386.6977,33.84,-1620.9109,-2524.105,33.84,9-지형-POINT,6A64F,False
P01482,241704.5352,278379.6199,27.4114,-1706.4203,-2531.1828,27.4114,9-지형-POINT,6A651,False
P01483,241697.4606,278385.852,22.5824,-1713.4949,-2524.9507,22.5824,9-지형-POINT,6A653,False
P01484,241709.4773,278390.5882,26.0593,-1701.4782,-2520.2145,26.0593,9-지형-POINT,6A655,False
